timestamp,proc_cpu_pct,proc_mem_mb,sys_cpu_pct,sys_mem_pct
2025-10-04T01:01:58,0.0,116.36328125,5.3,3.3
2025-10-04T01:01:59,99.5,262.21484375,5.7,3.3
2025-10-04T01:02:00,25.1,278.46484375,5.3,3.3
2025-10-04T01:02:01,0.0,278.46484375,5.1,3.3
2025-10-04T01:02:02,0.0,278.46484375,5.1,3.3
2025-10-04T01:02:03,0.0,278.46484375,5.1,3.3
2025-10-04T01:02:04,0.0,278.46484375,5.1,3.3
2025-10-04T01:02:05,5.0,279.71484375,5.1,3.3
2025-10-04T01:02:06,2.0,280.96484375,5.1,3.3
2025-10-04T01:02:07,18.0,283.5078125,5.2,3.3
2025-10-04T01:02:08,0.0,283.5078125,5.1,3.3
2025-10-04T01:02:09,0.0,283.5078125,5.1,3.3
2025-10-04T01:02:10,0.0,283.5078125,5.1,3.3
2025-10-04T01:02:11,0.0,283.5078125,5.1,3.3
2025-10-04T01:02:12,3.0,283.5078125,5.1,3.3
2025-10-04T01:02:13,44.0,383.28125,5.7,3.3
2025-10-04T01:02:14,0.0,383.28125,5.8,3.3
2025-10-04T01:02:15,0.0,383.28125,5.8,3.3
2025-10-04T01:02:16,0.0,383.28125,5.7,3.3
2025-10-04T01:02:17,0.0,383.28125,5.8,3.3
2025-10-04T01:02:18,0.0,383.28125,5.8,3.3
2025-10-04T01:02:19,0.0,383.28125,5.7,3.3
2025-10-04T01:02:20,1.0,383.28125,5.8,3.3
2025-10-04T01:02:21,0.0,383.28125,5.8,3.3
2025-10-04T01:02:22,0.0,383.28125,5.7,3.3
2025-10-04T01:02:23,0.0,383.28125,5.8,3.3
2025-10-04T01:02:24,0.0,383.28125,5.8,3.3
2025-10-04T01:02:25,0.0,383.28125,5.7,3.3
2025-10-04T01:02:26,0.0,383.28125,5.8,3.3
2025-10-04T01:02:27,0.0,383.28125,5.8,3.3
2025-10-04T01:02:28,0.0,383.28125,5.8,3.3
2025-10-04T01:02:29,0.0,383.28125,5.8,3.3
2025-10-04T01:02:30,0.0,383.28125,5.8,3.3
2025-10-04T01:02:31,0.0,383.28125,5.7,3.3
2025-10-04T01:02:32,1.0,383.28125,5.7,3.3
2025-10-04T01:02:33,0.0,383.28125,5.8,3.3
2025-10-04T01:02:34,0.0,383.28125,5.7,3.3
2025-10-04T01:02:35,0.0,383.28125,5.7,3.3
2025-10-04T01:02:36,1.0,383.28125,5.8,3.3
2025-10-04T01:02:37,0.0,383.28125,5.8,3.3
2025-10-04T01:02:38,0.0,383.28125,5.7,3.3
2025-10-04T01:02:39,0.0,383.28125,5.8,3.3
2025-10-04T01:02:40,0.0,383.28125,5.8,3.3
2025-10-04T01:02:41,0.0,383.28125,5.7,3.3
2025-10-04T01:02:42,0.0,383.28125,5.8,3.3
2025-10-04T01:02:43,0.0,383.28125,5.8,3.3
2025-10-04T01:02:44,0.0,383.28125,5.7,3.3
2025-10-04T01:02:45,0.0,383.28125,5.8,3.3
2025-10-04T01:02:46,2.0,384.53125,5.8,3.3
2025-10-04T01:02:47,0.0,384.53125,5.7,3.3
2025-10-04T01:02:48,0.0,384.53125,5.8,3.3
2025-10-04T01:02:49,0.0,384.53125,5.8,3.3
2025-10-04T01:02:50,0.0,384.53125,5.7,3.3
2025-10-04T01:02:51,0.0,384.53125,5.7,3.3
2025-10-04T01:02:52,1.0,384.53125,5.8,3.3
2025-10-04T01:02:53,1.0,384.53125,5.8,3.3
2025-10-04T01:02:54,2.0,385.78125,5.7,3.3
2025-10-04T01:02:55,0.0,385.78125,5.8,3.3
2025-10-04T01:02:56,0.0,385.78125,5.8,3.3
2025-10-04T01:02:57,0.0,385.78125,5.7,3.3
2025-10-04T01:02:58,0.0,385.78125,5.8,3.3
2025-10-04T01:02:59,0.0,385.78125,5.8,3.3
2025-10-04T01:03:00,0.0,385.78125,5.7,3.3
2025-10-04T01:03:01,3.0,385.78125,5.8,3.3
2025-10-04T01:03:02,0.0,385.78125,5.8,3.3
2025-10-04T01:03:03,0.0,385.78125,5.7,3.3
2025-10-04T01:03:04,0.0,385.78125,5.8,3.3
2025-10-04T01:03:05,0.0,385.78125,5.8,3.3
2025-10-04T01:03:06,0.0,385.78125,5.7,3.3
2025-10-04T01:03:07,0.0,385.78125,5.7,3.3
2025-10-04T01:03:08,0.0,385.78125,5.8,3.3
2025-10-04T01:03:09,0.0,385.78125,5.8,3.3
2025-10-04T01:03:10,0.0,385.78125,5.7,3.3
2025-10-04T01:03:11,0.0,385.78125,5.8,3.3
2025-10-04T01:03:12,0.0,385.78125,5.8,3.3
2025-10-04T01:03:13,0.0,385.78125,5.7,3.3
2025-10-04T01:03:14,0.0,385.78125,5.8,3.3
2025-10-04T01:03:15,2.0,385.78125,5.8,3.3
2025-10-04T01:03:16,0.0,385.78125,5.8,3.3
2025-10-04T01:03:17,0.0,385.78125,5.8,3.3
2025-10-04T01:03:18,0.0,385.78125,5.8,3.3
2025-10-04T01:03:19,0.0,385.78125,5.7,3.3
2025-10-04T01:03:20,0.0,385.78125,5.7,3.3
2025-10-04T01:03:21,0.0,385.78125,5.8,3.3
2025-10-04T01:03:22,0.0,385.78125,5.8,3.3
2025-10-04T01:03:23,0.0,385.78125,5.7,3.3
2025-10-04T01:03:24,0.0,385.78125,5.8,3.3
2025-10-04T01:03:25,0.0,385.78125,5.8,3.3
2025-10-04T01:03:26,0.0,385.78125,5.7,3.3
2025-10-04T01:03:27,0.0,385.78125,5.8,3.3
2025-10-04T01:03:28,0.0,385.78125,5.8,3.3
2025-10-04T01:03:29,0.0,385.78125,5.7,3.3
2025-10-04T01:03:30,0.0,385.78125,5.8,3.3
2025-10-04T01:03:31,0.0,385.78125,5.8,3.3
2025-10-04T01:03:32,1.0,385.78125,5.8,3.3
2025-10-04T01:03:33,0.0,385.78125,5.7,3.3
2025-10-04T01:03:34,0.0,385.78125,5.8,3.3
2025-10-04T01:03:35,0.0,385.78125,5.7,3.3
2025-10-04T01:03:36,2.0,385.78125,5.8,3.3
2025-10-04T01:03:37,0.0,385.78125,5.8,3.3
2025-10-04T01:03:38,0.0,385.78125,5.8,3.3
2025-10-04T01:03:39,0.0,385.78125,5.7,3.3
2025-10-04T01:03:40,0.0,385.78125,5.8,3.3
2025-10-04T01:03:41,0.0,385.78125,5.8,3.3
2025-10-04T01:03:42,0.0,385.78125,5.7,3.3
2025-10-04T01:03:43,2.0,385.78125,5.8,3.3
2025-10-04T01:03:44,0.0,385.78125,5.8,3.3
2025-10-04T01:03:45,0.0,385.78125,5.7,3.3
2025-10-04T01:03:46,0.0,385.78125,5.8,3.3
2025-10-04T01:03:47,0.0,385.78125,5.8,3.3
2025-10-04T01:03:48,0.0,385.78125,5.7,3.3
2025-10-04T01:03:49,0.0,385.78125,5.8,3.3
2025-10-04T01:03:50,0.0,385.78125,5.8,3.3
2025-10-04T01:03:51,0.0,385.78125,5.7,3.3
2025-10-04T01:03:52,0.0,385.78125,5.8,3.3
2025-10-04T01:03:53,0.0,385.78125,5.8,3.3
2025-10-04T01:03:54,1.0,385.78125,5.7,3.3
2025-10-04T01:03:55,0.0,385.78125,5.7,3.3
2025-10-04T01:03:56,1.0,385.78125,5.8,3.3
2025-10-04T01:03:57,0.0,385.78125,5.7,3.3
2025-10-04T01:03:58,1.0,385.78125,5.8,3.3
2025-10-04T01:03:59,0.0,385.78125,5.8,3.3
2025-10-04T01:04:00,1.0,385.78125,5.8,3.3
2025-10-04T01:04:01,0.0,385.78125,5.7,3.3
2025-10-04T01:04:02,1.0,385.78125,5.8,3.3
2025-10-04T01:04:03,0.0,385.78125,5.8,3.3
2025-10-04T01:04:04,0.0,385.78125,5.7,3.3
2025-10-04T01:04:05,0.0,385.78125,5.8,3.3
2025-10-04T01:04:06,0.0,385.78125,5.8,3.3
2025-10-04T01:04:07,0.0,385.78125,5.7,3.3
2025-10-04T01:04:08,0.0,385.78125,5.8,3.3
2025-10-04T01:04:09,0.0,385.78125,5.8,3.3
2025-10-04T01:04:10,0.0,385.78125,5.7,3.3
2025-10-04T01:04:11,0.0,385.78125,5.8,3.3
2025-10-04T01:04:12,0.0,385.78125,5.8,3.3
2025-10-04T01:04:13,0.0,385.78125,5.8,3.3
2025-10-04T01:04:14,0.0,385.78125,5.7,3.3
2025-10-04T01:04:15,0.0,385.78125,5.8,3.3
2025-10-04T01:04:16,0.0,385.78125,5.8,3.3
2025-10-04T01:04:17,1.0,385.78125,5.7,3.3
2025-10-04T01:04:18,0.0,385.78125,5.8,3.3
2025-10-04T01:04:19,0.0,385.78125,5.8,3.3
2025-10-04T01:04:20,0.0,385.78125,5.7,3.3
2025-10-04T01:04:21,1.0,387.03125,5.8,3.3
2025-10-04T01:04:22,0.0,387.03125,5.8,3.3
2025-10-04T01:04:23,0.0,387.03125,5.7,3.3
2025-10-04T01:04:24,0.0,387.03125,5.8,3.3
2025-10-04T01:04:25,0.0,387.03125,5.8,3.3
2025-10-04T01:04:26,0.0,387.03125,5.7,3.3
2025-10-04T01:04:27,0.0,387.03125,5.7,3.3
2025-10-04T01:04:28,2.0,387.03125,5.8,3.3
2025-10-04T01:04:29,2.0,387.03125,5.8,3.3
2025-10-04T01:04:30,0.0,387.03125,5.7,3.3
2025-10-04T01:04:31,1.0,387.03125,5.9,3.3
2025-10-04T01:04:32,0.0,387.03125,5.7,3.3
2025-10-04T01:04:33,0.0,387.03125,5.7,3.3
2025-10-04T01:04:34,0.0,387.03125,5.8,3.3
2025-10-04T01:04:35,0.0,387.03125,5.8,3.3
2025-10-04T01:04:36,0.0,387.03125,5.7,3.3
2025-10-04T01:04:37,1.0,387.03125,5.8,3.3
2025-10-04T01:04:38,0.0,387.03125,5.8,3.3
2025-10-04T01:04:39,0.0,387.03125,5.7,3.3
2025-10-04T01:04:40,0.0,387.03125,5.8,3.3
2025-10-04T01:04:41,0.0,387.03125,5.8,3.3
2025-10-04T01:04:42,0.0,387.03125,5.7,3.3
2025-10-04T01:04:43,1.0,387.03125,5.8,3.3
2025-10-04T01:04:44,0.0,387.03125,5.8,3.3
2025-10-04T01:04:45,0.0,387.03125,5.7,3.3
2025-10-04T01:04:46,0.0,387.03125,5.8,3.3
2025-10-04T01:04:47,0.0,387.03125,5.8,3.3
2025-10-04T01:04:48,0.0,387.03125,5.8,3.3
2025-10-04T01:04:49,0.0,387.03125,5.7,3.3
2025-10-04T01:04:50,0.0,387.03125,5.8,3.3
2025-10-04T01:04:51,0.0,387.03125,5.8,3.3
2025-10-04T01:04:52,0.0,387.03125,5.7,3.3
2025-10-04T01:04:53,0.0,387.03125,5.8,3.3
2025-10-04T01:04:54,0.0,387.03125,5.8,3.3
2025-10-04T01:04:55,0.0,387.03125,5.7,3.3
2025-10-04T01:04:56,1.0,387.03125,5.8,3.3
2025-10-04T01:04:57,1.0,387.03125,5.8,3.3
2025-10-04T01:04:58,0.0,387.03125,5.7,3.3
2025-10-04T01:04:59,0.0,387.03125,5.8,3.3
2025-10-04T01:05:00,0.0,387.03125,5.8,3.3
2025-10-04T01:05:01,0.0,387.03125,5.7,3.3
2025-10-04T01:05:02,0.0,387.03125,5.7,3.3
2025-10-04T01:05:03,0.0,387.03125,5.8,3.3
2025-10-04T01:05:04,0.0,387.03125,5.8,3.3
2025-10-04T01:05:05,1.0,387.03125,5.7,3.3
2025-10-04T01:05:06,0.0,387.03125,5.8,3.3
2025-10-04T01:05:07,0.0,387.03125,5.7,3.3
2025-10-04T01:05:08,0.0,387.03125,5.8,3.3
2025-10-04T01:05:09,1.0,387.03125,5.8,3.3
2025-10-04T01:05:10,0.0,387.03125,5.8,3.3
2025-10-04T01:05:11,0.0,387.03125,5.7,3.3
2025-10-04T01:05:12,0.0,387.03125,5.8,3.3
2025-10-04T01:05:13,0.0,387.03125,5.8,3.3
2025-10-04T01:05:14,0.0,387.03125,5.7,3.3
2025-10-04T01:05:15,2.0,388.28125,5.8,3.3
2025-10-04T01:05:16,0.0,388.28125,5.8,3.3
2025-10-04T01:05:17,0.0,388.28125,5.7,3.3
2025-10-04T01:05:18,0.0,388.28125,5.8,3.3
2025-10-04T01:05:19,0.0,388.28125,5.8,3.3
2025-10-04T01:05:20,0.0,388.28125,5.7,3.3
2025-10-04T01:05:21,0.0,388.28125,5.8,3.3
2025-10-04T01:05:22,2.0,389.53125,5.8,3.3
2025-10-04T01:05:23,0.0,389.53125,5.7,3.3
2025-10-04T01:05:24,0.0,389.53125,5.8,3.3
2025-10-04T01:05:25,0.0,389.53125,5.8,3.3
2025-10-04T01:05:26,0.0,389.53125,5.7,3.3
2025-10-04T01:05:27,0.0,389.53125,5.7,3.3
2025-10-04T01:05:28,1.0,389.53125,5.8,3.3
2025-10-04T01:05:29,0.0,389.53125,5.8,3.3
2025-10-04T01:05:30,0.0,389.53125,5.7,3.3
2025-10-04T01:05:31,0.0,389.53125,5.8,3.3
2025-10-04T01:05:32,0.0,389.53125,5.8,3.3
2025-10-04T01:05:33,0.0,389.53125,5.7,3.3
2025-10-04T01:05:34,0.0,389.53125,5.8,3.3
2025-10-04T01:05:35,0.0,389.53125,5.8,3.3
2025-10-04T01:05:36,0.0,389.53125,5.7,3.3
2025-10-04T01:05:37,0.0,389.53125,5.7,3.3
2025-10-04T01:05:38,0.0,389.53125,5.8,3.3
2025-10-04T01:05:39,1.0,389.53125,5.7,3.3
2025-10-04T01:05:40,0.0,389.53125,5.8,3.3
2025-10-04T01:05:41,2.0,389.53125,5.8,3.3
2025-10-04T01:05:42,0.0,389.53125,5.7,3.3
2025-10-04T01:05:43,0.0,389.53125,5.7,3.3
2025-10-04T01:05:44,0.0,389.53125,5.8,3.3
2025-10-04T01:05:45,0.0,389.53125,5.8,3.3
2025-10-04T01:05:46,0.0,389.53125,5.7,3.3
2025-10-04T01:05:47,0.0,389.53125,5.8,3.3
2025-10-04T01:05:48,0.0,389.53125,5.8,3.3
2025-10-04T01:05:49,0.0,389.53125,5.7,3.3
2025-10-04T01:05:50,0.0,389.53125,5.7,3.3
2025-10-04T01:05:51,2.0,390.78125,5.8,3.3
2025-10-04T01:05:52,0.0,390.78125,5.7,3.3
2025-10-04T01:05:53,0.0,390.78125,5.7,3.3
2025-10-04T01:05:54,0.0,390.78125,5.8,3.3
2025-10-04T01:05:55,0.0,390.78125,5.7,3.3
2025-10-04T01:05:56,0.0,390.78125,5.7,3.3
2025-10-04T01:05:57,0.0,390.78125,5.8,3.3
2025-10-04T01:05:58,2.0,390.78125,5.9,3.3
2025-10-04T01:05:59,0.0,390.78125,5.7,3.3
2025-10-04T01:06:00,0.0,390.78125,5.8,3.3
2025-10-04T01:06:01,0.0,390.78125,5.8,3.3
2025-10-04T01:06:02,0.0,390.78125,5.9,3.3
2025-10-04T01:06:03,0.0,390.78125,5.8,3.3
2025-10-04T01:06:04,0.0,390.78125,5.8,3.3
2025-10-04T01:06:05,0.0,390.78125,5.7,3.3
2025-10-04T01:06:06,0.0,390.78125,5.8,3.3
2025-10-04T01:06:07,0.0,390.78125,5.8,3.3
2025-10-04T01:06:08,0.0,390.78125,5.7,3.3
2025-10-04T01:06:09,0.0,390.78125,5.8,3.3
2025-10-04T01:06:10,0.0,390.78125,5.8,3.3
2025-10-04T01:06:11,1.0,390.78125,5.7,3.3
2025-10-04T01:06:12,0.0,390.78125,5.8,3.3
2025-10-04T01:06:13,0.0,390.78125,5.8,3.3
2025-10-04T01:06:14,0.0,390.78125,5.7,3.3
2025-10-04T01:06:15,1.0,390.78125,5.7,3.3
2025-10-04T01:06:16,1.0,392.03125,5.8,3.3
2025-10-04T01:06:17,0.0,392.03125,5.8,3.3
2025-10-04T01:06:18,0.0,392.03125,5.7,3.3
2025-10-04T01:06:19,0.0,392.03125,5.8,3.3
2025-10-04T01:06:20,0.0,392.03125,5.8,3.3
2025-10-04T01:06:21,2.0,393.28125,5.7,3.3
2025-10-04T01:06:22,0.0,393.28125,5.8,3.3
2025-10-04T01:06:23,0.0,393.28125,5.8,3.3
2025-10-04T01:06:24,0.0,393.28125,5.7,3.3
2025-10-04T01:06:25,0.0,393.28125,5.8,3.3
2025-10-04T01:06:26,0.0,393.28125,5.8,3.3
2025-10-04T01:06:27,0.0,393.28125,5.7,3.3
2025-10-04T01:06:28,0.0,393.28125,5.8,3.3
2025-10-04T01:06:29,0.0,393.28125,5.8,3.3
2025-10-04T01:06:30,0.0,393.28125,5.7,3.3
2025-10-04T01:06:31,0.0,393.28125,5.7,3.3
2025-10-04T01:06:32,0.0,393.28125,5.8,3.3
2025-10-04T01:06:33,0.0,393.28125,5.8,3.3
2025-10-04T01:06:34,0.0,393.28125,5.7,3.3
2025-10-04T01:06:35,0.0,393.28125,5.8,3.3
2025-10-04T01:06:36,1.0,393.28125,5.8,3.3
2025-10-04T01:06:37,1.0,393.28125,5.7,3.3
2025-10-04T01:06:38,0.0,393.28125,5.8,3.3
2025-10-04T01:06:39,0.0,393.28125,5.8,3.3
2025-10-04T01:06:40,0.0,393.28125,5.7,3.3
2025-10-04T01:06:41,3.0,393.28125,5.8,3.3
2025-10-04T01:06:42,0.0,393.28125,5.8,3.3
2025-10-04T01:06:43,0.0,393.28125,5.7,3.3
2025-10-04T01:06:44,0.0,393.28125,5.8,3.3
2025-10-04T01:06:45,0.0,393.28125,5.8,3.3
2025-10-04T01:06:46,0.0,393.28125,5.7,3.3
2025-10-04T01:06:47,0.0,393.28125,5.8,3.3
2025-10-04T01:06:48,0.0,393.28125,5.8,3.3
2025-10-04T01:06:49,0.0,393.28125,5.7,3.3
2025-10-04T01:06:50,0.0,393.28125,5.7,3.3
2025-10-04T01:06:51,0.0,393.28125,5.8,3.3
2025-10-04T01:06:52,0.0,393.28125,5.8,3.3
2025-10-04T01:06:53,0.0,393.28125,5.7,3.3
2025-10-04T01:06:54,0.0,393.28125,5.8,3.3
2025-10-04T01:06:55,1.0,393.28125,5.8,3.3
2025-10-04T01:06:56,0.0,393.28125,5.7,3.3
2025-10-04T01:06:57,0.0,393.28125,5.8,3.3
2025-10-04T01:06:58,0.0,393.28125,5.8,3.3
2025-10-04T01:06:59,1.0,393.28125,5.7,3.3
2025-10-04T01:07:00,2.0,393.28125,5.8,3.3
2025-10-04T01:07:01,0.0,393.28125,5.8,3.3
2025-10-04T01:07:02,0.0,393.28125,5.7,3.3
2025-10-04T01:07:03,0.0,393.28125,5.8,3.3
2025-10-04T01:07:04,0.0,393.28125,5.8,3.3
2025-10-04T01:07:05,0.0,393.28125,5.8,3.3
2025-10-04T01:07:06,0.0,393.28125,5.7,3.3
2025-10-04T01:07:07,0.0,393.28125,5.8,3.3
2025-10-04T01:07:08,1.0,393.28125,5.8,3.3
2025-10-04T01:07:09,0.0,393.28125,5.7,3.3
2025-10-04T01:07:10,0.0,393.28125,5.8,3.3
2025-10-04T01:07:11,0.0,393.28125,5.8,3.3
2025-10-04T01:07:12,0.0,393.28125,5.7,3.3
2025-10-04T01:07:13,0.0,393.28125,5.8,3.3
2025-10-04T01:07:14,0.0,393.28125,5.8,3.3
2025-10-04T01:07:15,0.0,393.28125,5.7,3.3
2025-10-04T01:07:16,0.0,393.28125,5.8,3.3
2025-10-04T01:07:17,0.0,393.28125,5.8,3.3
2025-10-04T01:07:18,0.0,393.28125,5.8,3.3
2025-10-04T01:07:19,0.0,393.28125,5.7,3.3
2025-10-04T01:07:20,1.0,393.28125,5.8,3.3
2025-10-04T01:07:21,0.0,393.28125,5.8,3.3
2025-10-04T01:07:22,0.0,393.28125,5.7,3.3
2025-10-04T01:07:23,0.0,393.28125,5.8,3.3
2025-10-04T01:07:24,0.0,393.28125,5.8,3.3
2025-10-04T01:07:25,0.0,393.28125,5.7,3.3
2025-10-04T01:07:26,2.0,393.28125,5.8,3.3
2025-10-04T01:07:27,0.0,393.28125,5.8,3.3
2025-10-04T01:07:28,0.0,393.28125,5.7,3.3
2025-10-04T01:07:29,0.0,393.28125,5.8,3.3
2025-10-04T01:07:30,0.0,393.28125,5.8,3.3
2025-10-04T01:07:31,0.0,393.28125,5.7,3.3
2025-10-04T01:07:32,0.0,393.28125,5.7,3.3
2025-10-04T01:07:33,0.0,393.28125,5.8,3.3
2025-10-04T01:07:34,0.0,393.28125,5.7,3.3
2025-10-04T01:07:35,2.0,394.53125,5.8,3.3
2025-10-04T01:07:36,0.0,394.53125,5.8,3.3
2025-10-04T01:07:37,0.0,394.53125,5.8,3.3
2025-10-04T01:07:38,2.0,395.78125,5.8,3.3
2025-10-04T01:07:39,0.0,395.78125,5.8,3.3
2025-10-04T01:07:40,0.0,395.78125,5.8,3.3
2025-10-04T01:07:41,0.0,395.78125,5.7,3.3
2025-10-04T01:07:42,0.0,395.78125,5.8,3.3
2025-10-04T01:07:43,0.0,395.78125,5.8,3.3
2025-10-04T01:07:44,2.0,395.78125,5.7,3.3
2025-10-04T01:07:45,0.0,395.78125,5.8,3.3
2025-10-04T01:07:46,0.0,395.78125,5.8,3.3
2025-10-04T01:07:47,0.0,395.78125,5.7,3.3
2025-10-04T01:07:48,0.0,395.78125,5.8,3.3
2025-10-04T01:07:49,0.0,395.78125,5.8,3.3
2025-10-04T01:07:50,0.0,395.78125,5.7,3.3
2025-10-04T01:07:51,0.0,395.78125,5.7,3.3
2025-10-04T01:07:52,0.0,395.78125,5.8,3.3
2025-10-04T01:07:53,0.0,395.78125,5.8,3.3
2025-10-04T01:07:54,0.0,395.78125,5.7,3.3
2025-10-04T01:07:55,1.0,395.78125,5.8,3.3
2025-10-04T01:07:56,0.0,395.78125,5.8,3.3
2025-10-04T01:07:57,0.0,395.78125,5.7,3.3
2025-10-04T01:07:58,0.0,395.78125,5.8,3.3
2025-10-04T01:07:59,0.0,395.78125,5.8,3.3
2025-10-04T01:08:00,0.0,395.78125,5.7,3.3
2025-10-04T01:08:01,0.0,395.78125,5.8,3.3
2025-10-04T01:08:02,0.0,395.78125,5.8,3.3
2025-10-04T01:08:03,1.0,395.78125,5.7,3.3
2025-10-04T01:08:04,0.0,395.78125,5.8,3.3
2025-10-04T01:08:05,0.0,395.78125,5.8,3.3
2025-10-04T01:08:06,0.0,395.78125,5.7,3.3
2025-10-04T01:08:07,1.0,397.03125,5.8,3.3
2025-10-04T01:08:08,0.0,397.03125,5.8,3.3
2025-10-04T01:08:09,0.0,397.03125,5.8,3.3
2025-10-04T01:08:10,3.0,398.28125,5.8,3.3
2025-10-04T01:08:11,0.0,398.28125,5.8,3.3
2025-10-04T01:08:12,0.0,398.28125,5.8,3.3
2025-10-04T01:08:13,0.0,398.28125,5.7,3.3
2025-10-04T01:08:14,0.0,398.28125,5.8,3.3
2025-10-04T01:08:15,0.0,398.28125,5.8,3.3
2025-10-04T01:08:16,0.0,398.28125,5.7,3.3
2025-10-04T01:08:17,1.0,398.28125,5.8,3.3
2025-10-04T01:08:18,0.0,398.28125,5.8,3.3
2025-10-04T01:08:19,0.0,398.28125,5.7,3.3
2025-10-04T01:08:20,0.0,398.28125,5.8,3.3
2025-10-04T01:08:21,0.0,398.28125,5.8,3.3
2025-10-04T01:08:22,0.0,398.28125,5.7,3.3
2025-10-04T01:08:23,0.0,398.28125,5.8,3.3
2025-10-04T01:08:24,0.0,398.28125,5.8,3.3
2025-10-04T01:08:25,0.0,398.28125,5.7,3.3
2025-10-04T01:08:26,0.0,398.28125,5.7,3.3
2025-10-04T01:08:27,0.0,398.28125,5.8,3.3
2025-10-04T01:08:28,1.0,398.28125,5.8,3.3
2025-10-04T01:08:29,0.0,398.28125,5.7,3.3
2025-10-04T01:08:30,0.0,398.28125,5.8,3.3
2025-10-04T01:08:31,0.0,398.28125,5.8,3.3
2025-10-04T01:08:32,0.0,398.28125,5.7,3.3
2025-10-04T01:08:33,0.0,398.28125,5.8,3.3
2025-10-04T01:08:34,0.0,398.28125,5.8,3.3
2025-10-04T01:08:35,0.0,398.28125,5.7,3.3
2025-10-04T01:08:36,0.0,398.28125,5.8,3.3
2025-10-04T01:08:37,0.0,398.28125,5.8,3.3
2025-10-04T01:08:38,0.0,398.28125,5.8,3.3
2025-10-04T01:08:39,1.0,398.28125,5.7,3.3
2025-10-04T01:08:40,0.0,398.28125,5.8,3.3
2025-10-04T01:08:41,0.0,398.28125,5.8,3.3
2025-10-04T01:08:42,0.0,398.28125,5.7,3.3
2025-10-04T01:08:43,0.0,398.28125,5.8,3.3
2025-10-04T01:08:44,0.0,398.28125,5.8,3.3
2025-10-04T01:08:45,1.0,398.28125,5.7,3.3
2025-10-04T01:08:46,0.0,398.28125,5.8,3.3
2025-10-04T01:08:47,2.0,398.28125,5.8,3.3
2025-10-04T01:08:48,0.0,398.28125,5.7,3.3
2025-10-04T01:08:49,0.0,398.28125,5.8,3.3
2025-10-04T01:08:50,0.0,398.28125,5.8,3.3
2025-10-04T01:08:51,0.0,398.28125,5.7,3.3
2025-10-04T01:08:52,0.0,398.28125,5.8,3.3
2025-10-04T01:08:53,1.0,398.28125,5.8,3.3
2025-10-04T01:08:54,0.0,398.28125,5.7,3.3
2025-10-04T01:08:55,0.0,398.28125,5.8,3.3
2025-10-04T01:08:56,0.0,398.28125,5.8,3.3
2025-10-04T01:08:57,2.0,398.28125,5.7,3.3
2025-10-04T01:08:58,0.0,398.28125,5.8,3.3
2025-10-04T01:08:59,0.0,398.28125,5.8,3.3
2025-10-04T01:09:00,0.0,398.28125,5.8,3.3
2025-10-04T01:09:01,0.0,398.28125,5.7,3.3
2025-10-04T01:09:02,0.0,398.28125,5.8,3.3
2025-10-04T01:09:03,0.0,398.28125,5.8,3.3
2025-10-04T01:09:04,0.0,398.28125,5.7,3.3
2025-10-04T01:09:05,0.0,398.28125,5.8,3.3
2025-10-04T01:09:06,0.0,398.28125,5.8,3.3
2025-10-04T01:09:07,0.0,398.28125,5.7,3.3
2025-10-04T01:09:08,0.0,398.28125,5.8,3.3
2025-10-04T01:09:09,1.0,398.28125,5.8,3.3
2025-10-04T01:09:10,1.0,398.28125,5.7,3.3
2025-10-04T01:09:11,0.0,398.28125,5.7,3.3
2025-10-04T01:09:12,0.0,398.28125,5.8,3.3
2025-10-04T01:09:13,0.0,398.28125,5.7,3.3
2025-10-04T01:09:14,0.0,398.28125,5.7,3.3
2025-10-04T01:09:15,0.0,398.28125,5.8,3.3
2025-10-04T01:09:16,0.0,398.28125,5.7,3.3
2025-10-04T01:09:17,0.0,398.28125,5.7,3.3
2025-10-04T01:09:18,0.0,398.28125,5.8,3.3
2025-10-04T01:09:19,1.0,398.28125,5.8,3.3
2025-10-04T01:09:20,0.0,398.28125,5.7,3.3
2025-10-04T01:09:21,2.0,398.28125,5.8,3.3
2025-10-04T01:09:22,0.0,398.28125,5.8,3.3
2025-10-04T01:09:23,0.0,398.28125,5.7,3.3
2025-10-04T01:09:24,0.0,398.28125,5.8,3.3
2025-10-04T01:09:25,0.0,398.28125,5.8,3.3
2025-10-04T01:09:26,0.0,398.28125,5.7,3.3
2025-10-04T01:09:27,1.0,398.28125,5.8,3.3
2025-10-04T01:09:28,0.0,398.28125,5.8,3.3
2025-10-04T01:09:29,0.0,398.28125,5.7,3.3
2025-10-04T01:09:30,2.0,399.53125,5.8,3.3
2025-10-04T01:09:31,0.0,399.53125,5.8,3.3
2025-10-04T01:09:32,0.0,399.53125,5.7,3.2
2025-10-04T01:09:33,0.0,399.53125,5.7,3.2
2025-10-04T01:09:34,0.0,399.53125,5.8,3.2
2025-10-04T01:09:35,0.0,399.53125,5.8,3.2
2025-10-04T01:09:36,0.0,399.53125,5.7,3.2
2025-10-04T01:09:37,0.0,399.53125,5.8,3.2
2025-10-04T01:09:38,0.0,399.53125,5.8,3.2
2025-10-04T01:09:39,0.0,399.53125,5.7,3.2
2025-10-04T01:09:40,0.0,399.53125,5.8,3.2
2025-10-04T01:09:41,0.0,399.53125,5.8,3.2
2025-10-04T01:09:42,0.0,399.53125,5.7,3.2
2025-10-04T01:09:43,1.0,399.53125,5.8,3.2
2025-10-04T01:09:44,0.0,399.53125,5.8,3.2
2025-10-04T01:09:45,0.0,399.53125,5.7,3.2
2025-10-04T01:09:46,0.0,399.53125,5.8,3.2
2025-10-04T01:09:47,0.0,399.53125,5.8,3.2
2025-10-04T01:09:48,1.0,399.53125,5.8,3.2
2025-10-04T01:09:49,0.0,399.53125,5.7,3.2
2025-10-04T01:09:50,0.0,399.53125,5.8,3.2
2025-10-04T01:09:51,0.0,399.53125,5.8,3.2
2025-10-04T01:09:52,0.0,399.53125,5.7,3.2
2025-10-04T01:09:53,0.0,399.53125,5.8,3.2
2025-10-04T01:09:54,0.0,399.53125,5.8,3.2
2025-10-04T01:09:55,0.0,399.53125,5.7,3.2
2025-10-04T01:09:56,0.0,399.53125,5.8,3.2
2025-10-04T01:09:57,0.0,399.53125,5.8,3.2
2025-10-04T01:09:58,0.0,399.53125,5.7,3.2
2025-10-04T01:09:59,0.0,399.53125,5.7,3.2
2025-10-04T01:10:00,2.0,399.53125,5.8,3.2
2025-10-04T01:10:01,0.0,399.53125,5.7,3.2
2025-10-04T01:10:02,0.0,399.53125,5.8,3.2
2025-10-04T01:10:03,0.0,399.53125,5.8,3.2
2025-10-04T01:10:04,0.0,399.53125,5.8,3.2
2025-10-04T01:10:05,1.0,400.78125,5.8,3.2
2025-10-04T01:10:06,1.0,400.78125,5.8,3.2
2025-10-04T01:10:07,0.0,400.78125,5.7,3.2
2025-10-04T01:10:08,0.0,400.78125,5.7,3.2
2025-10-04T01:10:09,0.0,400.78125,5.8,3.2
2025-10-04T01:10:10,0.0,400.78125,5.8,3.2
2025-10-04T01:10:11,0.0,400.78125,5.7,3.2
2025-10-04T01:10:12,0.0,400.78125,5.8,3.2
2025-10-04T01:10:13,0.0,400.78125,5.8,3.2
2025-10-04T01:10:14,0.0,400.78125,5.7,3.2
2025-10-04T01:10:15,0.0,400.78125,5.8,3.2
2025-10-04T01:10:16,0.0,400.78125,5.8,3.2
2025-10-04T01:10:17,0.0,400.78125,5.7,3.2
2025-10-04T01:10:18,1.0,400.78125,5.8,3.2
2025-10-04T01:10:19,2.0,402.03125,5.8,3.2
2025-10-04T01:10:20,0.0,402.03125,5.7,3.2
2025-10-04T01:10:21,0.0,402.03125,5.7,3.2
2025-10-04T01:10:22,0.0,402.03125,5.8,3.2
2025-10-04T01:10:23,0.0,402.03125,5.8,3.2
2025-10-04T01:10:24,2.0,402.03125,5.7,3.2
2025-10-04T01:10:25,0.0,402.03125,5.8,3.2
2025-10-04T01:10:26,0.0,402.03125,5.8,3.2
2025-10-04T01:10:27,0.0,402.03125,5.7,3.2
2025-10-04T01:10:28,0.0,402.03125,5.8,3.2
2025-10-04T01:10:29,0.0,402.03125,5.8,3.2
2025-10-04T01:10:30,0.0,402.03125,5.7,3.2
2025-10-04T01:10:31,0.0,402.03125,5.8,3.2
2025-10-04T01:10:32,1.0,402.03125,5.8,3.2
2025-10-04T01:10:33,0.0,402.03125,5.7,3.2
2025-10-04T01:10:34,0.0,402.03125,5.7,3.2
2025-10-04T01:10:35,0.0,402.03125,5.8,3.2
2025-10-04T01:10:36,0.0,402.03125,5.8,3.2
2025-10-04T01:10:37,0.0,402.03125,5.7,3.2
2025-10-04T01:10:38,1.0,403.28125,5.8,3.2
2025-10-04T01:10:39,0.0,403.28125,5.8,3.2
2025-10-04T01:10:40,0.0,403.28125,5.7,3.2
2025-10-04T01:10:41,0.0,403.28125,5.8,3.2
2025-10-04T01:10:42,0.0,403.28125,5.8,3.2
2025-10-04T01:10:43,0.0,403.28125,5.7,3.2
2025-10-04T01:10:44,0.0,403.28125,5.8,3.2
2025-10-04T01:10:45,2.0,403.28125,5.8,3.2
2025-10-04T01:10:46,0.0,403.28125,5.7,3.2
2025-10-04T01:10:47,0.0,403.28125,5.8,3.2
2025-10-04T01:10:48,0.0,403.28125,5.8,3.2
2025-10-04T01:10:49,0.0,403.28125,5.7,3.2
2025-10-04T01:10:50,0.0,403.28125,5.7,3.2
2025-10-04T01:10:51,1.0,403.28125,5.8,3.2
2025-10-04T01:10:52,0.0,403.28125,5.7,3.2
2025-10-04T01:10:53,0.0,403.28125,5.8,3.2
2025-10-04T01:10:54,0.0,403.28125,5.8,3.2
2025-10-04T01:10:55,0.0,403.28125,5.7,3.2
2025-10-04T01:10:56,1.0,403.28125,5.7,3.2
2025-10-04T01:10:57,0.0,403.28125,5.8,3.2
2025-10-04T01:10:58,0.0,403.28125,5.8,3.2
2025-10-04T01:10:59,0.0,403.28125,5.7,3.2
2025-10-04T01:11:00,0.0,403.28125,5.8,3.2
2025-10-04T01:11:01,0.0,403.28125,5.8,3.2
2025-10-04T01:11:02,0.0,403.28125,5.7,3.2
2025-10-04T01:11:03,0.0,403.28125,5.8,3.2
2025-10-04T01:11:04,0.0,403.28125,5.8,3.2
2025-10-04T01:11:05,0.0,403.28125,5.7,3.2
2025-10-04T01:11:06,0.0,403.28125,5.8,3.2
2025-10-04T01:11:07,2.0,403.28125,5.8,3.2
2025-10-04T01:11:08,0.0,403.28125,5.7,3.2
2025-10-04T01:11:09,1.0,403.28125,5.8,3.2
2025-10-04T01:11:10,0.0,403.28125,5.8,3.2
2025-10-04T01:11:11,0.0,403.28125,5.7,3.2
2025-10-04T01:11:12,2.0,403.28125,5.8,3.2
2025-10-04T01:11:13,1.0,404.53125,5.8,3.2
2025-10-04T01:11:14,1.0,404.53125,5.8,3.2
2025-10-04T01:11:15,0.0,404.53125,5.7,3.2
2025-10-04T01:11:16,0.0,404.53125,5.8,3.2
2025-10-04T01:11:17,0.0,404.53125,5.8,3.2
2025-10-04T01:11:18,0.0,404.53125,5.7,3.2
2025-10-04T01:11:19,0.0,404.53125,5.8,3.2
2025-10-04T01:11:20,0.0,404.53125,5.8,3.2
2025-10-04T01:11:21,0.0,404.53125,5.7,3.2
2025-10-04T01:11:22,0.0,404.53125,5.7,3.2
2025-10-04T01:11:23,0.0,404.53125,5.8,3.2
2025-10-04T01:11:24,0.0,404.53125,5.7,3.2
2025-10-04T01:11:25,0.0,404.53125,5.7,3.2
2025-10-04T01:11:26,0.0,404.53125,5.8,3.2
2025-10-04T01:11:27,0.0,404.53125,5.8,3.2
2025-10-04T01:11:28,0.0,404.53125,5.7,3.2
2025-10-04T01:11:29,1.0,404.53125,5.9,3.2
2025-10-04T01:11:30,0.0,404.53125,5.8,3.2
2025-10-04T01:11:31,0.0,404.53125,5.7,3.2
2025-10-04T01:11:32,0.0,404.53125,5.8,3.2
2025-10-04T01:11:33,0.0,404.53125,5.8,3.2
2025-10-04T01:11:34,0.0,404.53125,5.7,3.2
2025-10-04T01:11:35,0.0,404.53125,5.8,3.2
2025-10-04T01:11:36,0.0,404.53125,5.8,3.2
2025-10-04T01:11:37,2.0,404.53125,5.7,3.2
2025-10-04T01:11:38,0.0,404.53125,5.8,3.2
2025-10-04T01:11:39,0.0,404.53125,5.8,3.2
2025-10-04T01:11:40,0.0,404.53125,5.7,3.2
2025-10-04T01:11:41,0.0,404.53125,5.7,3.2
2025-10-04T01:11:42,0.0,404.53125,5.8,3.2
2025-10-04T01:11:43,1.0,404.53125,5.8,3.2
2025-10-04T01:11:44,0.0,404.53125,5.8,3.2
2025-10-04T01:11:45,0.0,404.53125,5.8,3.2
2025-10-04T01:11:46,1.0,404.53125,5.8,3.2
2025-10-04T01:11:47,0.0,404.53125,5.7,3.2
2025-10-04T01:11:48,0.0,404.53125,5.8,3.2
2025-10-04T01:11:49,0.0,404.53125,5.8,3.2
2025-10-04T01:11:50,2.0,405.78125,5.7,3.2
2025-10-04T01:11:51,0.0,405.78125,5.8,3.2
2025-10-04T01:11:52,0.0,405.78125,5.8,3.2
2025-10-04T01:11:53,2.0,405.78125,5.7,3.2
2025-10-04T01:11:54,0.0,405.78125,5.8,3.2
2025-10-04T01:11:55,0.0,405.78125,5.8,3.2
2025-10-04T01:11:56,0.0,405.78125,5.7,3.2
2025-10-04T01:11:57,0.0,405.78125,5.7,3.2
2025-10-04T01:11:58,0.0,405.78125,5.8,3.2
2025-10-04T01:11:59,0.0,405.78125,5.7,3.2
2025-10-04T01:12:00,0.0,405.78125,5.7,3.2
2025-10-04T01:12:01,0.0,405.78125,5.8,3.2
2025-10-04T01:12:02,0.0,405.78125,5.8,3.2
2025-10-04T01:12:03,0.0,405.78125,5.7,3.2
2025-10-04T01:12:04,0.0,405.78125,5.8,3.2
2025-10-04T01:12:05,0.0,405.78125,5.8,3.2
2025-10-04T01:12:06,0.0,405.78125,5.7,3.2
2025-10-04T01:12:07,2.0,407.03125,5.8,3.2
2025-10-04T01:12:08,0.0,407.03125,5.8,3.2
2025-10-04T01:12:09,0.0,407.03125,5.7,3.2
2025-10-04T01:12:10,0.0,407.03125,5.8,3.2
2025-10-04T01:12:11,1.0,407.03125,5.8,3.2
2025-10-04T01:12:12,0.0,407.03125,5.7,3.2
2025-10-04T01:12:13,0.0,407.03125,5.7,3.2
2025-10-04T01:12:14,0.0,407.03125,5.8,3.2
2025-10-04T01:12:15,0.0,407.03125,5.7,3.2
2025-10-04T01:12:16,0.0,407.03125,5.7,3.2
2025-10-04T01:12:17,0.0,407.03125,5.8,3.2
2025-10-04T01:12:18,0.0,407.03125,5.8,3.2
2025-10-04T01:12:19,0.0,407.03125,5.7,3.2
2025-10-04T01:12:20,0.0,407.03125,5.8,3.2
2025-10-04T01:12:21,1.0,407.03125,5.8,3.2
2025-10-04T01:12:22,1.0,407.03125,5.7,3.2
2025-10-04T01:12:23,0.0,407.03125,5.8,3.2
2025-10-04T01:12:24,0.0,407.03125,5.8,3.2
2025-10-04T01:12:25,0.0,407.03125,5.7,3.2
2025-10-04T01:12:26,0.0,407.03125,5.8,3.2
2025-10-04T01:12:27,0.0,407.03125,5.8,3.2
2025-10-04T01:12:28,0.0,407.03125,5.8,3.2
2025-10-04T01:12:29,0.0,407.03125,5.7,3.2
2025-10-04T01:12:30,0.0,407.03125,5.8,3.2
2025-10-04T01:12:31,2.0,408.28125,5.8,3.2
2025-10-04T01:12:32,0.0,408.28125,5.7,3.2
2025-10-04T01:12:33,0.0,408.28125,5.8,3.2
2025-10-04T01:12:34,0.0,408.28125,5.8,3.2
2025-10-04T01:12:35,0.0,408.28125,5.7,3.2
2025-10-04T01:12:36,0.0,408.28125,5.8,3.2
2025-10-04T01:12:37,0.0,408.28125,5.8,3.2
2025-10-04T01:12:38,1.0,408.28125,5.7,3.2
2025-10-04T01:12:39,2.0,408.28125,5.8,3.2
2025-10-04T01:12:40,0.0,408.28125,5.8,3.2
2025-10-04T01:12:41,0.0,408.28125,5.7,3.2
2025-10-04T01:12:42,0.0,408.28125,5.8,3.2
2025-10-04T01:12:43,0.0,408.28125,5.8,3.2
2025-10-04T01:12:44,0.0,408.28125,5.7,3.2
2025-10-04T01:12:45,0.0,408.28125,5.7,3.2
2025-10-04T01:12:46,0.0,408.28125,5.8,3.2
2025-10-04T01:12:47,0.0,408.28125,5.8,3.2
2025-10-04T01:12:48,0.0,408.28125,5.7,3.2
2025-10-04T01:12:49,0.0,408.28125,5.8,3.2
2025-10-04T01:12:50,0.0,408.28125,5.8,3.2
2025-10-04T01:12:51,2.0,409.53125,5.7,3.2
2025-10-04T01:12:52,0.0,409.53125,5.8,3.2
2025-10-04T01:12:53,0.0,409.53125,5.8,3.2
2025-10-04T01:12:54,0.0,409.53125,5.7,3.2
2025-10-04T01:12:55,0.0,409.53125,5.8,3.2
2025-10-04T01:12:56,0.0,409.53125,5.8,3.2
2025-10-04T01:12:57,0.0,409.53125,5.7,3.2
2025-10-04T01:12:58,0.0,409.53125,5.8,3.2
2025-10-04T01:12:59,0.0,409.53125,5.8,3.2
2025-10-04T01:13:00,0.0,409.53125,5.7,3.2
2025-10-04T01:13:01,0.0,409.53125,5.8,3.2
2025-10-04T01:13:02,0.0,409.53125,5.8,3.2
2025-10-04T01:13:03,0.0,409.53125,5.8,3.2
2025-10-04T01:13:04,1.0,409.53125,5.7,3.2
2025-10-04T01:13:05,0.0,409.53125,5.8,3.2
2025-10-04T01:13:06,0.0,409.53125,5.8,3.2
2025-10-04T01:13:07,0.0,409.53125,5.7,3.2
2025-10-04T01:13:08,2.0,409.53125,5.8,3.2
2025-10-04T01:13:09,0.0,409.53125,5.8,3.2
2025-10-04T01:13:10,0.0,409.53125,5.7,3.2
2025-10-04T01:13:11,0.0,409.53125,5.8,3.2
2025-10-04T01:13:12,0.0,409.53125,5.8,3.2
2025-10-04T01:13:13,0.0,409.53125,5.7,3.2
2025-10-04T01:13:14,0.0,409.53125,5.8,3.2
2025-10-04T01:13:15,0.0,409.53125,5.8,3.2
2025-10-04T01:13:16,2.0,409.53125,5.8,3.2
2025-10-04T01:13:17,0.0,409.53125,5.7,3.2
2025-10-04T01:13:18,0.0,409.53125,5.8,3.2
2025-10-04T01:13:19,0.0,409.53125,5.7,3.2
2025-10-04T01:13:20,3.0,410.78125,5.8,3.2
2025-10-04T01:13:21,0.0,410.78125,5.8,3.2
2025-10-04T01:13:22,0.0,410.78125,5.8,3.2
2025-10-04T01:13:23,0.0,410.78125,5.7,3.2
2025-10-04T01:13:24,0.0,410.78125,5.8,3.2
2025-10-04T01:13:25,0.0,410.78125,5.8,3.2
2025-10-04T01:13:26,0.0,410.78125,5.7,3.2
2025-10-04T01:13:27,1.0,410.78125,5.8,3.2
2025-10-04T01:13:28,0.0,410.78125,5.8,3.2
2025-10-04T01:13:29,1.0,410.78125,5.7,3.2
2025-10-04T01:13:30,0.0,410.78125,5.8,3.2
2025-10-04T01:13:31,0.0,410.78125,5.8,3.2
2025-10-04T01:13:32,0.0,410.78125,5.7,3.2
2025-10-04T01:13:33,0.0,410.78125,5.7,3.2
2025-10-04T01:13:34,0.0,410.78125,5.8,3.2
2025-10-04T01:13:35,0.0,410.78125,5.8,3.2
2025-10-04T01:13:36,0.0,410.78125,5.7,3.2
2025-10-04T01:13:37,0.0,410.78125,5.8,3.2
2025-10-04T01:13:38,0.0,410.78125,5.8,3.2
2025-10-04T01:13:39,0.0,410.78125,5.7,3.2
2025-10-04T01:13:40,0.0,410.78125,5.8,3.2
2025-10-04T01:13:41,0.0,410.78125,5.8,3.2
2025-10-04T01:13:42,0.0,410.78125,5.7,3.2
2025-10-04T01:13:43,2.0,410.78125,5.8,3.2
2025-10-04T01:13:44,0.0,410.78125,5.8,3.2
2025-10-04T01:13:45,0.0,410.78125,5.7,3.2
2025-10-04T01:13:46,0.0,410.78125,5.8,3.2
2025-10-04T01:13:47,0.0,410.78125,5.8,3.2
2025-10-04T01:13:48,0.0,410.78125,5.8,3.2
2025-10-04T01:13:49,1.0,410.78125,5.8,3.2
2025-10-04T01:13:50,0.0,410.78125,5.8,3.2
2025-10-04T01:13:51,0.0,410.78125,5.8,3.2
2025-10-04T01:13:52,0.0,410.78125,5.7,3.2
2025-10-04T01:13:53,2.0,412.03125,5.8,3.2
2025-10-04T01:13:54,0.0,412.03125,5.8,3.2
2025-10-04T01:13:55,0.0,412.03125,5.7,3.2
2025-10-04T01:13:56,0.0,412.03125,5.8,3.2
2025-10-04T01:13:57,1.0,412.03125,5.8,3.2
2025-10-04T01:13:58,0.0,412.03125,5.7,3.2
2025-10-04T01:13:59,0.0,412.03125,5.8,3.2
2025-10-04T01:14:00,2.0,412.03125,5.8,3.2
2025-10-04T01:14:01,0.0,412.03125,5.7,3.2
2025-10-04T01:14:02,0.0,412.03125,5.7,3.2
2025-10-04T01:14:03,0.0,412.03125,5.8,3.2
2025-10-04T01:14:04,0.0,412.03125,5.7,3.2
2025-10-04T01:14:05,0.0,412.03125,5.7,3.2
2025-10-04T01:14:06,0.0,412.03125,5.8,3.2
2025-10-04T01:14:07,0.0,412.03125,5.8,3.2
2025-10-04T01:14:08,0.0,412.03125,5.7,3.2
2025-10-04T01:14:09,0.0,412.03125,5.8,3.2
2025-10-04T01:14:10,0.0,412.03125,5.8,3.2
2025-10-04T01:14:11,0.0,412.03125,5.7,3.2
2025-10-04T01:14:12,0.0,412.03125,5.8,3.2
2025-10-04T01:14:13,0.0,412.03125,5.8,3.2
2025-10-04T01:14:14,0.0,412.03125,5.7,3.2
2025-10-04T01:14:15,0.0,412.03125,5.7,3.2
2025-10-04T01:14:16,0.0,412.03125,5.8,3.2
2025-10-04T01:14:17,0.0,412.03125,5.7,3.2
2025-10-04T01:14:18,0.0,412.03125,5.8,3.2
2025-10-04T01:14:19,1.0,412.03125,5.8,3.2
2025-10-04T01:14:20,0.0,412.03125,5.8,3.2
2025-10-04T01:14:21,0.0,412.03125,5.7,3.2
2025-10-04T01:14:22,0.0,412.03125,5.8,3.2
2025-10-04T01:14:23,0.0,412.03125,5.8,3.2
2025-10-04T01:14:24,4.0,414.53125,5.8,3.2
2025-10-04T01:14:25,0.0,414.53125,5.8,3.2
2025-10-04T01:14:26,1.0,414.53125,5.8,3.2
2025-10-04T01:14:27,0.0,414.53125,5.7,3.2
2025-10-04T01:14:28,1.0,414.53125,5.8,3.2
2025-10-04T01:14:29,0.0,414.53125,5.8,3.2
2025-10-04T01:14:30,0.0,414.53125,5.7,3.2
2025-10-04T01:14:31,0.0,414.53125,5.8,3.2
2025-10-04T01:14:32,0.0,414.53125,5.8,3.2
2025-10-04T01:14:33,0.0,414.53125,5.7,3.2
2025-10-04T01:14:34,0.0,414.53125,5.8,3.2
2025-10-04T01:14:35,0.0,414.53125,5.8,3.2
2025-10-04T01:14:36,0.0,414.53125,5.7,3.2
2025-10-04T01:14:37,1.0,414.53125,5.8,3.2
2025-10-04T01:14:38,0.0,414.53125,5.8,3.2
2025-10-04T01:14:39,0.0,414.53125,5.7,3.2
2025-10-04T01:14:40,1.0,414.53125,5.7,3.2
2025-10-04T01:14:41,0.0,414.53125,5.8,3.2
2025-10-04T01:14:42,0.0,414.53125,5.7,3.2
2025-10-04T01:14:43,0.0,414.53125,5.7,3.2
2025-10-04T01:14:44,0.0,414.53125,5.8,3.2
2025-10-04T01:14:45,0.0,414.53125,5.8,3.2
2025-10-04T01:14:46,0.0,414.53125,5.7,3.2
2025-10-04T01:14:47,0.0,414.53125,5.8,3.2
2025-10-04T01:14:48,0.0,414.53125,5.8,3.2
2025-10-04T01:14:49,0.0,414.53125,5.7,3.2
2025-10-04T01:14:50,0.0,414.53125,5.8,3.2
2025-10-04T01:14:51,0.0,414.53125,5.8,3.2
2025-10-04T01:14:52,0.0,414.53125,5.7,3.2
2025-10-04T01:14:53,0.0,414.53125,5.7,3.2
2025-10-04T01:14:54,1.0,414.53125,5.8,3.2
2025-10-04T01:14:55,0.0,414.53125,5.7,3.2
2025-10-04T01:14:56,0.0,414.53125,5.8,3.2
2025-10-04T01:14:57,0.0,414.53125,5.8,3.2
2025-10-04T01:14:58,0.0,414.53125,5.8,3.2
2025-10-04T01:14:59,0.0,414.53125,5.7,3.2
2025-10-04T01:15:00,0.0,414.53125,5.8,3.2
2025-10-04T01:15:01,0.0,414.53125,5.8,3.2
2025-10-04T01:15:02,0.0,414.53125,5.7,3.2
2025-10-04T01:15:03,2.0,414.53125,5.8,3.2
2025-10-04T01:15:04,0.0,414.53125,5.8,3.2
2025-10-04T01:15:05,0.0,414.53125,5.7,3.2
2025-10-04T01:15:06,0.0,414.53125,5.8,3.2
2025-10-04T01:15:07,0.0,414.53125,5.8,3.2
2025-10-04T01:15:08,0.0,414.53125,5.7,3.2
2025-10-04T01:15:09,2.0,414.53125,5.7,3.2
2025-10-04T01:15:10,1.0,414.53125,5.8,3.2
2025-10-04T01:15:11,0.0,414.53125,5.7,3.2
2025-10-04T01:15:12,1.0,414.53125,5.8,3.2
2025-10-04T01:15:13,0.0,414.53125,5.8,3.2
2025-10-04T01:15:14,0.0,414.53125,5.7,3.2
2025-10-04T01:15:15,0.0,414.53125,5.7,3.2
2025-10-04T01:15:16,0.0,414.53125,5.8,3.2
2025-10-04T01:15:17,0.0,414.53125,5.8,3.2
2025-10-04T01:15:18,0.0,414.53125,5.7,3.2
2025-10-04T01:15:19,1.0,414.53125,5.8,3.2
2025-10-04T01:15:20,0.0,414.53125,5.8,3.2
2025-10-04T01:15:21,0.0,414.53125,5.7,3.2
2025-10-04T01:15:22,1.0,415.78125,5.8,3.2
2025-10-04T01:15:23,0.0,415.78125,5.8,3.2
2025-10-04T01:15:24,0.0,415.78125,5.7,3.2
2025-10-04T01:15:25,0.0,415.78125,5.8,3.2
2025-10-04T01:15:26,0.0,415.78125,5.8,3.2
2025-10-04T01:15:27,1.0,415.78125,5.7,3.2
2025-10-04T01:15:28,0.0,415.78125,5.8,3.2
2025-10-04T01:15:29,0.0,415.78125,5.8,3.2
2025-10-04T01:15:30,0.0,415.78125,5.7,3.2
2025-10-04T01:15:31,0.0,415.78125,5.8,3.2
2025-10-04T01:15:32,0.0,415.78125,5.8,3.2
2025-10-04T01:15:33,0.0,415.78125,5.7,3.2
2025-10-04T01:15:34,1.0,415.78125,5.7,3.2
2025-10-04T01:15:35,0.0,415.78125,5.8,3.2
2025-10-04T01:15:36,0.0,415.78125,5.8,3.2
2025-10-04T01:15:37,0.0,415.78125,5.7,3.2
2025-10-04T01:15:38,1.0,415.78125,5.8,3.2
2025-10-04T01:15:39,1.0,415.78125,5.8,3.2
2025-10-04T01:15:40,0.0,415.78125,5.7,3.2
2025-10-04T01:15:41,0.0,415.78125,5.8,3.2
2025-10-04T01:15:42,0.0,415.78125,5.8,3.2
2025-10-04T01:15:43,0.0,415.78125,5.7,3.2
2025-10-04T01:15:44,0.0,415.78125,5.8,3.2
2025-10-04T01:15:45,1.0,415.78125,5.8,3.2
2025-10-04T01:15:46,0.0,415.78125,5.8,3.2
2025-10-04T01:15:47,0.0,415.78125,5.7,3.2
2025-10-04T01:15:48,0.0,415.78125,5.8,3.2
2025-10-04T01:15:49,0.0,415.78125,5.7,3.2
2025-10-04T01:15:50,0.0,415.78125,5.7,3.2
2025-10-04T01:15:51,0.0,415.78125,5.8,3.2
2025-10-04T01:15:52,0.0,415.78125,5.8,3.2
2025-10-04T01:15:53,0.0,415.78125,5.7,3.2
2025-10-04T01:15:54,0.0,415.78125,5.8,3.2
2025-10-04T01:15:55,0.0,415.78125,5.8,3.2
2025-10-04T01:15:56,0.0,415.78125,5.7,3.2
2025-10-04T01:15:57,0.0,415.78125,5.8,3.2
2025-10-04T01:15:58,0.0,415.78125,5.8,3.2
2025-10-04T01:15:59,0.0,415.78125,5.7,3.2
2025-10-04T01:16:00,0.0,415.78125,5.8,3.2
2025-10-04T01:16:01,0.0,415.78125,5.8,3.2
2025-10-04T01:16:02,0.0,415.78125,5.7,3.2
2025-10-04T01:16:03,1.0,415.78125,5.8,3.2
2025-10-04T01:16:04,0.0,415.78125,5.8,3.2
2025-10-04T01:16:05,1.0,417.03125,5.8,3.2
2025-10-04T01:16:06,0.0,417.03125,5.7,3.2
2025-10-04T01:16:07,1.0,417.03125,5.8,3.2
2025-10-04T01:16:08,1.0,418.28125,5.8,3.2
2025-10-04T01:16:09,0.0,418.28125,5.7,3.2
2025-10-04T01:16:10,0.0,418.28125,5.8,3.2
2025-10-04T01:16:11,0.0,418.28125,5.8,3.2
2025-10-04T01:16:12,0.0,418.28125,5.7,3.2
2025-10-04T01:16:13,1.0,418.28125,5.8,3.2
2025-10-04T01:16:14,0.0,418.28125,5.8,3.2
2025-10-04T01:16:15,1.0,418.28125,5.7,3.2
2025-10-04T01:16:16,0.0,418.28125,5.8,3.2
2025-10-04T01:16:17,0.0,418.28125,5.8,3.2
2025-10-04T01:16:18,2.0,419.53125,5.8,3.2
2025-10-04T01:16:19,0.0,419.53125,5.8,3.2
2025-10-04T01:16:20,0.0,419.53125,5.8,3.2
2025-10-04T01:16:21,0.0,419.53125,5.7,3.2
2025-10-04T01:16:22,0.0,419.53125,5.7,3.2
2025-10-04T01:16:23,0.0,419.53125,5.8,3.2
2025-10-04T01:16:24,0.0,419.53125,5.8,3.2
2025-10-04T01:16:25,0.0,419.53125,5.7,3.2
2025-10-04T01:16:26,1.0,419.53125,5.8,3.2
2025-10-04T01:16:27,0.0,419.53125,5.8,3.2
2025-10-04T01:16:28,0.0,419.53125,5.7,3.2
2025-10-04T01:16:29,0.0,419.53125,5.8,3.2
2025-10-04T01:16:30,0.0,419.53125,5.8,3.2
2025-10-04T01:16:31,0.0,419.53125,5.7,3.2
2025-10-04T01:16:32,0.0,419.53125,5.8,3.2
2025-10-04T01:16:33,0.0,419.53125,5.8,3.2
2025-10-04T01:16:34,0.0,419.53125,5.7,3.2
2025-10-04T01:16:35,0.0,419.53125,5.8,3.2
2025-10-04T01:16:36,0.0,419.53125,5.8,3.2
2025-10-04T01:16:37,0.0,419.53125,5.7,3.2
2025-10-04T01:16:38,0.0,419.53125,5.8,3.2
2025-10-04T01:16:39,0.0,419.53125,5.8,3.2
2025-10-04T01:16:40,1.0,419.53125,5.8,3.2
2025-10-04T01:16:41,0.0,419.53125,5.7,3.2
2025-10-04T01:16:42,0.0,419.53125,5.8,3.2
2025-10-04T01:16:43,0.0,419.53125,5.8,3.2
2025-10-04T01:16:44,4.0,419.53125,5.7,3.2
2025-10-04T01:16:45,0.0,419.53125,5.8,3.2
2025-10-04T01:16:46,0.0,419.53125,5.8,3.2
2025-10-04T01:16:47,0.0,419.53125,5.7,3.2
2025-10-04T01:16:48,2.0,419.53125,5.8,3.2
2025-10-04T01:16:49,0.0,419.53125,5.8,3.2
2025-10-04T01:16:50,0.0,419.53125,5.7,3.2
2025-10-04T01:16:51,0.0,419.53125,5.8,3.2
2025-10-04T01:16:52,0.0,419.53125,5.8,3.2
2025-10-04T01:16:53,0.0,419.53125,5.7,3.2
2025-10-04T01:16:54,0.0,419.53125,5.7,3.2
2025-10-04T01:16:55,0.0,419.53125,5.8,3.2
2025-10-04T01:16:56,0.0,419.53125,5.8,3.2
2025-10-04T01:16:57,0.0,419.53125,5.9,3.2
2025-10-04T01:16:58,0.0,419.53125,5.8,3.2
2025-10-04T01:16:59,0.0,419.53125,5.8,3.2
2025-10-04T01:17:00,0.0,419.53125,5.7,3.2
2025-10-04T01:17:01,0.0,419.53125,5.8,3.2
2025-10-04T01:17:02,0.0,419.53125,5.8,3.2
2025-10-04T01:17:03,1.0,419.53125,5.7,3.2
2025-10-04T01:17:04,1.0,419.53125,5.8,3.2
2025-10-04T01:17:05,0.0,419.53125,5.8,3.2
2025-10-04T01:17:06,0.0,419.53125,5.7,3.2
2025-10-04T01:17:07,0.0,419.53125,5.7,3.2
2025-10-04T01:17:08,1.0,419.53125,5.8,3.2
2025-10-04T01:17:09,0.0,419.53125,5.7,3.2
2025-10-04T01:17:10,0.0,419.53125,5.8,3.2
2025-10-04T01:17:11,0.0,419.53125,5.8,3.2
2025-10-04T01:17:12,0.0,419.53125,5.8,3.2
2025-10-04T01:17:13,0.0,419.53125,5.7,3.2
2025-10-04T01:17:14,1.0,419.53125,5.8,3.2
2025-10-04T01:17:15,0.0,419.53125,5.8,3.2
2025-10-04T01:17:16,0.0,419.53125,5.7,3.2
2025-10-04T01:17:17,1.0,419.53125,5.8,3.2
2025-10-04T01:17:18,0.0,419.53125,5.8,3.2
2025-10-04T01:17:19,0.0,419.53125,5.7,3.2
2025-10-04T01:17:20,0.0,419.53125,5.8,3.2
2025-10-04T01:17:21,0.0,419.53125,5.8,3.2
2025-10-04T01:17:22,1.0,420.78125,5.7,3.2
2025-10-04T01:17:23,0.0,420.78125,5.8,3.2
2025-10-04T01:17:24,0.0,420.78125,5.8,3.2
2025-10-04T01:17:25,0.0,420.78125,5.7,3.2
2025-10-04T01:17:26,1.0,420.78125,5.7,3.2
2025-10-04T01:17:27,0.0,420.78125,5.8,3.2
2025-10-04T01:17:28,0.0,420.78125,5.8,3.2
2025-10-04T01:17:29,0.0,420.78125,5.7,3.2
2025-10-04T01:17:30,0.0,420.78125,5.8,3.2
2025-10-04T01:17:31,0.0,420.78125,5.8,3.2
2025-10-04T01:17:32,0.0,420.78125,5.7,3.2
2025-10-04T01:17:33,0.0,420.78125,5.8,3.2
2025-10-04T01:17:34,2.0,420.78125,5.8,3.2
2025-10-04T01:17:35,0.0,420.78125,5.7,3.2
2025-10-04T01:17:36,0.0,420.78125,5.8,3.2
2025-10-04T01:17:37,0.0,420.78125,5.8,3.2
2025-10-04T01:17:38,0.0,420.78125,5.7,3.2
2025-10-04T01:17:39,1.0,422.03125,5.8,3.2
2025-10-04T01:17:40,0.0,422.03125,5.8,3.2
2025-10-04T01:17:41,1.0,422.03125,5.7,3.2
2025-10-04T01:17:42,0.0,422.03125,5.7,3.2
2025-10-04T01:17:43,0.0,422.03125,5.8,3.2
2025-10-04T01:17:44,1.0,422.03125,5.8,3.2
2025-10-04T01:17:45,0.0,422.03125,5.7,3.2
2025-10-04T01:17:46,0.0,422.03125,5.8,3.2
2025-10-04T01:17:47,0.0,422.03125,5.8,3.2
2025-10-04T01:17:48,0.0,422.03125,5.7,3.2
2025-10-04T01:17:49,0.0,422.03125,5.8,3.2
2025-10-04T01:17:50,0.0,422.03125,5.8,3.2
2025-10-04T01:17:51,0.0,422.03125,5.7,3.2
2025-10-04T01:17:52,0.0,422.03125,5.8,3.2
2025-10-04T01:17:53,0.0,422.03125,5.8,3.2
2025-10-04T01:17:54,0.0,422.03125,5.7,3.2
2025-10-04T01:17:55,0.0,422.03125,5.7,3.2
2025-10-04T01:17:56,0.0,422.03125,5.8,3.2
2025-10-04T01:17:57,2.0,423.28125,5.8,3.2
2025-10-04T01:17:58,0.0,423.28125,5.7,3.2
2025-10-04T01:17:59,0.0,423.28125,5.8,3.2
2025-10-04T01:18:00,0.0,423.28125,5.8,3.2
2025-10-04T01:18:01,0.0,423.28125,5.7,3.2
2025-10-04T01:18:02,0.0,423.28125,5.8,3.2
2025-10-04T01:18:03,0.0,423.28125,5.8,3.2
2025-10-04T01:18:04,0.0,423.28125,5.7,3.2
2025-10-04T01:18:05,0.0,423.28125,5.8,3.2
2025-10-04T01:18:06,0.0,423.28125,5.8,3.2
2025-10-04T01:18:07,0.0,423.28125,5.7,3.2
2025-10-04T01:18:08,1.0,423.28125,5.8,3.2
2025-10-04T01:18:09,0.0,423.28125,5.8,3.2
2025-10-04T01:18:10,3.0,423.28125,5.8,3.2
2025-10-04T01:18:11,0.0,423.28125,5.7,3.2
2025-10-04T01:18:12,0.0,423.28125,5.8,3.2
2025-10-04T01:18:13,0.0,423.28125,5.7,3.2
2025-10-04T01:18:14,0.0,423.28125,5.7,3.2
2025-10-04T01:18:15,0.0,423.28125,5.8,3.2
2025-10-04T01:18:16,2.0,424.53125,5.8,3.2
2025-10-04T01:18:17,0.0,424.53125,5.7,3.2
2025-10-04T01:18:18,0.0,424.53125,5.8,3.2
2025-10-04T01:18:19,0.0,424.53125,5.8,3.2
2025-10-04T01:18:20,0.0,424.53125,5.7,3.2
2025-10-04T01:18:21,0.0,424.53125,5.8,3.2
2025-10-04T01:18:22,0.0,424.53125,5.8,3.2
2025-10-04T01:18:23,0.0,424.53125,5.7,3.2
2025-10-04T01:18:24,0.0,424.53125,5.8,3.2
2025-10-04T01:18:25,0.0,424.53125,5.8,3.2
2025-10-04T01:18:26,0.0,424.53125,5.7,3.2
2025-10-04T01:18:27,0.0,424.53125,5.8,3.2
2025-10-04T01:18:28,0.0,424.53125,5.8,3.2
2025-10-04T01:18:29,0.0,424.53125,5.7,3.2
2025-10-04T01:18:30,0.0,424.53125,5.7,3.2
2025-10-04T01:18:31,1.0,424.53125,5.8,3.2
2025-10-04T01:18:32,0.0,424.53125,5.8,3.2
2025-10-04T01:18:33,0.0,424.53125,5.7,3.2
2025-10-04T01:18:34,0.0,424.53125,5.8,3.2
2025-10-04T01:18:35,0.0,424.53125,5.8,3.2
2025-10-04T01:18:36,0.0,424.53125,5.7,3.2
2025-10-04T01:18:37,0.0,424.53125,5.8,3.2
2025-10-04T01:18:38,0.0,424.53125,5.8,3.2
2025-10-04T01:18:39,0.0,424.53125,5.7,3.2
2025-10-04T01:18:40,0.0,424.53125,5.8,3.2
2025-10-04T01:18:41,2.0,424.53125,5.8,3.2
2025-10-04T01:18:42,0.0,424.53125,5.7,3.2
2025-10-04T01:18:43,0.0,424.53125,5.8,3.2
2025-10-04T01:18:44,0.0,424.53125,5.8,3.2
2025-10-04T01:18:45,0.0,424.53125,5.7,3.2
2025-10-04T01:18:46,3.0,425.78125,5.8,3.2
2025-10-04T01:18:47,0.0,425.78125,5.8,3.2
2025-10-04T01:18:48,0.0,425.78125,5.8,3.2
2025-10-04T01:18:49,0.0,425.78125,5.7,3.2
2025-10-04T01:18:50,0.0,425.78125,5.8,3.2
2025-10-04T01:18:51,0.0,425.78125,5.8,3.2
2025-10-04T01:18:52,0.0,425.78125,5.7,3.2
2025-10-04T01:18:53,0.0,425.78125,5.8,3.2
2025-10-04T01:18:54,0.0,425.78125,5.8,3.2
2025-10-04T01:18:55,0.0,425.78125,5.7,3.2
2025-10-04T01:18:56,0.0,425.78125,5.8,3.2
2025-10-04T01:18:57,0.0,425.78125,5.8,3.2
2025-10-04T01:18:58,2.0,425.78125,5.8,3.2
2025-10-04T01:18:59,0.0,425.78125,5.8,3.2
2025-10-04T01:19:00,0.0,425.78125,5.8,3.2
2025-10-04T01:19:01,0.0,425.78125,5.7,3.2
2025-10-04T01:19:02,1.0,425.78125,5.8,3.2
2025-10-04T01:19:03,0.0,425.78125,5.8,3.2
2025-10-04T01:19:04,0.0,425.78125,5.7,3.2
2025-10-04T01:19:05,1.0,425.78125,5.8,3.2
2025-10-04T01:19:06,0.0,425.78125,5.8,3.2
2025-10-04T01:19:07,0.0,425.78125,5.8,3.2
2025-10-04T01:19:08,0.0,425.78125,5.8,3.2
2025-10-04T01:19:09,0.0,425.78125,5.8,3.2
2025-10-04T01:19:10,2.0,425.78125,5.8,3.2
2025-10-04T01:19:11,0.0,425.78125,5.7,3.2
2025-10-04T01:19:12,1.0,425.78125,5.8,3.2
2025-10-04T01:19:13,0.0,425.78125,5.8,3.2
2025-10-04T01:19:14,0.0,425.78125,5.7,3.2
2025-10-04T01:19:15,0.0,425.78125,5.8,3.2
2025-10-04T01:19:16,0.0,425.78125,5.8,3.2
2025-10-04T01:19:17,7.0,449.32421875,5.7,3.2
2025-10-04T01:19:19,100.2,2194.421875,5.7,3.4
2025-10-04T01:19:20,127.4,7196.109375,5.7,3.6
2025-10-04T01:19:21,76.6,9320.484375,5.7,3.8
2025-10-04T01:19:21,93.9,5806.27734375,5.8,3.5
2025-10-04T01:19:22,98.9,3418.546875,5.7,3.4
2025-10-04T01:19:23,100.6,4198.546875,5.7,3.4
2025-10-04T01:19:24,99.9,4911.046875,5.7,3.5
2025-10-04T01:19:25,98.9,5609.796875,5.8,3.5
2025-10-04T01:19:28,100.9,8932.88671875,5.7,3.8
2025-10-04T01:19:28,96.9,8755.30859375,5.7,3.8
2025-10-04T01:19:29,87.3,9327.69921875,5.7,3.9
2025-10-04T01:19:29,102.9,13012.34375,5.7,3.9
2025-10-04T01:19:30,130.1,17249.5546875,5.7,4.2
2025-10-04T01:19:31,69.6,7162.0234375,5.7,3.6
2025-10-04T01:19:32,100.8,6196.75390625,5.7,3.6
2025-10-04T01:19:33,98.7,5750.109375,5.7,3.6
2025-10-04T01:19:34,99.8,5770.109375,5.7,3.6
2025-10-04T01:19:35,100.5,5835.109375,5.7,3.6
2025-10-04T01:19:36,98.7,6042.609375,5.7,3.6
2025-10-04T01:19:37,59.2,5908.2265625,5.9,3.6
2025-10-04T01:19:38,0.0,5908.2265625,6.0,3.6
2025-10-04T01:19:39,0.0,5908.2265625,5.8,3.6
2025-10-04T01:19:40,0.0,5908.2265625,5.7,3.6
2025-10-04T01:19:41,0.0,5908.2265625,5.8,3.6
2025-10-04T01:19:42,0.0,5908.2265625,5.8,3.6
2025-10-04T01:19:43,0.0,5908.2265625,5.7,3.6
2025-10-04T01:19:44,0.0,5908.2265625,5.8,3.6
2025-10-04T01:19:45,3.0,5908.2265625,5.8,3.6
2025-10-04T01:19:46,20.0,5908.2265625,6.3,3.6
2025-10-04T01:19:47,5.0,5908.2265625,5.8,3.6
2025-10-04T01:19:48,0.0,5908.2265625,5.8,3.6
2025-10-04T01:19:49,0.0,5908.2265625,5.7,3.6
2025-10-04T01:19:50,0.0,5908.2265625,5.8,3.6
2025-10-04T01:19:51,0.0,5908.2265625,5.8,3.6
2025-10-04T01:19:52,0.0,5908.2265625,5.7,3.6
2025-10-04T01:19:53,2.0,5908.2265625,5.7,3.6
2025-10-04T01:19:54,13.0,5908.2265625,6.1,3.6
2025-10-04T01:19:55,6.0,5908.2265625,5.9,3.6
2025-10-04T01:19:56,7.0,5908.2265625,5.9,3.6
2025-10-04T01:19:57,1.0,5908.2265625,5.8,3.6
2025-10-04T01:19:58,0.0,5908.2265625,5.8,3.6
2025-10-04T01:19:59,1.0,5908.2265625,5.7,3.6
2025-10-04T01:20:00,0.0,5908.2265625,5.8,3.6
2025-10-04T01:20:01,0.0,5908.2265625,5.8,3.6
2025-10-04T01:20:02,1.0,5908.2265625,5.7,3.6
2025-10-04T01:20:03,17.0,5908.2265625,6.2,3.6
2025-10-04T01:20:04,8.0,5908.2265625,5.9,3.6
2025-10-04T01:20:05,3.0,5908.2265625,5.8,3.6
2025-10-04T01:20:06,0.0,5908.2265625,5.8,3.6
2025-10-04T01:20:07,0.0,5908.2265625,5.8,3.6
2025-10-04T01:20:08,0.0,5908.2265625,5.7,3.6
2025-10-04T01:20:09,0.0,5908.2265625,5.8,3.6
2025-10-04T01:20:10,0.0,5908.2265625,5.8,3.6
2025-10-04T01:20:11,1.0,5908.2265625,5.7,3.6
2025-10-04T01:20:12,12.0,5908.2265625,6.0,3.6
2025-10-04T01:20:13,7.0,5908.2265625,5.9,3.6
2025-10-04T01:20:14,7.0,5908.2265625,5.9,3.6
2025-10-04T01:20:15,2.0,5908.2265625,5.8,3.6
2025-10-04T01:20:16,0.0,5908.2265625,5.8,3.6
2025-10-04T01:20:17,0.0,5908.2265625,5.8,3.6
2025-10-04T01:20:18,0.0,5908.2265625,5.7,3.6
2025-10-04T01:20:19,1.0,5908.2265625,5.8,3.6
2025-10-04T01:20:20,13.0,5908.2265625,6.1,3.6
2025-10-04T01:20:21,7.0,5908.2265625,5.8,3.6
2025-10-04T01:20:22,5.0,5908.2265625,5.9,3.6
2025-10-04T01:20:23,4.0,5908.2265625,5.8,3.6
2025-10-04T01:20:24,0.0,5908.2265625,5.7,3.6
2025-10-04T01:20:25,1.0,5908.2265625,5.8,3.6
2025-10-04T01:20:26,0.0,5908.2265625,5.8,3.6
2025-10-04T01:20:27,0.0,5908.2265625,5.7,3.6
2025-10-04T01:20:28,12.0,5908.2265625,6.1,3.6
2025-10-04T01:20:29,9.0,5908.2265625,6.0,3.6
2025-10-04T01:20:30,7.0,5908.2265625,5.9,3.6
2025-10-04T01:20:31,2.0,5908.2265625,5.8,3.6
2025-10-04T01:20:32,0.0,5908.2265625,5.8,3.6
2025-10-04T01:20:33,0.0,5908.2265625,5.7,3.6
2025-10-04T01:20:34,0.0,5908.2265625,5.7,3.6
2025-10-04T01:20:35,0.0,5908.2265625,5.8,3.6
2025-10-04T01:20:36,32.0,5908.2265625,6.2,3.6
2025-10-04T01:20:37,7.0,5908.2265625,5.9,3.6
2025-10-04T01:20:38,6.0,5908.2265625,5.9,3.6
2025-10-04T01:20:39,0.0,5908.2265625,5.8,3.6
2025-10-04T01:20:40,0.0,5908.2265625,5.7,3.6
2025-10-04T01:20:41,0.0,5908.2265625,5.8,3.6
2025-10-04T01:20:42,1.0,5908.2265625,5.8,3.6
2025-10-04T01:20:43,1.0,5908.2265625,5.7,3.6
2025-10-04T01:20:44,9.0,5908.2265625,6.0,3.6
2025-10-04T01:20:45,9.0,5908.2265625,6.0,3.6
2025-10-04T01:20:46,10.0,5908.2265625,6.0,3.6
2025-10-04T01:20:47,0.0,5908.2265625,5.8,3.6
2025-10-04T01:20:48,0.0,5908.2265625,5.8,3.6
2025-10-04T01:20:49,0.0,5908.2265625,5.7,3.6
2025-10-04T01:20:50,0.0,5908.2265625,5.8,3.6
2025-10-04T01:20:51,1.0,5908.2265625,5.8,3.6
2025-10-04T01:20:52,1.0,5908.2265625,5.7,3.6
2025-10-04T01:20:53,8.0,5908.2265625,5.9,3.6
2025-10-04T01:20:54,10.0,5908.2265625,6.0,3.6
2025-10-04T01:20:55,10.0,5908.2265625,5.9,3.6
2025-10-04T01:20:56,0.0,5908.2265625,5.8,3.6
2025-10-04T01:20:57,0.0,5908.2265625,5.8,3.6
2025-10-04T01:20:58,1.0,5908.2265625,5.8,3.6
2025-10-04T01:20:59,0.0,5908.2265625,5.7,3.6
2025-10-04T01:21:00,0.0,5908.2265625,5.8,3.6
2025-10-04T01:21:01,13.0,5908.2265625,6.1,3.6
2025-10-04T01:21:02,7.9,5908.2265625,5.9,3.6
2025-10-04T01:21:03,6.0,5908.2265625,6.0,3.6
2025-10-04T01:21:04,1.0,5908.2265625,5.8,3.6
2025-10-04T01:21:05,0.0,5908.2265625,5.7,3.6
2025-10-04T01:21:06,0.0,5908.2265625,5.8,3.6
2025-10-04T01:21:07,0.0,5908.2265625,5.8,3.6
2025-10-04T01:21:08,1.0,5908.2265625,5.7,3.6
2025-10-04T01:21:09,3.0,5908.2265625,5.8,3.6
2025-10-04T01:21:10,10.0,5908.2265625,6.0,3.6
2025-10-04T01:21:11,9.0,5908.2265625,6.0,3.6
2025-10-04T01:21:12,7.0,5908.2265625,5.9,3.6
2025-10-04T01:21:13,0.0,5908.2265625,5.8,3.6
2025-10-04T01:21:14,1.0,5908.2265625,5.7,3.6
2025-10-04T01:21:15,0.0,5908.2265625,5.8,3.6
2025-10-04T01:21:16,0.0,5908.2265625,5.8,3.6
2025-10-04T01:21:17,0.0,5908.2265625,5.7,3.6
2025-10-04T01:21:18,0.0,5908.2265625,5.8,3.6
2025-10-04T01:21:19,13.0,5908.2265625,6.1,3.6
2025-10-04T01:21:20,10.0,5908.2265625,6.0,3.6
2025-10-04T01:21:21,6.0,5908.2265625,5.9,3.6
2025-10-04T01:21:22,0.0,5908.2265625,5.8,3.6
2025-10-04T01:21:23,0.0,5908.2265625,5.8,3.6
2025-10-04T01:21:24,0.0,5908.2265625,5.8,3.6
2025-10-04T01:21:25,0.0,5908.2265625,5.8,3.6
2025-10-04T01:21:26,5.0,5908.2265625,5.9,3.6
2025-10-04T01:21:27,12.0,5908.2265625,6.0,3.6
2025-10-04T01:21:28,4.0,5908.2265625,5.9,3.6
2025-10-04T01:21:29,6.0,5908.2265625,5.9,3.6
2025-10-04T01:21:30,2.0,5908.2265625,5.7,3.6
2025-10-04T01:21:31,0.0,5908.2265625,5.8,3.6
2025-10-04T01:21:32,0.0,5908.2265625,5.8,3.6
2025-10-04T01:21:33,0.0,5908.2265625,5.7,3.6
2025-10-04T01:21:34,0.0,5908.2265625,5.8,3.6
2025-10-04T01:21:35,1.0,5908.2265625,5.8,3.6
2025-10-04T01:21:36,11.0,5908.2265625,6.0,3.6
2025-10-04T01:21:37,12.0,5908.2265625,6.0,3.6
2025-10-04T01:21:38,6.0,5908.2265625,5.9,3.6
2025-10-04T01:21:39,0.0,5908.2265625,5.7,3.6
2025-10-04T01:21:40,0.0,5908.2265625,5.8,3.6
2025-10-04T01:21:41,0.0,5908.2265625,5.8,3.6
2025-10-04T01:21:42,0.0,5908.2265625,5.7,3.6
2025-10-04T01:21:43,1.0,5908.2265625,5.8,3.6
2025-10-04T01:21:44,10.0,5908.2265625,6.1,3.6
2025-10-04T01:21:45,12.0,5908.2265625,6.0,3.6
2025-10-04T01:21:46,8.0,5908.2265625,5.9,3.6
2025-10-04T01:21:47,0.0,5908.2265625,5.8,3.6
2025-10-04T01:21:48,0.0,5908.2265625,5.8,3.6
2025-10-04T01:21:49,0.0,5908.2265625,5.7,3.6
2025-10-04T01:21:50,0.0,5908.2265625,5.8,3.6
2025-10-04T01:21:51,1.0,5908.2265625,5.8,3.6
2025-10-04T01:21:52,13.0,5908.2265625,6.0,3.6
2025-10-04T01:21:53,11.0,5908.2265625,6.0,3.6
2025-10-04T01:21:54,4.0,5908.2265625,5.9,3.6
2025-10-04T01:21:55,0.0,5908.2265625,5.7,3.6
2025-10-04T01:21:56,0.0,5908.2265625,5.8,3.6
2025-10-04T01:21:57,0.0,5908.2265625,5.8,3.6
2025-10-04T01:21:58,0.0,5908.2265625,5.7,3.6
2025-10-04T01:21:59,1.0,5908.2265625,5.8,3.6
2025-10-04T01:22:00,14.0,5908.2265625,6.1,3.6
2025-10-04T01:22:01,6.0,5908.2265625,5.8,3.6
2025-10-04T01:22:02,7.0,5908.2265625,5.9,3.6
2025-10-04T01:22:03,2.0,5908.2265625,5.8,3.6
2025-10-04T01:22:04,0.0,5908.2265625,5.7,3.6
2025-10-04T01:22:05,0.0,5908.2265625,5.8,3.6
2025-10-04T01:22:06,0.0,5908.2265625,5.8,3.6
2025-10-04T01:22:07,1.0,5908.2265625,5.7,3.6
2025-10-04T01:22:08,6.0,5908.2265625,5.9,3.6
2025-10-04T01:22:09,20.0,5908.2265625,6.1,3.6
2025-10-04T01:22:10,11.0,5908.2265625,6.0,3.6
2025-10-04T01:22:11,3.0,5908.2265625,5.8,3.6
2025-10-04T01:22:12,0.0,5908.2265625,5.8,3.6
2025-10-04T01:22:13,0.0,5908.2265625,5.8,3.6
2025-10-04T01:22:14,0.0,5908.2265625,5.7,3.6
2025-10-04T01:22:15,0.0,5908.2265625,5.8,3.6
2025-10-04T01:22:16,1.0,5908.2265625,5.8,3.6
2025-10-04T01:22:17,15.0,5908.2265625,6.1,3.6
2025-10-04T01:22:18,9.9,5908.2265625,6.0,3.6
2025-10-04T01:22:19,2.0,5908.2265625,5.9,3.6
2025-10-04T01:22:20,0.0,5908.2265625,5.7,3.6
2025-10-04T01:22:21,1.0,5908.2265625,5.8,3.6
2025-10-04T01:22:22,0.0,5908.2265625,5.8,3.6
2025-10-04T01:22:23,0.0,5908.2265625,5.7,3.6
2025-10-04T01:22:24,1.0,5908.2265625,5.8,3.6
2025-10-04T01:22:25,14.0,5908.2265625,6.3,3.6
2025-10-04T01:22:26,9.0,5908.2265625,5.9,3.6
2025-10-04T01:22:27,5.0,5908.2265625,5.9,3.6
2025-10-04T01:22:28,1.0,5908.2265625,5.8,3.6
2025-10-04T01:22:29,0.0,5908.2265625,5.7,3.6
2025-10-04T01:22:30,0.0,5908.2265625,5.7,3.6
2025-10-04T01:22:31,0.0,5908.2265625,5.8,3.6
2025-10-04T01:22:32,0.0,5908.2265625,5.7,3.6
2025-10-04T01:22:33,14.0,5908.2265625,6.1,3.6
2025-10-04T01:22:34,10.0,5908.2265625,6.0,3.6
2025-10-04T01:22:35,5.0,5908.2265625,5.9,3.6
2025-10-04T01:22:36,0.0,5908.2265625,5.7,3.6
2025-10-04T01:22:37,0.0,5908.2265625,5.8,3.6
2025-10-04T01:22:38,0.0,5908.2265625,5.8,3.6
2025-10-04T01:22:39,0.0,5908.2265625,5.7,3.6
2025-10-04T01:22:40,0.0,5908.2265625,5.8,3.6
2025-10-04T01:22:41,1.0,5908.2265625,5.8,3.6
2025-10-04T01:22:42,0.0,5908.2265625,5.7,3.6
2025-10-04T01:22:43,11.0,5908.2265625,6.1,3.6
2025-10-04T01:22:44,10.0,5908.2265625,6.0,3.6
2025-10-04T01:22:45,8.0,5908.2265625,5.9,3.6
2025-10-04T01:22:46,0.0,5908.2265625,5.8,3.6
2025-10-04T01:22:47,0.0,5908.2265625,5.8,3.6
2025-10-04T01:22:48,0.0,5908.2265625,5.7,3.6
2025-10-04T01:22:49,0.0,5908.2265625,5.8,3.6
2025-10-04T01:22:50,1.0,5908.2265625,5.8,3.6
2025-10-04T01:22:51,11.0,5908.2265625,6.0,3.6
2025-10-04T01:22:52,6.0,5908.2265625,5.9,3.6
2025-10-04T01:22:53,9.0,5908.2265625,6.0,3.6
2025-10-04T01:22:54,2.0,5908.2265625,5.8,3.6
2025-10-04T01:22:55,0.0,5908.2265625,5.7,3.6
2025-10-04T01:22:56,0.0,5908.2265625,5.8,3.6
2025-10-04T01:22:57,1.0,5908.2265625,5.8,3.6
2025-10-04T01:22:58,0.0,5908.2265625,5.8,3.6
2025-10-04T01:22:59,7.0,5908.2265625,5.9,3.6
2025-10-04T01:23:00,11.0,5908.2265625,6.0,3.6
2025-10-04T01:23:01,12.0,5908.2265625,6.0,3.6
2025-10-04T01:23:02,0.0,5908.2265625,5.8,3.6
2025-10-04T01:23:03,0.0,5908.2265625,5.8,3.6
2025-10-04T01:23:04,0.0,5908.2265625,5.7,3.6
2025-10-04T01:23:05,0.0,5908.2265625,5.8,3.6
2025-10-04T01:23:06,0.0,5908.2265625,5.8,3.6
2025-10-04T01:23:07,9.0,5908.2265625,5.9,3.6
2025-10-04T01:23:08,7.0,5908.2265625,6.0,3.6
2025-10-04T01:23:09,10.0,5908.2265625,6.0,3.6
2025-10-04T01:23:10,3.0,5908.2265625,5.8,3.6
2025-10-04T01:23:11,0.0,5908.2265625,5.8,3.6
2025-10-04T01:23:12,0.0,5908.2265625,5.8,3.6
2025-10-04T01:23:13,0.0,5908.2265625,5.7,3.6
2025-10-04T01:23:14,0.0,5908.2265625,5.8,3.6
2025-10-04T01:23:15,10.0,5908.2265625,6.0,3.6
2025-10-04T01:23:16,9.0,5908.2265625,6.0,3.6
2025-10-04T01:23:17,9.0,5908.2265625,5.9,3.6
2025-10-04T01:23:18,2.0,5908.2265625,5.9,3.6
2025-10-04T01:23:19,0.0,5908.2265625,5.7,3.6
2025-10-04T01:23:20,0.0,5908.2265625,5.8,3.6
2025-10-04T01:23:21,0.0,5908.2265625,5.8,3.6
2025-10-04T01:23:22,1.0,5908.2265625,5.7,3.6
2025-10-04T01:23:23,6.0,5908.2265625,5.9,3.6
2025-10-04T01:23:24,12.0,5908.2265625,6.0,3.6
2025-10-04T01:23:25,9.0,5908.2265625,5.9,3.6
2025-10-04T01:23:26,2.0,5908.2265625,5.8,3.6
2025-10-04T01:23:27,0.0,5908.2265625,5.8,3.6
2025-10-04T01:23:28,0.0,5908.2265625,5.8,3.6
2025-10-04T01:23:29,0.0,5908.2265625,5.7,3.6
2025-10-04T01:23:30,1.0,5908.2265625,5.8,3.6
2025-10-04T01:23:31,8.0,5908.2265625,6.0,3.6
2025-10-04T01:23:32,10.0,5908.2265625,5.9,3.6
2025-10-04T01:23:33,11.0,5908.2265625,6.0,3.6
2025-10-04T01:23:34,0.0,5908.2265625,5.8,3.6
2025-10-04T01:23:35,0.0,5908.2265625,5.7,3.6
2025-10-04T01:23:36,0.0,5908.2265625,5.8,3.6
2025-10-04T01:23:37,0.0,5908.2265625,5.8,3.6
2025-10-04T01:23:38,1.0,5908.2265625,5.8,3.6
2025-10-04T01:23:39,9.0,5908.2265625,6.0,3.6
2025-10-04T01:23:40,7.0,5908.2265625,5.9,3.6
2025-10-04T01:23:41,7.0,5908.2265625,5.9,3.6
2025-10-04T01:23:42,5.0,5908.2265625,5.9,3.6
2025-10-04T01:23:43,1.0,5908.2265625,5.8,3.6
2025-10-04T01:23:44,0.0,5908.2265625,5.7,3.6
2025-10-04T01:23:45,0.0,5908.2265625,5.7,3.6
2025-10-04T01:23:46,0.0,5908.2265625,5.8,3.6
2025-10-04T01:23:47,0.0,5908.2265625,5.7,3.6
2025-10-04T01:23:48,9.0,5908.2265625,6.0,3.6
2025-10-04T01:23:49,8.0,5908.2265625,5.9,3.6
2025-10-04T01:23:50,7.0,5908.2265625,6.0,3.6
2025-10-04T01:23:51,6.0,5908.2265625,5.8,3.6
2025-10-04T01:23:52,0.0,5908.2265625,5.8,3.6
2025-10-04T01:23:53,0.0,5908.2265625,5.8,3.6
2025-10-04T01:23:54,0.0,5908.2265625,5.7,3.6
2025-10-04T01:23:55,1.0,5908.2265625,5.8,3.6
2025-10-04T01:23:56,0.0,5908.2265625,5.8,3.6
2025-10-04T01:23:57,12.0,5908.2265625,6.0,3.6
2025-10-04T01:23:58,21.0,5908.2265625,6.1,3.6
2025-10-04T01:23:59,7.0,5908.2265625,5.9,3.6
2025-10-04T01:24:00,1.0,5908.2265625,5.7,3.6
2025-10-04T01:24:01,0.0,5908.2265625,5.8,3.6
2025-10-04T01:24:02,0.0,5908.2265625,5.8,3.6
2025-10-04T01:24:03,0.0,5908.2265625,5.7,3.6
2025-10-04T01:24:04,4.0,5908.2265625,5.9,3.6
2025-10-04T01:24:05,8.0,5908.2265625,5.9,3.6
2025-10-04T01:24:06,8.0,5908.2265625,5.9,3.6
2025-10-04T01:24:07,9.0,5908.2265625,5.9,3.6
2025-10-04T01:24:08,0.0,5908.2265625,5.8,3.6
2025-10-04T01:24:09,0.0,5908.2265625,5.8,3.6
2025-10-04T01:24:10,0.0,5908.2265625,5.7,3.6
2025-10-04T01:24:11,0.0,5908.2265625,5.8,3.6
2025-10-04T01:24:12,3.0,5908.2265625,5.8,3.6
2025-10-04T01:24:13,13.0,5908.2265625,6.0,3.6
2025-10-04T01:24:14,7.0,5908.2265625,6.0,3.6
2025-10-04T01:24:15,7.0,5908.2265625,5.9,3.6
2025-10-04T01:24:16,0.0,5908.2265625,5.7,3.6
2025-10-04T01:24:17,0.0,5908.2265625,5.8,3.6
2025-10-04T01:24:18,0.0,5908.2265625,5.8,3.6
2025-10-04T01:24:19,1.0,5908.2265625,5.7,3.6
2025-10-04T01:24:20,0.0,5908.2265625,5.8,3.6
2025-10-04T01:24:21,12.0,5908.2265625,6.1,3.6
2025-10-04T01:24:22,11.0,5908.2265625,5.9,3.6
2025-10-04T01:24:23,6.0,5908.2265625,5.9,3.6
2025-10-04T01:24:24,0.0,5908.2265625,5.8,3.6
2025-10-04T01:24:25,0.0,5908.2265625,5.7,3.6
2025-10-04T01:24:26,0.0,5908.2265625,5.7,3.6
2025-10-04T01:24:27,1.0,5908.2265625,5.8,3.6
2025-10-04T01:24:28,4.0,5908.2265625,5.9,3.6
2025-10-04T01:24:29,12.0,5908.2265625,6.0,3.6
2025-10-04T01:24:30,9.0,5908.2265625,6.0,3.6
2025-10-04T01:24:31,4.0,5908.2265625,5.9,3.6
2025-10-04T01:24:32,0.0,5908.2265625,5.7,3.6
2025-10-04T01:24:33,0.0,5908.2265625,5.8,3.6
2025-10-04T01:24:34,0.0,5908.2265625,5.8,3.6
2025-10-04T01:24:35,1.0,5908.2265625,5.7,3.6
2025-10-04T01:24:36,0.0,5908.2265625,5.8,3.6
2025-10-04T01:24:37,12.0,5908.2265625,6.1,3.6
2025-10-04T01:24:38,8.0,5908.2265625,5.9,3.6
2025-10-04T01:24:39,9.0,5908.2265625,6.0,3.6
2025-10-04T01:24:40,0.0,5908.2265625,5.8,3.6
2025-10-04T01:24:41,0.0,5908.2265625,5.7,3.6
2025-10-04T01:24:42,0.0,5908.2265625,5.8,3.6
2025-10-04T01:24:43,0.0,5908.2265625,5.8,3.6
2025-10-04T01:24:44,1.0,5908.2265625,5.8,3.6
2025-10-04T01:24:45,9.0,5908.2265625,6.0,3.6
2025-10-04T01:24:46,8.0,5908.2265625,6.0,3.6
2025-10-04T01:24:47,12.0,5908.2265625,6.0,3.6
2025-10-04T01:24:48,0.0,5908.2265625,5.7,3.6
2025-10-04T01:24:49,0.0,5908.2265625,5.8,3.6
2025-10-04T01:24:50,0.0,5908.2265625,5.8,3.6
2025-10-04T01:24:51,0.0,5908.2265625,5.7,3.6
2025-10-04T01:24:52,1.0,5908.2265625,5.8,3.6
2025-10-04T01:24:53,12.0,5908.2265625,6.1,3.6
2025-10-04T01:24:54,8.0,5908.2265625,5.9,3.6
2025-10-04T01:24:55,9.0,5908.2265625,6.0,3.6
2025-10-04T01:24:56,0.0,5908.2265625,5.8,3.6
2025-10-04T01:24:57,0.0,5908.2265625,5.7,3.6
2025-10-04T01:24:58,0.0,5908.2265625,5.8,3.6
2025-10-04T01:24:59,0.0,5908.2265625,5.8,3.6
2025-10-04T01:25:00,0.0,5908.2265625,5.7,3.6
2025-10-04T01:25:01,11.0,5908.2265625,6.0,3.6
2025-10-04T01:25:02,8.0,5908.2265625,6.0,3.6
2025-10-04T01:25:03,7.0,5908.2265625,5.9,3.6
2025-10-04T01:25:04,4.0,5908.2265625,5.9,3.6
2025-10-04T01:25:05,0.0,5908.2265625,5.8,3.6
2025-10-04T01:25:06,0.0,5908.2265625,5.7,3.6
2025-10-04T01:25:07,0.0,5908.2265625,5.7,3.6
2025-10-04T01:25:08,1.0,5908.2265625,5.8,3.6
2025-10-04T01:25:09,5.0,5908.2265625,5.9,3.6
2025-10-04T01:25:10,10.0,5908.2265625,5.9,3.6
2025-10-04T01:25:11,7.0,5908.2265625,5.9,3.6
2025-10-04T01:25:12,8.0,5908.2265625,5.9,3.6
2025-10-04T01:25:13,0.0,5908.2265625,5.7,3.6
2025-10-04T01:25:14,0.0,5908.2265625,5.8,3.6
2025-10-04T01:25:15,0.0,5908.2265625,5.8,3.6
2025-10-04T01:25:16,0.0,5908.2265625,5.7,3.6
2025-10-04T01:25:17,2.0,5908.2265625,5.8,3.6
2025-10-04T01:25:18,10.0,5908.2265625,6.1,3.6
2025-10-04T01:25:19,11.0,5908.2265625,5.9,3.6
2025-10-04T01:25:20,7.0,5908.2265625,5.9,3.6
2025-10-04T01:25:21,0.0,5908.2265625,5.9,3.6
2025-10-04T01:25:22,0.0,5908.2265625,5.7,3.6
2025-10-04T01:25:23,0.0,5908.2265625,5.8,3.6
2025-10-04T01:25:24,1.0,5908.2265625,5.8,3.6
2025-10-04T01:25:25,2.0,5908.2265625,5.8,3.6
2025-10-04T01:25:26,10.0,5908.2265625,6.0,3.6
2025-10-04T01:25:27,5.0,5908.2265625,5.9,3.6
2025-10-04T01:25:28,10.0,5908.2265625,6.0,3.6
2025-10-04T01:25:29,2.0,5908.2265625,5.8,3.6
2025-10-04T01:25:30,0.0,5908.2265625,5.8,3.6
2025-10-04T01:25:31,0.0,5908.2265625,5.8,3.6
2025-10-04T01:25:32,1.0,5908.2265625,5.7,3.6
2025-10-04T01:25:33,0.0,5908.2265625,5.8,3.6
2025-10-04T01:25:34,12.0,5908.2265625,6.1,3.6
2025-10-04T01:25:35,8.0,5908.2265625,5.9,3.6
2025-10-04T01:25:36,9.0,5908.2265625,6.0,3.6
2025-10-04T01:25:37,0.0,5908.2265625,5.8,3.6
2025-10-04T01:25:38,0.0,5908.2265625,5.7,3.6
2025-10-04T01:25:39,1.0,5908.2265625,5.8,3.6
2025-10-04T01:25:40,0.0,5908.2265625,5.8,3.6
2025-10-04T01:25:41,0.0,5908.2265625,5.7,3.6
2025-10-04T01:25:42,9.0,5908.2265625,6.0,3.6
2025-10-04T01:25:43,11.0,5908.2265625,6.0,3.6
2025-10-04T01:25:44,9.0,5908.2265625,5.9,3.6
2025-10-04T01:25:45,1.0,5908.2265625,5.8,3.6
2025-10-04T01:25:46,0.0,5908.2265625,5.8,3.6
2025-10-04T01:25:47,0.0,5908.2265625,5.7,3.6
2025-10-04T01:25:48,1.0,5908.2265625,5.8,3.6
2025-10-04T01:25:49,0.0,5908.2265625,5.8,3.6
2025-10-04T01:25:50,11.0,5908.2265625,6.0,3.6
2025-10-04T01:25:51,19.0,5908.2265625,6.0,3.6
2025-10-04T01:25:52,8.0,5908.2265625,6.0,3.6
2025-10-04T01:25:53,0.0,5908.2265625,5.7,3.6
2025-10-04T01:25:54,0.0,5908.2265625,5.8,3.6
2025-10-04T01:25:55,0.0,5908.2265625,5.8,3.6
2025-10-04T01:25:56,1.0,5908.2265625,5.8,3.6
2025-10-04T01:25:57,0.0,5908.2265625,5.7,3.6
2025-10-04T01:25:58,12.0,5908.2265625,6.1,3.6
2025-10-04T01:25:59,11.0,5908.2265625,6.0,3.6
2025-10-04T01:26:00,5.0,5908.2265625,5.8,3.6
2025-10-04T01:26:01,1.0,5908.2265625,5.8,3.6
2025-10-04T01:26:02,0.0,5908.2265625,5.8,3.6
2025-10-04T01:26:03,0.0,5908.2265625,5.7,3.6
2025-10-04T01:26:04,0.0,5908.2265625,5.8,3.6
2025-10-04T01:26:05,1.0,5908.2265625,5.8,3.6
2025-10-04T01:26:06,5.0,5908.2265625,5.8,3.6
2025-10-04T01:26:07,7.0,5908.2265625,5.9,3.6
2025-10-04T01:26:08,9.0,5908.2265625,6.0,3.6
2025-10-04T01:26:09,9.0,5908.2265625,5.9,3.6
2025-10-04T01:26:10,0.0,5908.2265625,5.8,3.6
2025-10-04T01:26:11,0.0,5908.2265625,5.8,3.6
2025-10-04T01:26:12,0.0,5908.2265625,5.7,3.6
2025-10-04T01:26:13,1.0,5908.2265625,5.8,3.6
2025-10-04T01:26:14,0.0,5908.2265625,5.8,3.6
2025-10-04T01:26:15,8.0,5908.2265625,6.0,3.6
2025-10-04T01:26:16,10.0,5908.2265625,6.0,3.6
2025-10-04T01:26:17,9.0,5908.2265625,6.0,3.6
2025-10-04T01:26:18,1.0,5908.2265625,5.8,3.6
2025-10-04T01:26:19,0.0,5908.2265625,5.7,3.6
2025-10-04T01:26:20,0.0,5908.2265625,5.8,3.6
2025-10-04T01:26:21,0.0,5908.2265625,5.8,3.6
2025-10-04T01:26:22,0.0,5908.2265625,5.7,3.6
2025-10-04T01:26:23,5.0,5908.2265625,6.0,3.6
2025-10-04T01:26:24,4.0,5908.2265625,6.0,3.6
2025-10-04T01:26:25,4.0,5908.2265625,5.9,3.6
2025-10-04T01:26:26,0.0,5908.2265625,5.8,3.6
2025-10-04T01:26:27,0.0,5908.2265625,5.8,3.6
2025-10-04T01:26:28,0.0,5908.2265625,5.7,3.6
2025-10-04T01:26:29,0.0,5908.2265625,5.8,3.6
2025-10-04T01:26:30,0.0,5908.2265625,5.8,3.6
2025-10-04T01:26:31,72.7,5917.73828125,5.8,3.6
2025-10-04T01:26:32,99.2,5965.23828125,5.7,3.6
2025-10-04T01:26:33,99.7,6027.73828125,5.8,3.6
2025-10-04T01:26:36,99.5,5617.953125,5.7,3.7
2025-10-04T01:26:36,100.1,9063.68359375,5.7,3.7
2025-10-04T01:26:37,98.6,9268.515625,5.7,3.8
2025-10-04T01:26:38,100.0,10176.171875,5.8,4.0
2025-10-04T01:26:39,99.3,14224.93359375,5.7,4.1
2025-10-04T01:26:39,100.3,17873.7265625,5.7,4.2
2025-10-04T01:26:40,98.6,7484.03125,5.8,3.6
2025-10-04T01:26:41,99.8,7495.28125,5.7,3.6
2025-10-04T01:26:42,99.1,7561.53125,5.7,3.7
2025-10-04T01:26:43,101.8,7624.03125,5.7,3.7
2025-10-04T01:26:48,365.0,16579.8984375,5.7,4.2
2025-10-04T01:26:48,6.6,16745.80078125,5.6,4.2
2025-10-04T01:26:51,99.5,17495.4921875,5.7,4.2
2025-10-04T01:26:51,99.7,17508.9375,5.8,4.2
2025-10-04T01:26:51,96.6,19021.54296875,5.8,4.3
2025-10-04T01:26:54,99.6,20605.7109375,5.7,4.6
2025-10-04T01:26:54,101.0,28721.1015625,5.7,4.8
2025-10-04T01:26:54,102.5,29588.7734375,5.7,4.9
2025-10-04T01:26:55,137.3,31263.83203125,5.8,5.0
2025-10-04T01:26:57,120.1,38677.82421875,5.7,5.5
2025-10-04T01:26:57,85.8,41452.81640625,5.9,5.6
2025-10-04T01:26:58,91.8,43443.3515625,5.7,5.6
2025-10-04T01:26:59,149.9,46785.30078125,5.7,5.9
2025-10-04T01:26:59,80.2,49226.44921875,5.7,6.0
2025-10-04T01:26:59,92.7,49705.9765625,5.8,6.0
2025-10-04T01:27:01,98.5,51797.53515625,5.7,6.2
2025-10-04T01:27:04,99.2,60710.16796875,5.7,7.0
2025-10-04T01:27:04,100.3,69097.015625,5.8,7.1
2025-10-04T01:27:04,92.6,69686.0546875,5.6,7.1
2025-10-04T01:27:04,96.1,69800.07421875,5.6,5.2
2025-10-04T01:27:04,90.9,34945.08203125,16.7,5.2
2025-10-04T01:27:05,99.7,34945.08203125,5.7,5.2
2025-10-04T01:27:06,101.0,34945.08203125,5.7,5.2
2025-10-04T01:27:07,99.0,17411.78125,5.7,4.3
2025-10-04T01:27:08,100.0,17648.08984375,5.7,4.3
2025-10-04T01:27:09,99.0,19407.16796875,5.7,4.3
2025-10-04T01:27:10,100.0,20121.0234375,5.7,4.4
2025-10-04T01:27:11,100.0,21173.8359375,5.7,4.4
2025-10-04T01:27:12,99.0,24557.4609375,5.7,4.6
2025-10-04T01:27:13,99.7,22232.7890625,5.8,4.5
2025-10-04T01:27:14,100.3,23401.75,5.7,4.5
2025-10-04T01:27:15,99.5,20051.43359375,5.7,4.4
2025-10-04T01:27:16,99.2,20083.93359375,5.7,4.4
2025-10-04T01:27:17,100.3,20148.93359375,5.7,4.4
2025-10-04T01:27:18,99.6,20208.93359375,5.7,4.4
2025-10-04T01:27:19,100.4,20283.93359375,5.7,4.4
2025-10-04T01:27:20,98.5,20726.43359375,5.7,4.4
2025-10-04T01:27:21,100.0,21533.93359375,5.7,4.5
2025-10-04T01:27:22,99.2,22313.93359375,5.7,4.5
2025-10-04T01:27:23,100.2,22952.68359375,5.7,4.6
2025-10-04T01:27:24,99.8,23735.18359375,5.7,4.6
2025-10-04T01:27:25,99.0,24562.68359375,5.7,4.6
2025-10-04T01:27:26,100.0,24990.18359375,5.8,4.7
2025-10-04T01:27:27,99.4,25776.43359375,5.7,4.7
2025-10-04T01:27:28,99.5,26566.43359375,5.7,4.8
2025-10-04T01:27:29,101.2,27368.93359375,5.7,4.8
2025-10-04T01:27:30,97.8,27720.18359375,5.7,4.8
2025-10-04T01:27:31,101.0,28492.68359375,5.7,4.9
2025-10-04T01:27:32,99.0,29285.18359375,5.7,4.9
2025-10-04T01:27:33,100.0,30036.43359375,5.7,4.9
2025-10-04T01:27:34,99.4,28821.90234375,5.7,4.9
2025-10-04T01:27:35,53.1,28821.90234375,6.0,4.9
2025-10-04T01:27:36,0.0,28821.90234375,5.9,4.9
2025-10-04T01:27:37,0.0,28821.90234375,5.7,4.9
2025-10-04T01:27:38,0.0,28821.90234375,5.8,4.9
2025-10-04T01:27:39,0.0,28821.90234375,5.8,4.9
2025-10-04T01:27:40,1.0,28821.90234375,5.7,4.9
2025-10-04T01:27:41,0.0,28821.90234375,5.7,4.9
2025-10-04T01:27:42,1.0,28821.90234375,5.8,4.9
2025-10-04T01:27:43,2.0,28821.90234375,5.8,4.9
2025-10-04T01:27:44,4.0,28821.90234375,5.8,4.9
2025-10-04T01:27:45,4.0,28821.90234375,5.9,4.9
2025-10-04T01:27:46,6.0,28821.90234375,5.9,4.9
2025-10-04T01:27:47,6.0,28821.90234375,5.8,4.9
2025-10-04T01:27:48,6.0,28821.90234375,5.9,4.9
2025-10-04T01:27:49,5.0,28821.90234375,5.9,4.9
2025-10-04T01:27:50,2.0,28821.90234375,5.8,4.9
2025-10-04T01:27:51,2.0,28821.90234375,5.8,4.9
2025-10-04T01:27:52,1.0,28821.90234375,5.8,4.9
2025-10-04T01:27:53,3.0,28821.90234375,5.9,4.9
2025-10-04T01:27:54,2.0,28821.90234375,5.8,4.9
2025-10-04T01:27:55,2.0,28821.90234375,5.8,4.9
2025-10-04T01:27:56,5.0,28821.90234375,5.8,4.9
2025-10-04T01:27:57,2.0,28821.90234375,5.8,4.9
2025-10-04T01:27:58,6.0,28821.90234375,5.9,4.9
2025-10-04T01:27:59,5.0,28821.90234375,5.9,4.9
2025-10-04T01:28:00,4.0,28821.90234375,5.8,4.9
2025-10-04T01:28:01,3.0,28821.90234375,5.9,4.9
2025-10-04T01:28:02,2.0,28821.90234375,5.8,4.9
2025-10-04T01:28:03,3.0,28821.90234375,5.8,4.9
2025-10-04T01:28:04,4.0,28821.90234375,5.8,4.9
2025-10-04T01:28:05,2.0,28821.90234375,5.8,4.9
2025-10-04T01:28:06,4.0,28821.90234375,5.8,4.9
2025-10-04T01:28:07,5.0,28821.90234375,5.8,4.9
2025-10-04T01:28:08,3.0,28821.90234375,5.9,4.9
2025-10-04T01:28:09,2.0,28821.90234375,5.8,4.9
2025-10-04T01:28:10,4.0,28821.90234375,5.8,4.9
2025-10-04T01:28:11,3.0,28821.90234375,5.9,4.9
2025-10-04T01:28:12,3.0,28821.90234375,5.8,4.9
2025-10-04T01:28:13,4.0,28821.90234375,5.8,4.9
2025-10-04T01:28:14,4.0,28821.90234375,5.9,4.9
2025-10-04T01:28:15,2.0,28821.90234375,5.8,4.9
2025-10-04T01:28:16,3.0,28821.90234375,5.8,4.9
2025-10-04T01:28:17,4.0,28821.90234375,5.9,4.9
2025-10-04T01:28:18,4.0,28821.90234375,5.9,4.9
2025-10-04T01:28:19,3.0,28821.90234375,5.8,4.9
2025-10-04T01:28:20,4.0,28821.90234375,5.9,4.9
2025-10-04T01:28:21,3.0,28821.90234375,5.9,4.9
2025-10-04T01:28:22,4.0,28821.90234375,5.8,4.9
2025-10-04T01:28:23,4.0,28821.90234375,5.8,4.9
2025-10-04T01:28:24,2.0,28821.90234375,5.8,4.9
2025-10-04T01:28:25,3.0,28821.90234375,5.8,4.9
2025-10-04T01:28:26,4.0,28821.90234375,5.8,4.9
2025-10-04T01:28:27,3.0,28821.90234375,5.8,4.9
2025-10-04T01:28:28,3.0,28821.90234375,5.9,4.9
2025-10-04T01:28:29,3.0,28821.90234375,5.8,4.9
2025-10-04T01:28:30,3.0,28821.90234375,5.9,4.9
2025-10-04T01:28:31,2.0,28821.90234375,5.8,4.9
2025-10-04T01:28:32,5.0,28821.90234375,5.8,4.9
2025-10-04T01:28:33,2.0,28821.90234375,5.8,4.9
2025-10-04T01:28:34,4.0,28821.90234375,5.9,4.9
2025-10-04T01:28:35,2.0,28821.90234375,5.7,4.9
2025-10-04T01:28:36,2.0,28821.90234375,5.8,4.9
2025-10-04T01:28:37,4.0,28821.90234375,5.8,4.9
2025-10-04T01:28:38,4.0,28821.90234375,5.8,4.9
2025-10-04T01:28:39,3.0,28821.90234375,5.8,4.9
2025-10-04T01:28:40,4.0,28821.90234375,5.9,4.9
2025-10-04T01:28:41,4.0,28821.90234375,5.8,4.9
2025-10-04T01:28:42,3.0,28821.90234375,5.8,4.9
2025-10-04T01:28:43,3.0,28821.90234375,5.9,4.9
2025-10-04T01:28:44,3.0,28821.90234375,5.8,4.9
2025-10-04T01:28:45,2.0,28821.90234375,5.8,4.9
2025-10-04T01:28:46,7.0,28821.90234375,5.9,4.9
2025-10-04T01:28:47,1.0,28821.90234375,5.8,4.9
2025-10-04T01:28:48,4.0,28821.90234375,5.8,4.9
2025-10-04T01:28:49,4.0,28821.90234375,5.9,4.9
2025-10-04T01:28:50,3.0,28821.90234375,5.8,4.9
2025-10-04T01:28:51,3.0,28821.90234375,5.8,4.9
2025-10-04T01:28:52,2.0,28821.90234375,5.8,4.9
2025-10-04T01:28:53,3.0,28821.90234375,5.8,4.9
2025-10-04T01:28:54,2.0,28821.90234375,5.8,4.9
2025-10-04T01:28:55,4.0,28821.90234375,5.8,4.9
2025-10-04T01:28:56,5.0,28821.90234375,5.9,4.9
2025-10-04T01:28:57,3.0,28821.90234375,5.8,4.9
2025-10-04T01:28:58,3.0,28821.90234375,5.9,4.9
2025-10-04T01:28:59,2.0,28821.90234375,5.8,4.9
2025-10-04T01:29:00,3.0,28821.90234375,5.8,4.9
2025-10-04T01:29:01,5.0,28821.90234375,5.8,4.9
2025-10-04T01:29:02,3.0,28821.90234375,5.9,4.9
2025-10-04T01:29:03,3.0,28821.90234375,5.8,4.9
2025-10-04T01:29:04,3.0,28821.90234375,5.8,4.9
2025-10-04T01:29:05,3.0,28821.90234375,5.8,4.9
2025-10-04T01:29:06,6.0,28821.90234375,5.9,4.9
2025-10-04T01:29:07,1.0,28821.90234375,5.8,4.9
2025-10-04T01:29:08,5.0,28821.90234375,5.9,4.9
2025-10-04T01:29:09,3.0,28821.90234375,5.9,4.9
2025-10-04T01:29:10,3.0,28821.90234375,5.8,4.9
2025-10-04T01:29:11,2.0,28821.90234375,5.8,4.9
2025-10-04T01:29:12,4.0,28821.90234375,5.9,4.9
2025-10-04T01:29:13,3.0,28821.90234375,5.8,4.9
2025-10-04T01:29:14,4.0,28821.90234375,5.8,4.9
2025-10-04T01:29:15,3.0,28821.90234375,5.8,4.9
2025-10-04T01:29:16,4.0,28821.90234375,5.8,4.9
2025-10-04T01:29:17,5.0,28821.90234375,5.8,4.9
2025-10-04T01:29:18,4.0,28821.90234375,5.9,4.9
2025-10-04T01:29:19,2.0,28821.90234375,5.8,4.9
2025-10-04T01:29:20,4.0,28821.90234375,5.8,4.9
2025-10-04T01:29:21,3.0,28821.90234375,5.9,4.9
2025-10-04T01:29:22,5.0,28821.90234375,5.8,4.9
2025-10-04T01:29:23,2.0,28821.90234375,5.8,4.9
2025-10-04T01:29:24,3.0,28821.90234375,5.9,4.9
2025-10-04T01:29:25,3.0,28821.90234375,5.8,4.9
2025-10-04T01:29:26,2.0,28821.90234375,5.8,4.9
2025-10-04T01:29:27,5.0,28821.90234375,5.9,4.9
2025-10-04T01:29:28,4.0,28821.90234375,5.9,4.9
2025-10-04T01:29:29,3.0,28821.90234375,5.8,4.9
2025-10-04T01:29:30,3.0,28821.90234375,5.8,4.9
2025-10-04T01:29:31,5.0,28821.90234375,5.9,4.9
2025-10-04T01:29:32,4.0,28821.90234375,5.8,4.9
2025-10-04T01:29:33,4.0,28821.90234375,5.9,4.9
2025-10-04T01:29:34,2.0,28821.90234375,5.8,4.9
2025-10-04T01:29:35,4.0,28821.90234375,5.8,4.9
2025-10-04T01:29:36,3.0,28821.90234375,5.8,4.9
2025-10-04T01:29:37,3.0,28821.90234375,5.9,4.9
2025-10-04T01:29:38,3.0,28821.90234375,5.8,4.9
2025-10-04T01:29:39,4.0,28821.90234375,5.8,4.9
2025-10-04T01:29:40,4.0,28821.90234375,5.9,4.9
2025-10-04T01:29:41,2.0,28821.90234375,5.8,4.9
2025-10-04T01:29:42,5.0,28821.90234375,5.8,4.9
2025-10-04T01:29:43,3.0,28821.90234375,5.9,4.9
2025-10-04T01:29:44,4.0,28821.90234375,5.9,4.9
2025-10-04T01:29:45,4.0,28821.90234375,5.8,4.9
2025-10-04T01:29:46,4.0,28821.90234375,5.9,4.9
2025-10-04T01:29:47,3.0,28821.90234375,5.8,4.9
2025-10-04T01:29:48,2.0,28821.90234375,5.8,4.9
2025-10-04T01:29:49,2.0,28821.90234375,5.8,4.9
2025-10-04T01:29:50,3.0,28821.90234375,5.8,4.9
2025-10-04T01:29:51,4.0,28821.90234375,5.8,4.9
2025-10-04T01:29:52,3.0,28821.90234375,5.8,4.9
2025-10-04T01:29:53,2.0,28821.90234375,5.8,4.9
2025-10-04T01:29:54,3.0,28821.90234375,5.8,4.9
2025-10-04T01:29:55,4.0,28821.90234375,5.8,4.9
2025-10-04T01:29:56,3.0,28821.90234375,5.9,4.9
2025-10-04T01:29:57,4.0,28821.90234375,5.8,4.9
2025-10-04T01:29:58,3.0,28821.90234375,5.8,4.9
2025-10-04T01:29:59,2.0,28821.90234375,5.8,4.9
2025-10-04T01:30:00,2.0,28821.90234375,5.8,4.9
2025-10-04T01:30:01,3.0,28821.90234375,5.8,4.9
2025-10-04T01:30:02,4.0,28821.90234375,5.9,4.9
2025-10-04T01:30:03,2.0,28821.90234375,5.8,4.9
2025-10-04T01:30:04,4.0,28821.90234375,5.8,4.9
2025-10-04T01:30:05,2.0,28821.90234375,5.9,4.9
2025-10-04T01:30:06,4.0,28821.90234375,5.9,4.9
2025-10-04T01:30:07,2.0,28821.90234375,5.8,4.9
2025-10-04T01:30:08,3.0,28821.90234375,5.8,4.9
2025-10-04T01:30:09,4.0,28821.90234375,5.9,4.9
2025-10-04T01:30:10,3.0,28821.90234375,5.8,4.9
2025-10-04T01:30:11,4.0,28821.90234375,5.8,4.9
2025-10-04T01:30:12,4.0,28821.90234375,5.9,4.9
2025-10-04T01:30:13,3.0,28821.90234375,5.8,4.9
2025-10-04T01:30:14,2.0,28821.90234375,5.8,4.9
2025-10-04T01:30:15,3.0,28821.90234375,5.9,4.9
2025-10-04T01:30:16,3.0,28821.90234375,5.8,4.9
2025-10-04T01:30:17,4.0,28821.90234375,5.8,4.9
2025-10-04T01:30:18,3.0,28821.90234375,5.9,4.9
2025-10-04T01:30:19,3.0,28821.90234375,5.8,4.9
2025-10-04T01:30:20,4.0,28821.90234375,5.8,4.9
2025-10-04T01:30:21,3.0,28821.90234375,5.8,4.9
2025-10-04T01:30:22,3.0,28821.90234375,5.8,4.9
2025-10-04T01:30:23,4.0,28821.90234375,5.8,4.9
2025-10-04T01:30:24,3.0,28821.90234375,5.9,4.9
2025-10-04T01:30:25,3.0,28821.90234375,5.8,4.9
2025-10-04T01:30:26,2.0,28821.90234375,5.7,4.9
2025-10-04T01:30:27,6.0,28821.90234375,5.9,4.9
2025-10-04T01:30:28,5.0,28821.90234375,5.9,4.9
2025-10-04T01:30:29,3.0,28821.90234375,5.8,4.9
2025-10-04T01:30:30,4.0,28821.90234375,5.8,4.9
2025-10-04T01:30:31,3.0,28821.90234375,5.9,4.9
2025-10-04T01:30:32,3.0,28821.90234375,5.8,4.9
2025-10-04T01:30:33,2.0,28821.90234375,5.8,4.9
2025-10-04T01:30:34,3.0,28821.90234375,5.8,4.9
2025-10-04T01:30:35,3.0,28821.90234375,5.8,4.9
2025-10-04T01:30:36,5.0,28821.90234375,5.8,4.9
2025-10-04T01:30:37,3.0,28821.90234375,5.8,4.9
2025-10-04T01:30:38,3.0,28821.90234375,5.9,4.9
2025-10-04T01:30:39,2.0,28821.90234375,5.8,4.9
2025-10-04T01:30:40,5.0,28821.90234375,5.9,4.9
2025-10-04T01:30:41,2.0,28821.90234375,5.8,4.9
2025-10-04T01:30:42,3.0,28821.90234375,5.8,4.9
2025-10-04T01:30:43,2.0,28821.90234375,5.8,4.9
2025-10-04T01:30:44,4.0,28821.90234375,5.9,4.9
2025-10-04T01:30:45,4.0,28821.90234375,5.8,4.9
2025-10-04T01:30:46,2.0,28821.90234375,5.9,4.9
2025-10-04T01:30:47,4.0,28821.90234375,5.9,4.9
2025-10-04T01:30:48,3.0,28821.90234375,5.8,4.9
2025-10-04T01:30:49,2.0,28821.90234375,5.8,4.9
2025-10-04T01:30:50,2.0,28821.90234375,5.8,4.9
2025-10-04T01:30:51,5.0,28821.90234375,5.8,4.9
2025-10-04T01:30:52,2.0,28821.90234375,5.8,4.9
2025-10-04T01:30:53,2.0,28821.90234375,5.8,4.9
2025-10-04T01:30:54,3.0,28821.90234375,5.8,4.9
2025-10-04T01:30:55,2.0,28821.90234375,5.8,4.9
2025-10-04T01:30:56,4.0,28821.90234375,5.9,4.9
2025-10-04T01:30:57,4.0,28821.90234375,5.8,4.9
2025-10-04T01:30:58,3.0,28821.90234375,5.9,4.9
2025-10-04T01:30:59,2.0,28821.90234375,5.8,4.9
2025-10-04T01:31:00,4.0,28821.90234375,5.8,4.9
2025-10-04T01:31:01,3.0,28821.90234375,5.8,4.9
2025-10-04T01:31:02,3.0,28821.90234375,5.9,4.9
2025-10-04T01:31:03,4.0,28821.90234375,5.8,4.9
2025-10-04T01:31:04,3.0,28821.90234375,5.8,4.9
2025-10-04T01:31:05,4.0,28821.90234375,5.9,4.9
2025-10-04T01:31:06,3.0,28821.90234375,5.8,4.9
2025-10-04T01:31:07,3.0,28821.90234375,5.8,4.9
2025-10-04T01:31:08,3.0,28821.90234375,5.9,4.9
2025-10-04T01:31:09,2.0,28821.90234375,5.8,4.9
2025-10-04T01:31:10,3.0,28821.90234375,5.8,4.9
2025-10-04T01:31:11,5.0,28821.90234375,5.8,4.9
2025-10-04T01:31:12,3.0,28821.90234375,5.9,4.9
2025-10-04T01:31:13,1.0,28821.90234375,5.7,4.9
2025-10-04T01:31:14,6.0,28821.90234375,5.8,4.9
2025-10-04T01:31:15,3.0,28821.90234375,5.8,4.9
2025-10-04T01:31:16,3.0,28821.90234375,5.8,4.9
2025-10-04T01:31:17,3.0,28821.90234375,5.8,4.9
2025-10-04T01:31:18,3.0,28821.90234375,5.9,4.9
2025-10-04T01:31:19,2.0,28821.90234375,5.8,4.9
2025-10-04T01:31:20,3.0,28821.90234375,5.8,4.9
2025-10-04T01:31:21,3.0,28821.90234375,5.8,4.9
2025-10-04T01:31:22,3.0,28821.90234375,5.8,4.9
2025-10-04T01:31:23,5.0,28821.90234375,5.8,4.9
2025-10-04T01:31:24,2.0,28821.90234375,5.8,4.9
2025-10-04T01:31:25,3.0,28821.90234375,5.8,4.9
2025-10-04T01:31:26,3.0,28821.90234375,5.8,4.9
2025-10-04T01:31:27,5.0,28821.90234375,5.8,4.9
2025-10-04T01:31:28,2.0,28821.90234375,5.9,4.9
2025-10-04T01:31:29,2.0,28821.90234375,5.8,4.9
2025-10-04T01:31:30,2.0,28821.90234375,5.8,4.9
2025-10-04T01:31:31,6.0,28821.90234375,5.9,4.9
2025-10-04T01:31:32,2.0,28821.90234375,5.8,4.9
2025-10-04T01:31:33,4.0,28821.90234375,5.8,4.9
2025-10-04T01:31:34,3.0,28821.90234375,5.9,4.9
2025-10-04T01:31:35,3.0,28821.90234375,5.8,4.9
2025-10-04T01:31:36,3.0,28821.90234375,5.8,4.9
2025-10-04T01:31:37,5.0,28821.90234375,5.9,4.9
2025-10-04T01:31:38,1.0,28821.90234375,5.8,4.9
2025-10-04T01:31:39,3.0,28821.90234375,5.8,4.9
2025-10-04T01:31:40,4.0,28821.90234375,5.9,4.9
2025-10-04T01:31:41,2.0,28821.90234375,5.8,4.9
2025-10-04T01:31:42,3.0,28821.90234375,5.8,4.9
2025-10-04T01:31:43,2.0,28821.90234375,5.8,4.9
2025-10-04T01:31:44,4.0,28821.90234375,5.9,4.9
2025-10-04T01:31:45,4.0,28821.90234375,5.8,4.9
2025-10-04T01:31:46,4.0,28821.90234375,5.9,4.9
2025-10-04T01:31:47,5.0,28821.90234375,5.9,4.9
2025-10-04T01:31:48,3.0,28821.90234375,5.8,4.9
2025-10-04T01:31:49,2.0,28821.90234375,5.8,4.9
2025-10-04T01:31:50,4.0,28821.90234375,5.9,4.9
2025-10-04T01:31:51,1.0,28821.90234375,5.8,4.9
2025-10-04T01:31:52,3.0,28821.90234375,5.8,4.9
2025-10-04T01:31:53,2.0,28821.90234375,5.9,4.9
2025-10-04T01:31:54,5.0,28821.90234375,5.9,4.9
2025-10-04T01:31:55,4.0,28821.90234375,5.8,4.9
2025-10-04T01:31:56,2.0,28821.90234375,5.8,4.9
2025-10-04T01:31:57,4.0,28821.90234375,5.9,4.9
2025-10-04T01:31:58,4.0,28821.90234375,5.8,4.9
2025-10-04T01:31:59,3.0,28821.90234375,5.8,4.9
2025-10-04T01:32:00,4.0,28821.90234375,5.9,4.9
2025-10-04T01:32:01,2.0,28821.90234375,5.8,4.9
2025-10-04T01:32:02,2.0,28821.90234375,5.8,4.9
2025-10-04T01:32:03,4.0,28821.90234375,5.8,4.9
2025-10-04T01:32:04,3.0,28821.90234375,5.8,4.9
2025-10-04T01:32:05,3.0,28821.90234375,5.8,4.9
2025-10-04T01:32:06,3.0,28821.90234375,5.9,4.9
2025-10-04T01:32:07,5.0,28821.90234375,5.9,4.9
2025-10-04T01:32:08,3.0,28821.90234375,5.8,4.9
2025-10-04T01:32:09,3.0,28821.90234375,5.8,4.9
2025-10-04T01:32:10,4.0,28821.90234375,5.9,4.9
2025-10-04T01:32:11,2.0,28821.90234375,5.8,4.9
2025-10-04T01:32:12,1.0,28821.90234375,5.8,4.9
2025-10-04T01:32:13,3.0,28821.90234375,5.8,4.9
2025-10-04T01:32:14,2.0,28821.90234375,5.8,4.9
2025-10-04T01:32:15,4.0,28821.90234375,5.8,4.9
2025-10-04T01:32:16,3.0,28821.90234375,5.8,4.9
2025-10-04T01:32:17,3.0,28821.90234375,5.8,4.9
2025-10-04T01:32:18,4.0,28821.90234375,5.9,4.9
2025-10-04T01:32:19,2.0,28821.90234375,5.8,4.9
2025-10-04T01:32:20,2.0,28821.90234375,5.8,4.9
2025-10-04T01:32:21,5.0,28821.90234375,5.9,4.9
2025-10-04T01:32:22,4.0,28821.90234375,5.9,4.9
2025-10-04T01:32:23,2.0,28821.90234375,5.8,4.9
2025-10-04T01:32:24,2.0,28821.90234375,5.8,4.9
2025-10-04T01:32:25,17.2,28821.90234375,5.9,4.9
2025-10-04T01:32:26,3.1,28821.90234375,5.8,4.9
2025-10-04T01:32:27,3.0,28821.90234375,5.8,4.9
2025-10-04T01:32:28,3.0,28821.90234375,5.9,4.9
2025-10-04T01:32:29,3.0,28821.90234375,5.8,4.9
2025-10-04T01:32:30,5.0,28821.90234375,5.8,4.9
2025-10-04T01:32:31,1.0,28821.90234375,5.8,4.9
2025-10-04T01:32:32,2.0,28821.90234375,5.8,4.9
2025-10-04T01:32:33,3.0,28821.90234375,5.8,4.9
2025-10-04T01:32:34,4.0,28821.90234375,5.9,4.9
2025-10-04T01:32:35,4.0,28821.90234375,5.8,4.9
2025-10-04T01:32:36,4.0,28821.90234375,5.8,4.9
2025-10-04T01:32:37,4.0,28821.90234375,5.8,4.9
2025-10-04T01:32:38,6.0,28821.90234375,5.9,4.9
2025-10-04T01:32:39,3.0,28821.90234375,5.8,4.9
2025-10-04T01:32:40,4.0,28821.90234375,5.8,4.9
2025-10-04T01:32:41,2.0,28821.90234375,5.8,4.9
2025-10-04T01:32:42,3.0,28821.90234375,5.8,4.9
2025-10-04T01:32:43,3.0,28821.90234375,5.8,4.9
2025-10-04T01:32:44,2.0,28821.90234375,5.9,4.9
2025-10-04T01:32:45,3.0,28821.90234375,5.8,4.9
2025-10-04T01:32:46,7.0,28821.90234375,5.9,4.9
2025-10-04T01:32:47,3.0,28821.90234375,5.8,4.9
2025-10-04T01:32:48,6.0,28821.90234375,5.9,4.9
2025-10-04T01:32:49,4.0,28821.90234375,5.8,4.9
2025-10-04T01:32:50,4.0,28821.90234375,5.9,4.9
2025-10-04T01:32:51,3.0,28821.90234375,5.9,4.9
2025-10-04T01:32:52,4.0,28821.90234375,5.8,4.9
2025-10-04T01:32:53,3.0,28821.90234375,5.8,4.9
2025-10-04T01:32:54,3.0,28821.90234375,5.8,4.9
2025-10-04T01:32:55,3.0,28821.90234375,5.8,4.9
2025-10-04T01:32:56,2.0,28821.90234375,5.8,4.9
2025-10-04T01:32:57,4.0,28821.90234375,5.9,4.9
2025-10-04T01:32:58,7.0,28821.90234375,5.9,4.9
2025-10-04T01:32:59,3.0,28821.90234375,5.8,4.9
2025-10-04T01:33:00,3.0,28821.90234375,5.9,4.9
2025-10-04T01:33:01,3.0,28821.90234375,5.8,4.9
2025-10-04T01:33:02,3.0,28821.90234375,5.8,4.9
2025-10-04T01:33:03,3.0,28821.90234375,5.9,4.9
2025-10-04T01:33:04,3.0,28821.90234375,5.8,4.9
2025-10-04T01:33:05,2.0,28821.90234375,5.8,4.9
2025-10-04T01:33:06,2.0,28821.90234375,5.8,4.9
2025-10-04T01:33:07,3.0,28821.90234375,5.9,4.9
2025-10-04T01:33:08,6.0,28821.90234375,5.8,4.9
2025-10-04T01:33:09,4.0,28821.90234375,5.9,4.9
2025-10-04T01:33:10,3.0,28821.90234375,5.9,4.9
2025-10-04T01:33:11,3.0,28821.90234375,5.8,4.9
2025-10-04T01:33:12,3.0,28821.90234375,5.8,4.9
2025-10-04T01:33:13,4.0,28821.90234375,5.9,4.9
2025-10-04T01:33:14,3.0,28821.90234375,5.8,4.9
2025-10-04T01:33:15,4.0,28821.90234375,5.8,4.9
2025-10-04T01:33:16,2.0,28821.90234375,5.9,4.9
2025-10-04T01:33:17,2.0,28821.90234375,5.8,4.9
2025-10-04T01:33:18,4.0,28821.90234375,5.9,4.9
2025-10-04T01:33:19,5.0,28821.90234375,5.9,4.9
2025-10-04T01:33:20,3.0,28821.90234375,6.0,4.9
2025-10-04T01:33:21,3.0,28821.90234375,5.8,4.9
2025-10-04T01:33:22,4.0,28821.90234375,5.8,4.9
2025-10-04T01:33:23,1.0,28821.90234375,5.8,4.9
2025-10-04T01:33:24,6.0,28821.90234375,5.8,4.9
2025-10-04T01:33:25,3.0,28821.90234375,5.9,4.9
2025-10-04T01:33:26,2.0,28821.90234375,5.8,4.9
2025-10-04T01:33:27,4.0,28821.90234375,5.8,4.9
2025-10-04T01:33:28,4.0,28821.90234375,5.9,4.9
2025-10-04T01:33:29,4.0,28821.90234375,5.9,4.9
2025-10-04T01:33:30,1.0,28821.90234375,5.7,4.9
2025-10-04T01:33:31,3.0,28821.90234375,5.8,4.9
2025-10-04T01:33:32,2.0,28821.90234375,5.8,4.9
2025-10-04T01:33:33,6.0,28821.90234375,5.8,4.9
2025-10-04T01:33:34,4.0,28821.90234375,5.9,4.9
2025-10-04T01:33:35,2.0,28821.90234375,5.8,4.9
2025-10-04T01:33:36,4.0,28821.90234375,5.8,4.9
2025-10-04T01:33:37,2.0,28821.90234375,5.8,4.9
2025-10-04T01:33:38,4.0,28821.90234375,5.9,4.9
2025-10-04T01:33:39,3.0,28821.90234375,5.8,4.9
2025-10-04T01:33:40,5.0,28821.90234375,5.8,4.9
2025-10-04T01:33:41,3.0,28821.90234375,5.9,4.9
2025-10-04T01:33:42,2.0,28821.90234375,5.8,4.9
2025-10-04T01:33:43,3.0,28821.90234375,5.8,4.9
2025-10-04T01:33:44,3.0,28821.90234375,5.8,4.9
2025-10-04T01:33:45,3.0,28821.90234375,5.8,4.9
2025-10-04T01:33:46,3.0,28821.90234375,5.8,4.9
2025-10-04T01:33:47,3.0,28821.90234375,5.8,4.9
2025-10-04T01:33:48,3.0,28821.90234375,5.9,4.9
2025-10-04T01:33:49,2.0,28821.90234375,5.7,4.9
2025-10-04T01:33:50,4.0,28821.90234375,5.9,4.9
2025-10-04T01:33:51,4.0,28821.90234375,5.9,4.9
2025-10-04T01:33:52,4.0,28821.90234375,5.8,4.9
2025-10-04T01:33:53,3.0,28821.90234375,5.8,4.9
2025-10-04T01:33:54,2.0,28821.90234375,5.8,4.9
2025-10-04T01:33:55,4.0,28821.90234375,5.8,4.9
2025-10-04T01:33:56,6.0,28821.90234375,5.8,4.9
2025-10-04T01:33:57,3.0,28821.90234375,5.9,4.9
2025-10-04T01:33:58,3.0,28821.90234375,5.8,4.9
2025-10-04T01:33:59,3.0,28821.90234375,5.8,4.9
2025-10-04T01:34:00,2.0,28821.90234375,5.8,4.9
2025-10-04T01:34:01,3.0,28821.90234375,5.8,4.9
2025-10-04T01:34:02,4.0,28821.90234375,5.8,4.9
2025-10-04T01:34:03,4.0,28821.90234375,5.9,4.9
2025-10-04T01:34:04,4.0,28821.90234375,5.9,4.9
2025-10-04T01:34:05,2.0,28821.90234375,5.7,4.9
2025-10-04T01:34:06,4.0,28821.90234375,5.9,4.9
2025-10-04T01:34:07,3.0,28821.90234375,5.9,4.9
2025-10-04T01:34:08,3.0,28821.90234375,5.8,4.9
2025-10-04T01:34:09,3.0,28821.90234375,5.8,4.9
2025-10-04T01:34:10,2.0,28821.90234375,5.8,4.9
2025-10-04T01:34:11,4.0,28821.90234375,5.8,4.9
2025-10-04T01:34:12,5.0,28821.90234375,5.9,4.9
2025-10-04T01:34:13,4.0,28821.90234375,5.9,4.9
2025-10-04T01:34:14,2.0,28821.90234375,5.8,4.9
2025-10-04T01:34:15,6.0,28821.90234375,5.8,4.9
2025-10-04T01:34:16,2.0,28821.90234375,5.9,4.9
2025-10-04T01:34:17,4.0,28821.90234375,5.8,4.9
2025-10-04T01:34:18,1.0,28821.90234375,5.8,4.9
2025-10-04T01:34:19,2.0,28821.90234375,5.8,4.9
2025-10-04T01:34:20,4.0,28821.90234375,5.8,4.9
2025-10-04T01:34:21,3.0,28821.90234375,5.8,4.9
2025-10-04T01:34:22,4.0,28821.90234375,5.9,4.9
2025-10-04T01:34:23,4.0,28821.90234375,5.8,4.9
2025-10-04T01:34:24,4.0,28821.90234375,5.8,4.9
2025-10-04T01:34:25,3.0,28821.90234375,5.8,4.9
2025-10-04T01:34:26,3.0,28821.90234375,5.9,4.9
2025-10-04T01:34:27,4.0,28821.90234375,5.8,4.9
2025-10-04T01:34:28,2.0,28821.90234375,5.8,4.9
2025-10-04T01:34:29,3.0,28821.90234375,5.8,4.9
2025-10-04T01:34:30,5.0,28821.90234375,5.8,4.9
2025-10-04T01:34:31,2.0,28821.90234375,5.8,4.9
2025-10-04T01:34:32,4.0,28821.90234375,5.9,4.9
2025-10-04T01:34:33,5.0,28821.90234375,5.8,4.9
2025-10-04T01:34:34,3.0,28821.90234375,5.8,4.9
2025-10-04T01:34:35,3.0,28821.90234375,5.9,4.9
2025-10-04T01:34:36,4.0,28821.90234375,5.8,4.9
2025-10-04T01:34:37,2.0,28821.90234375,5.8,4.9
2025-10-04T01:34:38,3.0,28821.90234375,5.9,4.9
2025-10-04T01:34:39,2.0,28821.90234375,5.8,4.9
2025-10-04T01:34:40,2.0,28821.90234375,5.8,4.9
2025-10-04T01:34:41,4.0,28821.90234375,5.8,4.9
2025-10-04T01:34:42,4.0,28821.90234375,5.9,4.9
2025-10-04T01:34:43,4.0,28821.90234375,5.8,4.9
2025-10-04T01:34:44,4.0,28821.90234375,5.9,4.9
2025-10-04T01:34:45,3.0,28821.90234375,5.9,4.9
2025-10-04T01:34:46,5.0,28821.90234375,5.8,4.9
2025-10-04T01:34:47,3.0,28821.90234375,5.9,4.9
2025-10-04T01:34:48,3.0,28821.90234375,5.9,4.9
2025-10-04T01:34:49,3.0,28821.90234375,5.8,4.9
2025-10-04T01:34:50,3.0,28821.90234375,5.8,4.9
2025-10-04T01:34:51,3.0,28821.90234375,5.8,4.9
2025-10-04T01:34:52,1.0,28821.90234375,5.8,4.9
2025-10-04T01:34:53,4.0,28821.90234375,5.8,4.9
2025-10-04T01:34:54,5.0,28821.90234375,5.9,4.9
2025-10-04T01:34:55,4.0,28821.90234375,5.8,4.9
2025-10-04T01:34:56,3.0,28821.90234375,5.8,4.9
2025-10-04T01:34:57,3.0,28821.90234375,5.8,4.9
2025-10-04T01:34:58,4.0,28821.90234375,5.9,4.9
2025-10-04T01:34:59,4.0,28821.90234375,5.8,4.9
2025-10-04T01:35:00,2.0,28821.90234375,5.9,4.9
2025-10-04T01:35:01,4.0,28821.90234375,5.8,4.9
2025-10-04T01:35:02,3.0,28821.90234375,5.8,4.9
2025-10-04T01:35:03,3.0,28821.90234375,5.9,4.9
2025-10-04T01:35:04,2.0,28821.90234375,5.8,4.9
2025-10-04T01:35:05,4.0,28821.90234375,5.8,4.9
2025-10-04T01:35:06,3.0,28821.90234375,5.9,4.9
2025-10-04T01:35:07,4.0,28821.90234375,5.8,4.9
2025-10-04T01:35:08,5.0,28821.90234375,5.8,4.9
2025-10-04T01:35:09,2.0,28821.90234375,5.8,4.9
2025-10-04T01:35:10,3.0,28821.90234375,5.9,4.9
2025-10-04T01:35:11,5.0,28821.90234375,5.8,4.9
2025-10-04T01:35:12,2.0,28821.90234375,5.8,4.9
2025-10-04T01:35:13,2.0,28821.90234375,5.8,4.9
2025-10-04T01:35:14,3.0,28821.90234375,5.8,4.9
2025-10-04T01:35:15,3.0,28821.90234375,5.8,4.9
2025-10-04T01:35:16,4.0,28821.90234375,5.9,4.9
2025-10-04T01:35:17,1.0,28821.90234375,5.8,4.9
2025-10-04T01:35:18,4.0,28821.90234375,5.8,4.9
2025-10-04T01:35:19,3.0,28821.90234375,5.9,4.9
2025-10-04T01:35:20,4.0,28821.90234375,5.9,4.9
2025-10-04T01:35:21,3.0,28821.90234375,5.8,4.9
2025-10-04T01:35:22,5.0,28821.90234375,5.9,4.9
2025-10-04T01:35:23,3.0,28821.90234375,5.9,4.9
2025-10-04T01:35:24,3.0,28821.90234375,5.8,4.9
2025-10-04T01:35:25,2.0,28821.90234375,5.8,4.9
2025-10-04T01:35:26,4.0,28821.90234375,5.8,4.9
2025-10-04T01:35:27,2.0,28821.90234375,5.8,4.9
2025-10-04T01:35:28,3.0,28821.90234375,5.8,4.9
2025-10-04T01:35:29,2.0,28821.90234375,5.8,4.9
2025-10-04T01:35:30,4.0,28821.90234375,5.8,4.9
2025-10-04T01:35:31,2.0,28821.90234375,5.8,4.9
2025-10-04T01:35:32,4.0,28821.90234375,5.8,4.9
2025-10-04T01:35:33,1.0,28821.90234375,5.8,4.9
2025-10-04T01:35:34,5.0,28821.90234375,5.9,4.9
2025-10-04T01:35:35,4.0,28821.90234375,5.9,4.9
2025-10-04T01:35:36,4.0,28821.90234375,5.8,4.9
2025-10-04T01:35:37,4.0,28821.90234375,5.8,4.9
2025-10-04T01:35:38,0.0,28821.90234375,5.8,4.9
2025-10-04T01:35:39,3.0,28821.90234375,5.8,4.9
2025-10-04T01:35:40,4.0,28821.90234375,5.8,4.9
2025-10-04T01:35:41,2.0,28821.90234375,5.8,4.9
2025-10-04T01:35:42,3.0,28821.90234375,5.8,4.9
2025-10-04T01:35:43,3.0,28821.90234375,5.8,4.9
2025-10-04T01:35:44,5.0,28821.90234375,5.9,4.9
2025-10-04T01:35:45,3.0,28821.90234375,5.8,4.9
2025-10-04T01:35:46,4.0,28821.90234375,5.8,4.9
2025-10-04T01:35:47,3.0,28821.90234375,5.8,4.9
2025-10-04T01:35:48,4.0,28821.90234375,5.9,4.9
2025-10-04T01:35:49,4.0,28821.90234375,5.8,4.9
2025-10-04T01:35:50,2.0,28821.90234375,5.8,4.9
2025-10-04T01:35:51,3.0,28821.90234375,5.8,4.9
2025-10-04T01:35:52,0.0,28821.90234375,5.8,4.9
2025-10-04T01:35:53,4.0,28821.90234375,5.8,4.9
2025-10-04T01:35:54,3.0,28821.90234375,5.8,4.9
2025-10-04T01:35:55,3.0,28821.90234375,5.8,4.9
2025-10-04T01:35:56,3.0,28821.90234375,5.8,4.9
2025-10-04T01:35:57,3.0,28821.90234375,5.8,4.9
2025-10-04T01:35:58,4.0,28821.90234375,5.9,4.9
2025-10-04T01:35:59,4.0,28821.90234375,5.8,4.9
2025-10-04T01:36:00,5.0,28821.90234375,5.9,4.9
2025-10-04T01:36:01,3.0,28821.90234375,5.9,4.9
2025-10-04T01:36:02,2.0,28821.90234375,5.7,4.9
2025-10-04T01:36:03,3.0,28821.90234375,5.9,4.9
2025-10-04T01:36:04,2.0,28821.90234375,5.8,4.9
2025-10-04T01:36:05,4.0,28821.90234375,5.8,4.9
2025-10-04T01:36:06,2.0,28821.90234375,5.8,4.9
2025-10-04T01:36:07,4.0,28821.90234375,5.9,4.9
2025-10-04T01:36:08,6.0,28821.90234375,5.9,4.9
2025-10-04T01:36:09,4.0,28821.90234375,5.8,4.9
2025-10-04T01:36:10,3.0,28821.90234375,5.8,4.9
2025-10-04T01:36:11,4.0,28821.90234375,5.8,4.9
2025-10-04T01:36:12,4.0,28821.90234375,5.8,4.9
2025-10-04T01:36:13,3.0,28821.90234375,5.9,4.9
2025-10-04T01:36:14,3.0,28821.90234375,5.8,4.9
2025-10-04T01:36:15,3.0,28821.90234375,5.8,4.9
2025-10-04T01:36:16,2.0,28821.90234375,5.8,4.9
2025-10-04T01:36:17,3.0,28821.90234375,5.9,4.9
2025-10-04T01:36:18,4.0,28821.90234375,5.8,4.9
2025-10-04T01:36:19,4.0,28821.90234375,5.9,4.9
2025-10-04T01:36:20,4.0,28821.90234375,5.9,4.9
2025-10-04T01:36:21,4.0,28821.90234375,5.8,4.9
2025-10-04T01:36:22,4.0,28821.90234375,5.9,4.9
2025-10-04T01:36:23,3.0,28821.90234375,5.9,4.9
2025-10-04T01:36:24,5.0,28821.90234375,5.8,4.9
2025-10-04T01:36:25,2.0,28821.90234375,5.8,4.9
2025-10-04T01:36:26,3.0,28821.90234375,5.8,4.9
2025-10-04T01:36:27,2.0,28821.90234375,5.8,4.9
2025-10-04T01:36:28,3.0,28821.90234375,5.8,4.9
2025-10-04T01:36:29,4.0,28821.90234375,5.9,4.9
2025-10-04T01:36:30,2.0,28821.90234375,5.8,4.9
2025-10-04T01:36:31,3.0,28821.90234375,5.8,4.9
2025-10-04T01:36:32,4.0,28821.90234375,5.9,4.9
2025-10-04T01:36:33,4.0,28821.90234375,5.8,4.9
2025-10-04T01:36:34,4.0,28821.90234375,5.8,4.9
2025-10-04T01:36:35,3.0,28821.90234375,5.8,4.9
2025-10-04T01:36:36,4.0,28821.90234375,5.9,4.9
2025-10-04T01:36:37,3.0,28821.90234375,5.8,4.9
2025-10-04T01:36:38,2.0,28821.90234375,5.8,4.9
2025-10-04T01:36:39,3.0,28821.90234375,5.8,4.9
2025-10-04T01:36:40,3.0,28821.90234375,5.8,4.9
2025-10-04T01:36:41,3.0,28821.90234375,5.8,4.9
2025-10-04T01:36:42,3.0,28821.90234375,5.9,4.9
2025-10-04T01:36:43,4.0,28821.90234375,5.8,4.9
2025-10-04T01:36:44,2.0,28821.90234375,5.8,4.9
2025-10-04T01:36:45,3.0,28821.90234375,5.9,4.9
2025-10-04T01:36:46,3.0,28821.90234375,5.8,4.9
2025-10-04T01:36:47,3.0,28821.90234375,5.8,4.9
2025-10-04T01:36:48,3.0,28821.90234375,5.9,4.9
2025-10-04T01:36:49,5.0,28821.90234375,5.8,4.9
2025-10-04T01:36:50,3.0,28821.90234375,5.8,4.9
2025-10-04T01:36:51,4.0,28821.90234375,5.9,4.9
2025-10-04T01:36:52,3.0,28821.90234375,5.8,4.9
2025-10-04T01:36:53,2.0,28821.90234375,5.8,4.9
2025-10-04T01:36:54,3.0,28821.90234375,5.9,4.9
2025-10-04T01:36:55,3.0,28821.90234375,5.8,4.9
2025-10-04T01:36:56,6.0,28821.90234375,5.8,4.9
2025-10-04T01:36:57,3.0,28821.90234375,5.9,4.9
2025-10-04T01:36:58,2.0,28821.90234375,5.8,4.9
2025-10-04T01:36:59,4.0,28821.90234375,5.8,4.9
2025-10-04T01:37:00,4.0,28821.90234375,5.9,4.9
2025-10-04T01:37:01,3.0,28821.90234375,5.8,4.9
2025-10-04T01:37:02,3.0,28821.90234375,5.8,4.9
2025-10-04T01:37:03,5.0,28821.90234375,5.9,4.9
2025-10-04T01:37:04,2.0,28821.90234375,5.9,4.9
2025-10-04T01:37:05,2.0,28821.90234375,5.7,4.9
2025-10-04T01:37:06,3.0,28821.90234375,5.8,4.9
2025-10-04T01:37:07,4.0,28821.90234375,5.9,4.9
2025-10-04T01:37:08,3.0,28821.90234375,5.8,4.9
2025-10-04T01:37:09,2.0,28821.90234375,5.8,4.9
2025-10-04T01:37:10,5.0,28821.90234375,5.8,4.9
2025-10-04T01:37:11,3.0,28821.90234375,5.8,4.9
2025-10-04T01:37:12,4.0,28821.90234375,5.8,4.9
2025-10-04T01:37:13,3.0,28821.90234375,5.8,4.9
2025-10-04T01:37:14,4.0,28821.90234375,5.9,4.9
2025-10-04T01:37:15,2.0,28821.90234375,5.7,4.9
2025-10-04T01:37:16,4.0,28821.90234375,5.9,4.9
2025-10-04T01:37:17,3.0,28821.90234375,5.9,4.9
2025-10-04T01:37:18,3.0,28821.90234375,5.8,4.9
2025-10-04T01:37:19,1.0,28821.90234375,5.8,4.9
2025-10-04T01:37:20,6.0,28821.90234375,5.9,4.9
2025-10-04T01:37:21,2.0,28821.90234375,5.8,4.9
2025-10-04T01:37:22,4.0,28821.90234375,5.8,4.9
2025-10-04T01:37:23,3.0,28821.90234375,5.9,4.9
2025-10-04T01:37:24,3.0,28821.90234375,5.8,4.9
2025-10-04T01:37:25,2.0,28821.90234375,5.8,4.9
2025-10-04T01:37:26,3.0,28821.90234375,5.9,4.9
2025-10-04T01:37:27,4.0,28821.90234375,5.8,4.9
2025-10-04T01:37:28,3.0,28821.90234375,5.8,4.9
2025-10-04T01:37:29,3.0,28821.90234375,5.9,4.9
2025-10-04T01:37:30,3.0,28821.90234375,5.8,4.9
2025-10-04T01:37:31,6.0,28821.90234375,5.9,4.9
2025-10-04T01:37:32,3.0,28821.90234375,5.8,4.9
2025-10-04T01:37:33,3.0,28821.90234375,5.8,4.9
2025-10-04T01:37:34,3.0,28821.90234375,5.8,4.9
2025-10-04T01:37:35,2.0,28821.90234375,5.8,4.9
2025-10-04T01:37:36,2.0,28821.90234375,5.8,4.9
2025-10-04T01:37:37,5.0,28821.90234375,5.8,4.9
2025-10-04T01:37:38,2.0,28821.90234375,5.9,4.9
2025-10-04T01:37:39,3.0,28821.90234375,5.8,4.9
2025-10-04T01:37:40,3.0,28821.90234375,5.8,4.9
2025-10-04T01:37:41,3.0,28821.90234375,5.8,4.9
2025-10-04T01:37:42,5.0,28821.90234375,5.9,4.9
2025-10-04T01:37:43,3.0,28821.90234375,5.8,4.9
2025-10-04T01:37:44,4.0,28821.90234375,5.9,4.9
2025-10-04T01:37:45,3.0,28821.90234375,5.9,4.9
2025-10-04T01:37:46,4.0,28821.90234375,5.8,4.9
2025-10-04T01:37:47,2.0,28821.90234375,5.8,4.9
2025-10-04T01:37:48,3.0,28821.90234375,5.9,4.9
2025-10-04T01:37:49,1.0,28821.90234375,5.7,4.9
2025-10-04T01:37:50,3.0,28821.90234375,5.8,4.9
2025-10-04T01:37:51,3.0,28821.90234375,5.8,4.9
2025-10-04T01:37:52,2.0,28821.90234375,5.8,4.9
2025-10-04T01:37:53,3.0,28821.90234375,5.8,4.9
2025-10-04T01:37:54,2.0,28821.90234375,5.9,4.9
2025-10-04T01:37:55,4.0,28821.90234375,5.9,4.9
2025-10-04T01:37:56,4.0,28821.90234375,5.8,4.9
2025-10-04T01:37:57,3.0,28821.90234375,5.8,4.9
2025-10-04T01:37:58,4.0,28821.90234375,5.9,4.9
2025-10-04T01:37:59,3.0,28821.90234375,5.8,4.9
2025-10-04T01:38:00,2.0,28821.90234375,5.8,4.9
2025-10-04T01:38:01,3.0,28821.90234375,5.9,4.9
2025-10-04T01:38:02,4.0,28821.90234375,5.8,4.9
2025-10-04T01:38:03,2.0,28821.90234375,5.8,4.9
2025-10-04T01:38:04,2.0,28821.90234375,5.8,4.9
2025-10-04T01:38:05,2.0,28821.90234375,5.8,4.9
2025-10-04T01:38:06,2.0,28821.90234375,5.8,4.9
2025-10-04T01:38:07,1.0,28821.90234375,5.8,4.9
2025-10-04T01:38:08,3.0,28821.90234375,5.8,4.9
2025-10-04T01:38:09,5.0,28821.90234375,5.8,4.9
2025-10-04T01:38:10,2.0,28821.90234375,5.9,4.9
2025-10-04T01:38:11,4.0,28821.90234375,5.8,4.9
2025-10-04T01:38:12,3.0,28821.90234375,5.8,4.9
2025-10-04T01:38:13,2.0,28821.90234375,5.8,4.9
2025-10-04T01:38:14,4.0,28821.90234375,5.9,4.9
2025-10-04T01:38:15,4.0,28821.90234375,5.8,4.9
2025-10-04T01:38:16,2.0,28821.90234375,5.9,4.9
2025-10-04T01:38:17,4.0,28821.90234375,5.8,4.9
2025-10-04T01:38:18,0.0,28821.90234375,5.8,4.9
2025-10-04T01:38:19,4.0,28821.90234375,5.8,4.9
2025-10-04T01:38:20,3.0,28821.90234375,5.8,4.9
2025-10-04T01:38:21,5.0,28821.90234375,5.8,4.9
2025-10-04T01:38:22,3.0,28821.90234375,5.8,4.9
2025-10-04T01:38:23,3.0,28821.90234375,5.8,4.9
2025-10-04T01:38:24,3.0,28821.90234375,5.8,4.9
2025-10-04T01:38:25,5.0,28821.90234375,5.9,4.9
2025-10-04T01:38:26,4.0,28821.90234375,5.9,4.9
2025-10-04T01:38:27,2.0,28821.90234375,5.8,4.9
2025-10-04T01:38:28,3.0,28821.90234375,5.9,4.9
2025-10-04T01:38:29,2.0,28821.90234375,5.8,4.9
2025-10-04T01:38:30,3.0,28821.90234375,5.8,4.9
2025-10-04T01:38:31,4.0,28821.90234375,5.8,4.9
2025-10-04T01:38:32,2.0,28821.90234375,5.8,4.9
2025-10-04T01:38:33,5.0,28821.90234375,5.9,4.9
2025-10-04T01:38:34,4.0,28821.90234375,5.8,4.9
2025-10-04T01:38:35,3.0,28821.90234375,5.8,4.9
2025-10-04T01:38:36,5.0,28821.90234375,5.9,4.9
2025-10-04T01:38:37,3.0,28821.90234375,5.8,4.9
2025-10-04T01:38:38,4.0,28821.90234375,5.9,4.9
2025-10-04T01:38:39,1.0,28821.90234375,5.8,4.9
2025-10-04T01:38:40,4.0,28821.90234375,5.8,4.9
2025-10-04T01:38:41,3.0,28821.90234375,5.8,4.9
2025-10-04T01:38:42,3.0,28821.90234375,5.9,4.9
2025-10-04T01:38:43,2.0,28821.90234375,5.8,4.9
2025-10-04T01:38:44,2.0,28821.90234375,5.8,4.9
2025-10-04T01:38:45,5.0,28821.90234375,5.9,4.9
2025-10-04T01:38:46,3.0,28821.90234375,5.8,4.9
2025-10-04T01:38:47,4.0,28821.90234375,5.8,4.9
2025-10-04T01:38:48,5.0,28821.90234375,6.0,4.9
2025-10-04T01:38:49,4.0,28821.90234375,5.9,4.9
2025-10-04T01:38:50,4.0,28821.90234375,5.8,4.9
2025-10-04T01:38:51,5.0,28821.90234375,5.9,4.9
2025-10-04T01:38:52,1.0,28821.90234375,5.8,4.9
2025-10-04T01:38:53,2.0,28821.90234375,5.8,4.9
2025-10-04T01:38:54,3.0,28821.90234375,5.8,4.9
2025-10-04T01:38:55,4.0,28821.90234375,5.8,4.9
2025-10-04T01:38:56,5.0,28821.90234375,5.8,4.9
2025-10-04T01:38:57,3.0,28821.90234375,5.8,4.9
2025-10-04T01:38:58,3.0,28821.90234375,5.9,4.9
2025-10-04T01:38:59,20.0,28821.90234375,5.9,4.9
2025-10-04T01:39:00,3.0,28821.90234375,5.8,4.9
2025-10-04T01:39:01,5.0,28821.90234375,5.9,4.9
2025-10-04T01:39:02,3.0,28821.90234375,5.8,4.9
2025-10-04T01:39:03,2.0,28821.90234375,5.8,4.9
2025-10-04T01:39:04,2.0,28821.90234375,5.8,4.9
2025-10-04T01:39:05,4.0,28821.90234375,5.8,4.9
2025-10-04T01:39:06,3.0,28821.90234375,5.8,4.9
2025-10-04T01:39:07,3.0,28821.90234375,5.8,4.9
2025-10-04T01:39:08,3.0,28821.90234375,5.9,4.9
2025-10-04T01:39:09,3.0,28821.90234375,5.8,4.9
2025-10-04T01:39:10,4.0,28821.90234375,5.9,4.9
2025-10-04T01:39:11,3.0,28821.90234375,5.9,4.9
2025-10-04T01:39:12,3.0,28821.90234375,5.8,4.9
2025-10-04T01:39:13,2.0,28821.90234375,5.8,4.9
2025-10-04T01:39:14,4.0,28821.90234375,5.9,4.9
2025-10-04T01:39:15,3.0,28821.90234375,5.8,4.9
2025-10-04T01:39:16,2.0,28821.90234375,5.8,4.9
2025-10-04T01:39:17,2.0,28821.90234375,5.8,4.9
2025-10-04T01:39:18,4.0,28821.90234375,5.8,4.9
2025-10-04T01:39:19,3.0,28821.90234375,5.8,4.9
2025-10-04T01:39:20,3.0,28821.90234375,5.9,4.9
2025-10-04T01:39:21,4.0,28821.90234375,5.8,4.9
2025-10-04T01:39:22,3.0,28821.90234375,5.8,4.9
2025-10-04T01:39:23,2.0,28821.90234375,5.8,4.9
2025-10-04T01:39:24,3.0,28821.90234375,5.8,4.9
2025-10-04T01:39:25,2.0,28821.90234375,5.8,4.9
2025-10-04T01:39:26,3.0,28821.90234375,5.9,4.9
2025-10-04T01:39:27,3.0,28821.90234375,5.8,4.9
2025-10-04T01:39:28,3.0,28821.90234375,5.8,4.9
2025-10-04T01:39:29,4.0,28821.90234375,5.9,4.9
2025-10-04T01:39:30,2.0,28821.90234375,5.8,4.9
2025-10-04T01:39:31,4.0,28821.90234375,5.8,4.9
2025-10-04T01:39:32,4.0,28821.90234375,5.9,4.9
2025-10-04T01:39:33,3.0,28821.90234375,5.8,4.9
2025-10-04T01:39:34,3.0,28821.90234375,5.8,4.9
2025-10-04T01:39:35,5.0,28821.90234375,5.9,4.9
2025-10-04T01:39:36,3.0,28821.90234375,5.9,4.9
2025-10-04T01:39:37,3.0,28821.90234375,5.8,4.9
2025-10-04T01:39:38,3.0,28821.90234375,5.9,4.9
2025-10-04T01:39:39,2.0,28821.90234375,5.8,4.9
2025-10-04T01:39:40,3.0,28821.90234375,5.8,4.9
2025-10-04T01:39:41,4.0,28821.90234375,5.8,4.9
2025-10-04T01:39:42,2.0,28821.90234375,5.8,4.9
2025-10-04T01:39:43,4.0,28821.90234375,5.8,4.9
2025-10-04T01:39:44,4.0,28821.90234375,5.9,4.9
2025-10-04T01:39:45,3.0,28821.90234375,5.8,4.9
2025-10-04T01:39:46,4.0,28821.90234375,5.8,4.9
2025-10-04T01:39:47,4.0,28821.90234375,5.8,4.9
2025-10-04T01:39:48,3.0,28821.90234375,5.9,4.9
2025-10-04T01:39:49,3.0,28821.90234375,5.8,4.9
2025-10-04T01:39:50,3.0,28821.90234375,5.8,4.9
2025-10-04T01:39:51,2.0,28821.90234375,5.8,4.9
2025-10-04T01:39:52,3.0,28821.90234375,5.9,4.9
2025-10-04T01:39:53,3.0,28821.90234375,5.8,4.9
2025-10-04T01:39:54,5.0,28821.90234375,5.9,4.9
2025-10-04T01:39:55,1.0,28821.90234375,5.8,4.9
2025-10-04T01:39:56,3.0,28821.90234375,5.8,4.9
2025-10-04T01:39:57,5.0,28821.90234375,5.9,4.9
2025-10-04T01:39:58,3.0,28821.90234375,5.9,4.9
2025-10-04T01:39:59,4.0,28821.90234375,5.8,4.9
2025-10-04T01:40:00,4.0,28821.90234375,5.8,4.9
2025-10-04T01:40:01,2.0,28821.90234375,5.8,4.9
2025-10-04T01:40:02,3.0,28821.90234375,5.8,4.9
2025-10-04T01:40:03,3.0,28821.90234375,5.8,4.9
2025-10-04T01:40:04,3.0,28821.90234375,5.9,4.9
2025-10-04T01:40:05,2.0,28821.90234375,5.8,4.9
2025-10-04T01:40:06,4.0,28821.90234375,5.8,4.9
2025-10-04T01:40:07,4.0,28821.90234375,5.9,4.9
2025-10-04T01:40:08,7.0,28821.90234375,5.9,4.9
2025-10-04T01:40:09,2.0,28821.90234375,5.7,4.9
2025-10-04T01:40:10,3.0,28821.90234375,5.9,4.9
2025-10-04T01:40:11,4.0,28821.90234375,5.8,4.9
2025-10-04T01:40:12,2.0,28821.90234375,5.7,4.9
2025-10-04T01:40:13,4.0,28821.90234375,5.9,4.9
2025-10-04T01:40:14,1.0,28821.90234375,5.8,4.9
2025-10-04T01:40:15,3.0,28821.90234375,5.8,4.9
2025-10-04T01:40:16,5.0,28821.90234375,5.9,4.9
2025-10-04T01:40:17,5.0,28821.90234375,5.9,4.9
2025-10-04T01:40:18,3.0,28821.90234375,5.8,4.9
2025-10-04T01:40:19,2.0,28821.90234375,5.8,4.9
2025-10-04T01:40:20,3.0,28821.90234375,5.9,4.9
2025-10-04T01:40:21,4.0,28821.90234375,5.8,4.9
2025-10-04T01:40:22,4.0,28821.90234375,5.8,4.9
2025-10-04T01:40:23,3.0,28821.90234375,5.9,4.9
2025-10-04T01:40:24,2.0,28821.90234375,5.8,4.9
2025-10-04T01:40:25,3.0,28821.90234375,5.8,4.9
2025-10-04T01:40:26,4.0,28821.90234375,5.9,4.9
2025-10-04T01:40:27,4.0,28821.90234375,5.9,4.9
2025-10-04T01:40:28,3.0,28821.90234375,5.8,4.9
2025-10-04T01:40:29,3.0,28821.90234375,5.8,4.9
2025-10-04T01:40:30,1.0,28821.90234375,5.8,4.9
2025-10-04T01:40:31,5.0,28821.90234375,5.8,4.9
2025-10-04T01:40:32,2.0,28821.90234375,5.8,4.9
2025-10-04T01:40:33,4.0,28821.90234375,5.9,4.9
2025-10-04T01:40:34,3.0,28821.90234375,5.8,4.9
2025-10-04T01:40:35,4.0,28821.90234375,5.9,4.9
2025-10-04T01:40:36,2.0,28821.90234375,5.8,4.9
2025-10-04T01:40:37,4.0,28821.90234375,5.8,4.9
2025-10-04T01:40:38,2.0,28821.90234375,5.8,4.9
2025-10-04T01:40:39,3.0,28821.90234375,5.8,4.9
2025-10-04T01:40:40,4.0,28821.90234375,5.8,4.9
2025-10-04T01:40:41,4.0,28821.90234375,5.9,4.9
2025-10-04T01:40:42,3.0,28821.90234375,5.8,4.9
2025-10-04T01:40:43,2.0,28821.90234375,5.8,4.9
2025-10-04T01:40:44,4.0,28821.90234375,5.8,4.9
2025-10-04T01:40:45,3.0,28821.90234375,5.8,4.9
2025-10-04T01:40:46,3.0,28821.90234375,5.9,4.9
2025-10-04T01:40:47,5.0,28821.90234375,5.8,4.9
2025-10-04T01:40:48,3.0,28821.90234375,5.9,4.9
2025-10-04T01:40:49,1.0,28821.90234375,5.8,4.9
2025-10-04T01:40:50,3.0,28821.90234375,5.8,4.9
2025-10-04T01:40:51,5.0,28821.90234375,5.9,4.9
2025-10-04T01:40:52,1.0,28821.90234375,5.8,4.9
2025-10-04T01:40:53,4.0,28821.90234375,5.8,4.9
2025-10-04T01:40:54,4.0,28821.90234375,5.8,4.9
2025-10-04T01:40:55,2.0,28821.90234375,5.8,4.9
2025-10-04T01:40:56,4.0,28821.90234375,5.9,4.9
2025-10-04T01:40:57,4.0,28821.90234375,5.8,4.9
2025-10-04T01:40:58,5.0,28821.90234375,6.0,4.9
2025-10-04T01:40:59,5.0,28821.90234375,5.8,4.9
2025-10-04T01:41:00,2.0,28821.90234375,5.8,4.9
2025-10-04T01:41:01,3.0,28821.90234375,5.9,4.9
2025-10-04T01:41:02,2.0,28821.90234375,5.8,4.9
2025-10-04T01:41:03,4.0,28821.90234375,5.8,4.9
2025-10-04T01:41:04,3.0,28821.90234375,5.9,4.9
2025-10-04T01:41:05,3.0,28821.90234375,5.8,4.9
2025-10-04T01:41:06,4.0,28821.90234375,5.8,4.9
2025-10-04T01:41:07,4.0,28821.90234375,5.9,4.9
2025-10-04T01:41:08,4.0,28821.90234375,5.9,4.9
2025-10-04T01:41:09,4.0,28821.90234375,5.8,4.9
2025-10-04T01:41:10,2.0,28821.90234375,5.8,4.9
2025-10-04T01:41:11,2.0,28821.90234375,5.8,4.9
2025-10-04T01:41:12,3.0,28821.90234375,5.8,4.9
2025-10-04T01:41:13,5.0,28821.90234375,5.9,4.9
2025-10-04T01:41:14,5.0,28821.90234375,5.9,4.9
2025-10-04T01:41:15,4.0,28821.90234375,5.8,4.9
2025-10-04T01:41:16,3.0,28821.90234375,5.8,4.9
2025-10-04T01:41:17,3.0,28821.90234375,5.8,4.9
2025-10-04T01:41:18,4.0,28821.90234375,5.8,4.9
2025-10-04T01:41:19,3.0,28821.90234375,5.8,4.9
2025-10-04T01:41:20,4.0,28821.90234375,5.9,4.9
2025-10-04T01:41:21,4.0,28821.90234375,5.8,4.9
2025-10-04T01:41:22,2.0,28821.90234375,5.8,4.9
2025-10-04T01:41:23,3.0,28821.90234375,5.9,4.9
2025-10-04T01:41:24,4.0,28821.90234375,5.8,4.9
2025-10-04T01:41:25,3.0,28821.90234375,5.8,4.9
2025-10-04T01:41:26,2.0,28821.90234375,5.8,4.9
2025-10-04T01:41:27,3.0,28821.90234375,5.8,4.9
2025-10-04T01:41:28,3.0,28821.90234375,5.8,4.9
2025-10-04T01:41:29,4.0,28821.90234375,5.8,4.9
2025-10-04T01:41:30,4.0,28821.90234375,5.9,4.9
2025-10-04T01:41:31,5.0,28821.90234375,5.8,4.9
2025-10-04T01:41:32,2.0,28821.90234375,5.8,4.9
2025-10-04T01:41:33,2.0,28821.90234375,5.8,4.9
2025-10-04T01:41:34,3.0,28821.90234375,5.8,4.9
2025-10-04T01:41:35,3.0,28821.90234375,5.8,4.9
2025-10-04T01:41:36,3.0,28821.90234375,5.9,4.9
2025-10-04T01:41:37,4.0,28821.90234375,5.8,4.9
2025-10-04T01:41:38,2.0,28821.90234375,5.8,4.9
2025-10-04T01:41:39,4.0,28821.90234375,5.9,4.9
2025-10-04T01:41:40,2.0,28821.90234375,5.8,4.9
2025-10-04T01:41:41,2.0,28821.90234375,5.8,4.9
2025-10-04T01:41:42,5.0,28821.90234375,5.9,4.9
2025-10-04T01:41:43,2.0,28821.90234375,5.8,4.9
2025-10-04T01:41:44,4.0,28821.90234375,5.8,4.9
2025-10-04T01:41:45,3.0,28821.90234375,5.9,4.9
2025-10-04T01:41:46,3.0,28821.90234375,5.8,4.9
2025-10-04T01:41:47,2.0,28821.90234375,5.8,4.9
2025-10-04T01:41:48,3.0,28821.90234375,5.9,4.9
2025-10-04T01:41:49,3.0,28821.90234375,5.8,4.9
2025-10-04T01:41:50,4.0,28821.90234375,5.8,4.9
2025-10-04T01:41:51,6.0,28821.90234375,5.9,4.9
2025-10-04T01:41:52,5.0,28821.90234375,5.9,4.9
2025-10-04T01:41:53,3.0,28821.90234375,5.8,4.9
2025-10-04T01:41:54,3.0,28821.90234375,5.8,4.9
2025-10-04T01:41:55,2.0,28821.90234375,5.9,4.9
2025-10-04T01:41:56,3.0,28821.90234375,5.8,4.9
2025-10-04T01:41:57,2.0,28821.90234375,5.8,4.9
2025-10-04T01:41:58,4.0,28821.90234375,5.9,4.9
2025-10-04T01:41:59,3.0,28821.90234375,5.8,4.9
2025-10-04T01:42:00,4.0,28821.90234375,5.8,4.9
2025-10-04T01:42:01,3.0,28821.90234375,5.9,4.9
2025-10-04T01:42:02,6.0,28821.90234375,5.9,4.9
2025-10-04T01:42:03,4.0,28821.90234375,5.8,4.9
2025-10-04T01:42:04,2.0,28821.90234375,5.8,4.9
2025-10-04T01:42:05,3.0,28821.90234375,5.8,4.9
2025-10-04T01:42:06,3.0,28821.90234375,5.8,4.9
2025-10-04T01:42:07,3.0,28821.90234375,5.8,4.9
2025-10-04T01:42:08,3.0,28821.90234375,5.9,4.9
2025-10-04T01:42:09,3.0,28821.90234375,5.8,4.9
2025-10-04T01:42:10,5.0,28821.90234375,5.9,4.9
2025-10-04T01:42:11,4.0,28821.90234375,5.9,4.9
2025-10-04T01:42:12,3.0,28821.90234375,5.8,4.9
2025-10-04T01:42:13,4.0,28821.90234375,5.9,4.9
2025-10-04T01:42:14,3.0,28821.90234375,5.8,4.9
2025-10-04T01:42:15,1.0,28821.90234375,5.8,4.9
2025-10-04T01:42:16,4.0,28821.90234375,5.8,4.9
2025-10-04T01:42:17,2.0,28821.90234375,5.8,4.9
2025-10-04T01:42:18,2.0,28821.90234375,5.8,4.9
2025-10-04T01:42:19,2.0,28821.90234375,5.8,4.9
2025-10-04T01:42:20,3.0,28821.90234375,5.9,4.9
2025-10-04T01:42:21,6.0,28821.90234375,5.8,4.9
2025-10-04T01:42:22,2.0,28821.90234375,5.8,4.9
2025-10-04T01:42:23,4.0,28821.90234375,5.9,4.9
2025-10-04T01:42:24,3.0,28821.90234375,5.8,4.8
2025-10-04T01:42:25,2.0,28821.90234375,5.8,4.8
2025-10-04T01:42:26,5.0,28821.90234375,5.9,4.8
2025-10-04T01:42:27,2.0,28821.90234375,5.8,4.8
2025-10-04T01:42:28,1.0,28821.90234375,5.8,4.8
2025-10-04T01:42:29,4.0,28821.90234375,5.9,4.8
2025-10-04T01:42:30,3.0,28821.90234375,5.9,4.8
2025-10-04T01:42:31,4.0,28821.90234375,5.8,4.8
2025-10-04T01:42:32,2.0,28821.90234375,5.8,4.8
2025-10-04T01:42:33,3.0,28821.90234375,5.9,4.8
2025-10-04T01:42:34,4.0,28821.90234375,5.8,4.8
2025-10-04T01:42:35,3.0,28821.90234375,5.8,4.8
2025-10-04T01:42:36,3.0,28821.90234375,5.9,4.8
2025-10-04T01:42:37,3.0,28821.90234375,5.8,4.8
2025-10-04T01:42:38,4.0,28821.90234375,5.9,4.8
2025-10-04T01:42:39,3.0,28821.90234375,5.8,4.8
2025-10-04T01:42:40,4.0,28821.90234375,5.8,4.8
2025-10-04T01:42:41,2.0,28821.90234375,5.8,4.8
2025-10-04T01:42:42,2.0,28821.90234375,5.8,4.8
2025-10-04T01:42:43,3.0,28821.90234375,5.8,4.8
2025-10-04T01:42:44,1.0,28821.90234375,5.8,4.8
2025-10-04T01:42:45,4.0,28821.90234375,5.9,4.8
2025-10-04T01:42:46,5.0,28821.90234375,5.9,4.8
2025-10-04T01:42:47,1.0,28821.90234375,5.7,4.8
2025-10-04T01:42:48,5.0,28821.90234375,5.9,4.8
2025-10-04T01:42:49,2.0,28821.90234375,5.8,4.8
2025-10-04T01:42:50,3.0,28821.90234375,5.8,4.8
2025-10-04T01:42:51,5.0,28821.90234375,5.9,4.8
2025-10-04T01:42:52,2.0,28821.90234375,5.8,4.8
2025-10-04T01:42:53,4.0,28821.90234375,5.8,4.8
2025-10-04T01:42:54,3.0,28821.90234375,5.8,4.8
2025-10-04T01:42:55,2.0,28821.90234375,5.8,4.8
2025-10-04T01:42:56,3.0,28821.90234375,5.8,4.8
2025-10-04T01:42:57,3.0,28821.90234375,5.8,4.8
2025-10-04T01:42:58,3.0,28821.90234375,5.9,4.8
2025-10-04T01:42:59,3.0,28821.90234375,5.8,4.8
2025-10-04T01:43:00,3.0,28821.90234375,5.8,4.8
2025-10-04T01:43:01,4.0,28821.90234375,5.9,4.8
2025-10-04T01:43:02,3.0,28821.90234375,5.9,4.8
2025-10-04T01:43:03,6.0,28821.90234375,5.8,4.8
2025-10-04T01:43:04,3.0,28821.90234375,5.8,4.8
2025-10-04T01:43:05,3.0,28821.90234375,5.9,4.8
2025-10-04T01:43:06,1.0,28821.90234375,5.8,4.8
2025-10-04T01:43:07,3.0,28821.90234375,5.8,4.8
2025-10-04T01:43:08,2.0,28821.90234375,5.9,4.8
2025-10-04T01:43:09,4.0,28821.90234375,5.8,4.8
2025-10-04T01:43:10,4.0,28821.90234375,5.9,4.8
2025-10-04T01:43:11,3.0,28821.90234375,5.8,4.8
2025-10-04T01:43:12,2.0,28821.90234375,5.8,4.8
2025-10-04T01:43:13,3.0,28821.90234375,5.8,4.8
2025-10-04T01:43:14,4.0,28821.90234375,5.9,4.8
2025-10-04T01:43:15,3.0,28821.90234375,5.8,4.8
2025-10-04T01:43:16,4.0,28821.90234375,5.9,4.8
2025-10-04T01:43:17,3.0,28821.90234375,5.8,4.8
2025-10-04T01:43:18,3.0,28821.90234375,5.9,4.8
2025-10-04T01:43:19,4.0,28821.90234375,5.8,4.8
2025-10-04T01:43:20,3.0,28821.90234375,5.9,4.8
2025-10-04T01:43:21,3.0,28821.90234375,5.9,4.8
2025-10-04T01:43:22,4.0,28821.90234375,5.8,4.8
2025-10-04T01:43:23,2.0,28821.90234375,5.9,4.8
2025-10-04T01:43:24,3.0,28821.90234375,5.9,4.8
2025-10-04T01:43:25,4.0,28821.90234375,5.8,4.8
2025-10-04T01:43:26,2.0,28821.90234375,5.8,4.8
2025-10-04T01:43:27,3.0,28821.90234375,5.9,4.8
2025-10-04T01:43:28,3.0,28821.90234375,5.9,4.8
2025-10-04T01:43:29,4.0,28821.90234375,5.8,4.8
2025-10-04T01:43:30,4.0,28821.90234375,5.9,4.8
2025-10-04T01:43:31,4.0,28821.90234375,5.8,4.8
2025-10-04T01:43:32,2.0,28821.90234375,5.8,4.8
2025-10-04T01:43:33,2.0,28821.90234375,5.9,4.8
2025-10-04T01:43:34,5.0,28821.90234375,5.9,4.8
2025-10-04T01:43:35,4.0,28821.90234375,5.8,4.8
2025-10-04T01:43:36,0.0,28821.90234375,5.8,4.8
2025-10-04T01:43:37,5.0,28821.90234375,5.9,4.8
2025-10-04T01:43:38,2.0,28821.90234375,5.8,4.8
2025-10-04T01:43:39,3.0,28821.90234375,5.8,4.8
2025-10-04T01:43:40,4.0,28821.90234375,5.9,4.8
2025-10-04T01:43:41,4.0,28821.90234375,5.8,4.8
2025-10-04T01:43:42,3.0,28821.90234375,5.9,4.8
2025-10-04T01:43:43,6.0,28821.90234375,5.9,4.8
2025-10-04T01:43:44,2.0,28821.90234375,5.8,4.8
2025-10-04T01:43:45,3.0,28821.90234375,5.8,4.8
2025-10-04T01:43:46,3.0,28821.90234375,5.9,4.8
2025-10-04T01:43:47,4.0,28821.90234375,5.8,4.8
2025-10-04T01:43:48,3.0,28821.90234375,5.9,4.8
2025-10-04T01:43:49,2.0,28821.90234375,5.8,4.8
2025-10-04T01:43:50,3.0,28821.90234375,5.8,4.8
2025-10-04T01:43:51,3.0,28821.90234375,5.8,4.8
2025-10-04T01:43:52,2.0,28821.90234375,5.8,4.8
2025-10-04T01:43:53,5.0,28821.90234375,5.9,4.8
2025-10-04T01:43:54,4.0,28821.90234375,5.8,4.8
2025-10-04T01:43:55,2.0,28821.90234375,5.8,4.8
2025-10-04T01:43:56,4.0,28821.90234375,5.9,4.8
2025-10-04T01:43:57,2.0,28821.90234375,5.7,4.8
2025-10-04T01:43:58,3.0,28821.90234375,5.9,4.8
2025-10-04T01:43:59,3.0,28821.90234375,5.8,4.8
2025-10-04T01:44:00,7.0,28821.90234375,5.9,4.8
2025-10-04T01:44:01,1.0,28821.90234375,5.8,4.8
2025-10-04T01:44:02,4.0,28821.90234375,5.9,4.8
2025-10-04T01:44:03,2.0,28821.90234375,5.7,4.8
2025-10-04T01:44:04,2.0,28821.90234375,5.8,4.8
2025-10-04T01:44:05,5.0,28821.90234375,5.9,4.8
2025-10-04T01:44:06,3.0,28821.90234375,5.8,4.8
2025-10-04T01:44:07,3.0,28821.90234375,5.8,4.8
2025-10-04T01:44:08,3.0,28821.90234375,5.9,4.8
2025-10-04T01:44:09,3.0,28821.90234375,5.8,4.8
2025-10-04T01:44:10,2.0,28821.90234375,5.8,4.8
2025-10-04T01:44:11,5.0,28821.90234375,5.9,4.8
2025-10-04T01:44:12,3.0,28821.90234375,5.8,4.8
2025-10-04T01:44:13,2.0,28821.90234375,5.8,4.8
2025-10-04T01:44:14,3.0,28821.90234375,5.9,4.8
2025-10-04T01:44:15,3.0,28821.90234375,5.8,4.8
2025-10-04T01:44:16,2.0,28821.90234375,6.0,4.8
2025-10-04T01:44:17,3.0,28821.90234375,5.9,4.8
2025-10-04T01:44:18,4.0,28821.90234375,5.9,4.8
2025-10-04T01:44:19,3.0,28821.90234375,5.8,4.8
2025-10-04T01:44:20,4.0,28821.90234375,5.9,4.8
2025-10-04T01:44:21,3.0,28821.90234375,5.9,4.8
2025-10-04T01:44:22,6.0,28821.90234375,5.8,4.8
2025-10-04T01:44:23,2.0,28821.90234375,5.9,4.8
2025-10-04T01:44:24,4.0,28821.90234375,5.8,4.8
2025-10-04T01:44:25,3.0,28821.90234375,5.8,4.8
2025-10-04T01:44:26,2.0,28821.90234375,5.8,4.8
2025-10-04T01:44:27,3.0,28821.90234375,5.9,4.8
2025-10-04T01:44:28,3.0,28821.90234375,5.8,4.8
2025-10-04T01:44:29,2.0,28821.90234375,5.8,4.8
2025-10-04T01:44:30,3.0,28821.90234375,5.8,4.8
2025-10-04T01:44:31,2.0,28821.90234375,5.8,4.8
2025-10-04T01:44:32,4.0,28821.90234375,5.8,4.8
2025-10-04T01:44:33,4.0,28821.90234375,5.9,4.8
2025-10-04T01:44:34,4.0,28821.90234375,5.8,4.8
2025-10-04T01:44:35,5.0,28821.90234375,5.9,4.8
2025-10-04T01:44:36,3.0,28821.90234375,5.9,4.8
2025-10-04T01:44:37,4.0,28821.90234375,5.8,4.8
2025-10-04T01:44:38,3.0,28821.90234375,5.8,4.8
2025-10-04T01:44:39,3.0,28821.90234375,5.9,4.8
2025-10-04T01:44:40,3.0,28821.90234375,5.8,4.8
2025-10-04T01:44:41,2.0,28821.90234375,5.7,4.8
2025-10-04T01:44:42,4.0,28821.90234375,5.9,4.8
2025-10-04T01:44:43,4.0,28821.90234375,5.9,4.8
2025-10-04T01:44:44,3.0,28821.90234375,5.8,4.8
2025-10-04T01:44:45,4.0,28821.90234375,5.9,4.8
2025-10-04T01:44:46,5.0,28821.90234375,5.9,4.8
2025-10-04T01:44:47,2.0,28821.90234375,5.8,4.8
2025-10-04T01:44:48,1.0,28821.90234375,5.8,4.8
2025-10-04T01:44:49,4.0,28821.90234375,5.8,4.8
2025-10-04T01:44:50,2.0,28821.90234375,5.8,4.8
2025-10-04T01:44:51,5.0,28821.90234375,5.8,4.8
2025-10-04T01:44:52,1.0,28821.90234375,5.8,4.8
2025-10-04T01:44:53,6.0,28821.90234375,5.8,4.8
2025-10-04T01:44:54,4.0,28821.90234375,5.8,4.8
2025-10-04T01:44:55,3.0,28821.90234375,5.9,4.8
2025-10-04T01:44:56,3.0,28821.90234375,5.8,4.8
2025-10-04T01:44:57,3.0,28821.90234375,5.8,4.8
2025-10-04T01:44:58,6.0,28821.90234375,5.9,4.8
2025-10-04T01:44:59,4.0,28821.90234375,5.9,4.8
2025-10-04T01:45:00,3.0,28821.90234375,5.8,4.8
2025-10-04T01:45:01,3.0,28821.90234375,5.9,4.8
2025-10-04T01:45:02,2.0,28821.90234375,5.8,4.8
2025-10-04T01:45:03,4.0,28821.90234375,5.8,4.8
2025-10-04T01:45:04,4.0,28821.90234375,5.9,4.8
2025-10-04T01:45:05,2.0,28821.90234375,5.8,4.8
2025-10-04T01:45:06,3.0,28821.90234375,5.8,4.8
2025-10-04T01:45:07,4.0,28821.90234375,5.9,4.8
2025-10-04T01:45:08,5.0,28821.90234375,5.9,4.8
2025-10-04T01:45:09,4.0,28821.90234375,5.8,4.8
2025-10-04T01:45:10,3.0,28821.90234375,5.8,4.8
2025-10-04T01:45:11,3.0,28821.90234375,5.9,4.8
2025-10-04T01:45:12,3.0,28821.90234375,5.8,4.8
2025-10-04T01:45:13,2.0,28821.90234375,5.8,4.8
2025-10-04T01:45:14,6.0,28821.90234375,5.9,4.8
2025-10-04T01:45:15,2.0,28821.90234375,5.8,4.8
2025-10-04T01:45:16,3.0,28821.90234375,5.8,4.8
2025-10-04T01:45:17,5.0,28821.90234375,5.9,4.8
2025-10-04T01:45:18,3.0,28821.90234375,5.9,4.8
2025-10-04T01:45:19,2.0,28821.90234375,5.7,4.8
2025-10-04T01:45:20,4.0,28821.90234375,5.9,4.8
2025-10-04T01:45:21,3.0,28821.90234375,5.9,4.8
2025-10-04T01:45:22,4.0,28821.90234375,5.8,4.8
2025-10-04T01:45:23,2.0,28821.90234375,5.8,4.8
2025-10-04T01:45:24,4.0,28821.90234375,5.9,4.8
2025-10-04T01:45:25,4.0,28821.90234375,5.8,4.8
2025-10-04T01:45:26,1.0,28821.90234375,5.8,4.8
2025-10-04T01:45:27,4.0,28821.90234375,5.9,4.8
2025-10-04T01:45:28,4.0,28821.90234375,5.8,4.8
2025-10-04T01:45:29,3.0,28821.90234375,5.8,4.8
2025-10-04T01:45:30,3.0,28821.90234375,5.9,4.8
2025-10-04T01:45:31,4.0,28821.90234375,5.8,4.8
2025-10-04T01:45:32,2.0,28821.90234375,5.8,4.8
2025-10-04T01:45:33,4.0,28821.90234375,5.9,4.8
2025-10-04T01:45:34,3.0,28821.90234375,5.8,4.8
2025-10-04T01:45:35,17.0,28821.90234375,5.9,4.8
2025-10-04T01:45:36,3.2,28821.90234375,5.9,4.8
2025-10-04T01:45:37,4.0,28821.90234375,5.9,4.8
2025-10-04T01:45:38,3.0,28821.90234375,5.8,4.8
2025-10-04T01:45:39,2.0,28821.90234375,5.8,4.8
2025-10-04T01:45:40,3.0,28821.90234375,5.9,4.8
2025-10-04T01:45:41,2.0,28821.90234375,5.8,4.8
2025-10-04T01:45:42,4.0,28821.90234375,5.9,4.8
2025-10-04T01:45:43,5.0,28821.90234375,5.9,4.8
2025-10-04T01:45:44,2.0,28821.90234375,5.8,4.8
2025-10-04T01:45:45,1.0,28821.90234375,5.8,4.8
2025-10-04T01:45:46,4.0,28821.90234375,5.9,4.8
2025-10-04T01:45:47,3.0,28821.90234375,5.8,4.8
2025-10-04T01:45:48,5.0,28821.90234375,5.9,4.8
2025-10-04T01:45:49,4.0,28821.90234375,5.9,4.8
2025-10-04T01:45:50,2.0,28821.90234375,5.8,4.8
2025-10-04T01:45:51,2.0,28821.90234375,5.8,4.8
2025-10-04T01:45:52,3.0,28821.90234375,5.9,4.8
2025-10-04T01:45:53,3.0,28821.90234375,5.8,4.8
2025-10-04T01:45:54,4.0,28821.90234375,5.8,4.8
2025-10-04T01:45:55,4.0,28821.90234375,5.9,4.8
2025-10-04T01:45:56,3.0,28821.90234375,5.8,4.8
2025-10-04T01:45:57,4.0,28821.90234375,5.8,4.8
2025-10-04T01:45:58,5.0,28821.90234375,6.0,4.8
2025-10-04T01:45:59,3.0,28821.90234375,5.9,4.8
2025-10-04T01:46:00,2.0,28821.90234375,5.8,4.8
2025-10-04T01:46:01,3.0,28821.90234375,5.8,4.8
2025-10-04T01:46:02,3.0,28821.90234375,5.9,4.8
2025-10-04T01:46:03,4.0,28821.90234375,5.8,4.8
2025-10-04T01:46:04,5.0,28821.90234375,5.9,4.8
2025-10-04T01:46:05,3.0,28821.90234375,5.9,4.8
2025-10-04T01:46:06,5.0,28821.90234375,5.8,4.8
2025-10-04T01:46:07,2.0,28821.90234375,5.8,4.8
2025-10-04T01:46:08,5.0,28821.90234375,5.9,4.8
2025-10-04T01:46:09,2.0,28821.90234375,5.8,4.8
2025-10-04T01:46:10,3.0,28821.90234375,5.8,4.8
2025-10-04T01:46:11,3.0,28821.90234375,5.9,4.8
2025-10-04T01:46:12,3.0,28821.90234375,5.8,4.8
2025-10-04T01:46:13,3.0,28821.90234375,5.8,4.8
2025-10-04T01:46:14,5.0,28821.90234375,5.9,4.8
2025-10-04T01:46:15,3.0,28821.90234375,5.8,4.8
2025-10-04T01:46:16,3.0,28821.90234375,5.8,4.8
2025-10-04T01:46:17,2.0,28821.90234375,5.8,4.8
2025-10-04T01:46:18,3.0,28821.90234375,5.9,4.8
2025-10-04T01:46:19,4.0,28821.90234375,5.8,4.8
2025-10-04T01:46:20,4.0,28821.90234375,5.9,4.8
2025-10-04T01:46:21,1.0,28821.90234375,5.8,4.8
2025-10-04T01:46:22,2.0,28821.90234375,5.8,4.8
2025-10-04T01:46:23,2.0,28821.90234375,5.8,4.8
2025-10-04T01:46:24,3.0,28821.90234375,5.9,4.8
2025-10-04T01:46:25,3.0,28821.90234375,5.7,4.8
2025-10-04T01:46:26,2.0,28821.90234375,5.8,4.8
2025-10-04T01:46:27,3.0,28821.90234375,5.8,4.8
2025-10-04T01:46:28,4.0,28821.90234375,5.8,4.8
2025-10-04T01:46:29,2.0,28821.90234375,5.8,4.8
2025-10-04T01:46:30,3.0,28821.90234375,5.8,4.8
2025-10-04T01:46:31,4.0,28821.90234375,5.8,4.8
2025-10-04T01:46:32,3.0,28821.90234375,5.8,4.8
2025-10-04T01:46:33,1.0,28821.90234375,5.8,4.8
2025-10-04T01:46:34,5.0,28821.90234375,5.9,4.8
2025-10-04T01:46:35,2.0,28821.90234375,5.8,4.8
2025-10-04T01:46:36,1.0,28821.90234375,5.8,4.8
2025-10-04T01:46:37,4.0,28821.90234375,5.9,4.8
2025-10-04T01:46:38,2.0,28821.90234375,5.8,4.8
2025-10-04T01:46:39,4.0,28821.90234375,5.8,4.8
2025-10-04T01:46:40,2.0,28821.90234375,5.8,4.8
2025-10-04T01:46:41,2.0,28821.90234375,5.8,4.8
2025-10-04T01:46:42,5.0,28821.90234375,5.9,4.8
2025-10-04T01:46:43,2.0,28821.90234375,5.8,4.8
2025-10-04T01:46:44,5.0,28821.90234375,5.8,4.8
2025-10-04T01:46:45,2.0,28821.90234375,5.8,4.8
2025-10-04T01:46:46,4.0,28821.90234375,5.8,4.8
2025-10-04T01:46:47,3.0,28821.90234375,5.8,4.8
2025-10-04T01:46:48,3.0,28821.90234375,5.8,4.8
2025-10-04T01:46:49,3.0,28821.90234375,5.8,4.8
2025-10-04T01:46:50,3.0,28821.90234375,5.8,4.8
2025-10-04T01:46:51,3.0,28821.90234375,5.8,4.8
2025-10-04T01:46:52,2.0,28821.90234375,5.8,4.8
2025-10-04T01:46:53,4.0,28821.90234375,5.8,4.8
2025-10-04T01:46:54,3.0,28821.90234375,5.8,4.8
2025-10-04T01:46:55,3.0,28821.90234375,5.9,4.8
2025-10-04T01:46:56,4.0,28821.90234375,5.9,4.8
2025-10-04T01:46:57,2.0,28821.90234375,5.8,4.8
2025-10-04T01:46:58,5.0,28821.90234375,5.9,4.8
2025-10-04T01:46:59,1.0,28821.90234375,5.8,4.8
2025-10-04T01:47:00,3.0,28821.90234375,5.8,4.8
2025-10-04T01:47:01,5.0,28821.90234375,5.8,4.8
2025-10-04T01:47:02,3.0,28821.90234375,5.9,4.8
2025-10-04T01:47:03,3.0,28821.90234375,5.8,4.8
2025-10-04T01:47:04,2.0,28821.90234375,5.8,4.8
2025-10-04T01:47:05,2.0,28821.90234375,5.8,4.8
2025-10-04T01:47:06,3.0,28821.90234375,5.8,4.8
2025-10-04T01:47:07,4.0,28821.90234375,5.8,4.8
2025-10-04T01:47:08,4.0,28821.90234375,5.9,4.8
2025-10-04T01:47:09,4.0,28821.90234375,5.8,4.8
2025-10-04T01:47:10,2.0,28821.90234375,5.8,4.8
2025-10-04T01:47:11,4.0,28821.90234375,5.9,4.8
2025-10-04T01:47:12,4.0,28821.90234375,5.9,4.8
2025-10-04T01:47:13,2.0,28821.90234375,5.7,4.8
2025-10-04T01:47:14,2.0,28821.90234375,5.8,4.8
2025-10-04T01:47:15,3.0,28821.90234375,5.8,4.8
2025-10-04T01:47:16,4.0,28821.90234375,5.8,4.8
2025-10-04T01:47:17,3.0,28821.90234375,5.8,4.8
2025-10-04T01:47:18,3.0,28821.90234375,5.9,4.8
2025-10-04T01:47:19,4.0,28821.90234375,5.8,4.8
2025-10-04T01:47:20,3.0,28821.90234375,5.9,4.8
2025-10-04T01:47:21,4.0,28821.90234375,5.8,4.8
2025-10-04T01:47:22,3.0,28821.90234375,5.8,4.8
2025-10-04T01:47:23,3.0,28821.90234375,5.8,4.8
2025-10-04T01:47:24,2.0,28821.90234375,5.8,4.8
2025-10-04T01:47:25,3.0,28821.90234375,5.8,4.8
2025-10-04T01:47:26,5.0,28821.90234375,5.8,4.8
2025-10-04T01:47:27,4.0,28821.90234375,5.9,4.8
2025-10-04T01:47:28,1.0,28821.90234375,5.8,4.8
2025-10-04T01:47:29,3.0,28821.90234375,5.8,4.8
2025-10-04T01:47:30,3.0,28821.90234375,5.8,4.8
2025-10-04T01:47:31,3.0,28821.90234375,5.9,4.8
2025-10-04T01:47:32,4.0,28821.90234375,5.8,4.8
2025-10-04T01:47:33,3.0,28821.90234375,5.8,4.8
2025-10-04T01:47:34,3.0,28821.90234375,5.8,4.8
2025-10-04T01:47:35,4.0,28821.90234375,5.8,4.8
2025-10-04T01:47:36,2.0,28821.90234375,5.8,4.8
2025-10-04T01:47:37,3.0,28821.90234375,5.9,4.8
2025-10-04T01:47:38,4.0,28821.90234375,5.8,4.8
2025-10-04T01:47:39,3.0,28821.90234375,5.8,4.8
2025-10-04T01:47:40,2.0,28821.90234375,5.9,4.8
2025-10-04T01:47:41,3.0,28821.90234375,5.8,4.8
2025-10-04T01:47:42,6.0,28821.90234375,5.9,4.8
2025-10-04T01:47:43,2.0,28821.90234375,5.9,4.8
2025-10-04T01:47:44,4.0,28821.90234375,5.8,4.8
2025-10-04T01:47:45,2.0,28821.90234375,5.8,4.8
2025-10-04T01:47:46,3.0,28821.90234375,5.9,4.8
2025-10-04T01:47:47,3.0,28821.90234375,5.8,4.8
2025-10-04T01:47:48,3.0,28821.90234375,5.8,4.8
2025-10-04T01:47:49,2.0,28821.90234375,5.8,4.8
2025-10-04T01:47:50,3.0,28821.90234375,5.8,4.8
2025-10-04T01:47:51,3.0,28821.90234375,5.8,4.8
2025-10-04T01:47:52,5.0,28821.90234375,5.9,4.8
2025-10-04T01:47:53,3.0,28821.90234375,5.8,4.8
2025-10-04T01:47:54,3.0,28821.90234375,5.8,4.8
2025-10-04T01:47:55,3.0,28821.90234375,5.9,4.8
2025-10-04T01:47:56,4.0,28821.90234375,5.9,4.8
2025-10-04T01:47:57,3.0,28821.90234375,5.8,4.8
2025-10-04T01:47:58,3.0,28821.90234375,5.9,4.8
2025-10-04T01:47:59,5.0,28821.90234375,5.9,4.8
2025-10-04T01:48:00,2.0,28821.90234375,5.8,4.8
2025-10-04T01:48:01,3.0,28821.90234375,5.9,4.8
2025-10-04T01:48:02,6.0,28821.90234375,5.9,4.8
2025-10-04T01:48:03,3.0,28821.90234375,5.8,4.8
2025-10-04T01:48:04,2.0,28821.90234375,5.8,4.8
2025-10-04T01:48:05,3.0,28821.90234375,5.8,4.8
2025-10-04T01:48:06,3.0,28821.90234375,5.8,4.8
2025-10-04T01:48:07,3.0,28821.90234375,5.8,4.8
2025-10-04T01:48:08,3.0,28821.90234375,5.9,4.8
2025-10-04T01:48:09,5.0,28821.90234375,5.8,4.8
2025-10-04T01:48:10,3.0,28821.90234375,5.8,4.8
2025-10-04T01:48:11,4.0,28821.90234375,5.9,4.8
2025-10-04T01:48:12,4.0,28821.90234375,5.9,4.8
2025-10-04T01:48:13,3.0,28821.90234375,5.8,4.8
2025-10-04T01:48:14,4.0,28821.90234375,5.8,4.8
2025-10-04T01:48:15,3.0,28821.90234375,5.9,4.8
2025-10-04T01:48:16,3.0,28821.90234375,5.8,4.8
2025-10-04T01:48:17,4.0,28821.90234375,5.9,4.8
2025-10-04T01:48:18,2.0,28821.90234375,5.9,4.8
2025-10-04T01:48:19,3.0,28821.90234375,5.8,4.8
2025-10-04T01:48:20,4.0,28821.90234375,5.9,4.8
2025-10-04T01:48:21,2.0,28821.90234375,5.8,4.8
2025-10-04T01:48:22,4.0,28821.90234375,5.8,4.8
2025-10-04T01:48:23,3.0,28821.90234375,5.8,4.8
2025-10-04T01:48:24,4.0,28821.90234375,5.9,4.8
2025-10-04T01:48:25,2.0,28821.90234375,5.8,4.8
2025-10-04T01:48:26,4.0,28821.90234375,5.8,4.8
2025-10-04T01:48:27,5.0,28821.90234375,5.9,4.8
2025-10-04T01:48:28,3.0,28821.90234375,5.9,4.8
2025-10-04T01:48:29,2.0,28821.90234375,5.8,4.8
2025-10-04T01:48:30,3.0,28821.90234375,5.8,4.8
2025-10-04T01:48:31,3.0,28821.90234375,5.8,4.8
2025-10-04T01:48:32,2.0,28821.90234375,5.8,4.8
2025-10-04T01:48:33,4.0,28821.90234375,5.9,4.8
2025-10-04T01:48:34,3.0,28821.90234375,5.9,4.8
2025-10-04T01:48:35,2.0,28821.90234375,5.8,4.8
2025-10-04T01:48:36,4.0,28821.90234375,5.9,4.8
2025-10-04T01:48:37,7.0,28821.90234375,5.9,4.8
2025-10-04T01:48:38,2.0,28821.90234375,5.8,4.8
2025-10-04T01:48:39,5.0,28821.90234375,5.9,4.8
2025-10-04T01:48:40,0.0,28821.90234375,5.8,4.8
2025-10-04T01:48:41,4.0,28821.90234375,5.8,4.8
2025-10-04T01:48:42,2.0,28821.90234375,5.8,4.8
2025-10-04T01:48:43,3.0,28821.90234375,5.9,4.8
2025-10-04T01:48:44,2.0,28821.90234375,5.8,4.8
2025-10-04T01:48:45,5.0,28821.90234375,5.8,4.8
2025-10-04T01:48:46,2.0,28821.90234375,5.8,4.8
2025-10-04T01:48:47,5.0,28821.90234375,5.8,4.8
2025-10-04T01:48:48,4.0,28821.90234375,5.8,4.8
2025-10-04T01:48:49,2.0,28821.90234375,5.8,4.8
2025-10-04T01:48:50,3.0,28821.90234375,5.9,4.8
2025-10-04T01:48:51,5.0,28821.90234375,5.8,4.8
2025-10-04T01:48:52,4.0,28821.90234375,5.9,4.8
2025-10-04T01:48:53,3.0,28821.90234375,5.8,4.8
2025-10-04T01:48:54,1.0,28821.90234375,5.7,4.8
2025-10-04T01:48:55,3.0,28821.90234375,5.8,4.8
2025-10-04T01:48:56,3.0,28821.90234375,5.9,4.8
2025-10-04T01:48:57,3.0,28821.90234375,5.8,4.8
2025-10-04T01:48:58,4.0,28821.90234375,5.9,4.8
2025-10-04T01:48:59,3.0,28821.90234375,5.8,4.8
2025-10-04T01:49:00,4.0,28821.90234375,5.8,4.8
2025-10-04T01:49:01,4.0,28821.90234375,5.8,4.8
2025-10-04T01:49:02,3.0,28821.90234375,5.8,4.8
2025-10-04T01:49:03,4.0,28821.90234375,5.8,4.8
2025-10-04T01:49:04,3.0,28821.90234375,5.8,4.8
2025-10-04T01:49:05,3.0,28821.90234375,5.8,4.8
2025-10-04T01:49:06,3.0,28821.90234375,5.8,4.8
2025-10-04T01:49:07,3.0,28821.90234375,5.8,4.8
2025-10-04T01:49:08,5.0,28821.90234375,5.9,4.8
2025-10-04T01:49:09,2.0,28821.90234375,5.8,4.8
2025-10-04T01:49:10,5.0,28821.90234375,5.8,4.8
2025-10-04T01:49:11,4.0,28821.90234375,5.9,4.8
2025-10-04T01:49:12,3.0,28821.90234375,5.8,4.8
2025-10-04T01:49:13,3.0,28821.90234375,5.8,4.8
2025-10-04T01:49:14,3.0,28821.90234375,5.8,4.8
2025-10-04T01:49:15,4.0,28821.90234375,5.9,4.8
2025-10-04T01:49:16,2.0,28821.90234375,5.8,4.8
2025-10-04T01:49:17,5.0,28821.90234375,5.9,4.8
2025-10-04T01:49:18,2.0,28821.90234375,5.8,4.8
2025-10-04T01:49:19,4.0,28821.90234375,5.8,4.8
2025-10-04T01:49:20,3.0,28821.90234375,5.8,4.8
2025-10-04T01:49:21,4.0,28821.90234375,5.9,4.8
2025-10-04T01:49:22,3.0,28821.90234375,5.8,4.8
2025-10-04T01:49:23,4.0,28821.90234375,5.8,4.8
2025-10-04T01:49:24,1.0,28821.90234375,5.8,4.8
2025-10-04T01:49:25,3.0,28821.90234375,5.8,4.8
2025-10-04T01:49:26,4.0,28821.90234375,5.8,4.8
2025-10-04T01:49:27,5.0,28821.90234375,5.9,4.8
2025-10-04T01:49:28,3.0,28821.90234375,5.9,4.8
2025-10-04T01:49:29,3.0,28821.90234375,5.8,4.8
2025-10-04T01:49:30,4.0,28821.90234375,5.9,4.8
2025-10-04T01:49:31,3.0,28821.90234375,5.9,4.8
2025-10-04T01:49:32,4.0,28821.90234375,5.8,4.8
2025-10-04T01:49:33,4.0,28821.90234375,5.8,4.8
2025-10-04T01:49:34,3.0,28821.90234375,5.9,4.8
2025-10-04T01:49:35,3.0,28821.90234375,5.8,4.8
2025-10-04T01:49:36,3.0,28821.90234375,5.8,4.8
2025-10-04T01:49:37,4.0,28821.90234375,5.9,4.8
2025-10-04T01:49:38,4.0,28821.90234375,5.8,4.8
2025-10-04T01:49:39,4.0,28821.90234375,5.8,4.8
2025-10-04T01:49:40,5.0,28821.90234375,5.9,4.8
2025-10-04T01:49:41,3.0,28821.90234375,5.8,4.8
2025-10-04T01:49:42,4.0,28821.90234375,5.8,4.8
2025-10-04T01:49:43,3.0,28821.90234375,6.0,4.8
2025-10-04T01:49:44,2.0,28821.90234375,5.8,4.8
2025-10-04T01:49:45,3.0,28821.90234375,5.8,4.8
2025-10-04T01:49:46,4.0,28821.90234375,5.9,4.8
2025-10-04T01:49:47,4.0,28821.90234375,5.8,4.8
2025-10-04T01:49:48,2.0,28821.90234375,5.8,4.8
2025-10-04T01:49:49,3.0,28821.90234375,5.9,4.8
2025-10-04T01:49:50,3.0,28821.90234375,5.9,4.8
2025-10-04T01:49:51,5.0,28821.90234375,5.8,4.8
2025-10-04T01:49:52,3.0,28821.90234375,5.8,4.8
2025-10-04T01:49:53,4.0,28821.90234375,5.8,4.8
2025-10-04T01:49:54,2.0,28821.90234375,5.8,4.8
2025-10-04T01:49:55,4.0,28821.90234375,5.8,4.8
2025-10-04T01:49:56,2.0,28821.90234375,5.9,4.8
2025-10-04T01:49:57,4.0,28821.90234375,5.8,4.8
2025-10-04T01:49:58,3.0,28821.90234375,5.9,4.8
2025-10-04T01:49:59,3.0,28821.90234375,5.9,4.8
2025-10-04T01:50:00,2.0,28821.90234375,5.8,4.8
2025-10-04T01:50:01,6.0,28821.90234375,5.9,4.8
2025-10-04T01:50:02,3.0,28821.90234375,5.9,4.8
2025-10-04T01:50:03,3.0,28821.90234375,5.8,4.8
2025-10-04T01:50:04,4.0,28821.90234375,5.8,4.8
2025-10-04T01:50:05,3.0,28821.90234375,5.9,4.8
2025-10-04T01:50:06,3.0,28821.90234375,5.8,4.8
2025-10-04T01:50:07,3.0,28821.90234375,5.8,4.8
2025-10-04T01:50:08,4.0,28821.90234375,5.9,4.8
2025-10-04T01:50:09,4.0,28821.90234375,5.8,4.8
2025-10-04T01:50:10,3.0,28821.90234375,5.8,4.8
2025-10-04T01:50:11,4.0,28821.90234375,5.9,4.8
2025-10-04T01:50:12,3.0,28821.90234375,5.8,4.8
2025-10-04T01:50:13,6.0,28821.90234375,5.8,4.8
2025-10-04T01:50:14,3.0,28821.90234375,5.8,4.8
2025-10-04T01:50:15,5.0,28821.90234375,5.9,4.8
2025-10-04T01:50:16,3.0,28821.90234375,5.8,4.8
2025-10-04T01:50:17,2.0,28821.90234375,5.8,4.8
2025-10-04T01:50:18,4.0,28821.90234375,5.9,4.8
2025-10-04T01:50:19,4.0,28821.90234375,5.8,4.8
2025-10-04T01:50:20,2.0,28821.90234375,5.8,4.8
2025-10-04T01:50:21,3.0,28821.90234375,5.9,4.8
2025-10-04T01:50:22,4.0,28821.90234375,5.8,4.8
2025-10-04T01:50:23,5.0,28821.90234375,5.8,4.8
2025-10-04T01:50:24,2.0,28821.90234375,5.8,4.8
2025-10-04T01:50:25,3.0,28821.90234375,5.8,4.8
2025-10-04T01:50:26,5.0,28821.90234375,5.8,4.8
2025-10-04T01:50:27,5.0,28821.90234375,5.9,4.8
2025-10-04T01:50:28,2.0,28821.90234375,5.9,4.8
2025-10-04T01:50:29,5.0,28821.90234375,5.8,4.8
2025-10-04T01:50:30,4.0,28821.90234375,5.9,4.8
2025-10-04T01:50:31,1.0,28821.90234375,5.8,4.8
2025-10-04T01:50:32,3.0,28821.90234375,5.8,4.8
2025-10-04T01:50:33,5.0,28821.90234375,5.9,4.8
2025-10-04T01:50:34,5.0,28821.90234375,5.9,4.8
2025-10-04T01:50:35,2.0,28821.90234375,5.8,4.8
2025-10-04T01:50:36,5.0,28821.90234375,5.9,4.8
2025-10-04T01:50:37,4.0,28821.90234375,5.9,4.8
2025-10-04T01:50:38,3.0,28821.90234375,5.8,4.8
2025-10-04T01:50:39,3.0,28821.90234375,5.8,4.8
2025-10-04T01:50:40,6.0,28821.90234375,5.9,4.8
2025-10-04T01:50:41,2.0,28821.90234375,5.8,4.8
2025-10-04T01:50:42,4.0,28821.90234375,5.8,4.8
2025-10-04T01:50:43,2.0,28821.90234375,5.9,4.8
2025-10-04T01:50:44,4.0,28821.90234375,5.8,4.8
2025-10-04T01:50:45,4.0,28821.90234375,5.8,4.8
2025-10-04T01:50:46,2.0,28821.90234375,5.9,4.8
2025-10-04T01:50:47,5.0,28821.90234375,5.9,4.8
2025-10-04T01:50:48,3.0,28821.90234375,5.8,4.8
2025-10-04T01:50:49,2.0,28821.90234375,5.8,4.8
2025-10-04T01:50:50,4.0,28821.90234375,5.8,4.8
2025-10-04T01:50:51,2.0,28821.90234375,5.8,4.8
2025-10-04T01:50:52,4.0,28821.90234375,5.8,4.8
2025-10-04T01:50:53,5.0,28821.90234375,5.9,4.8
2025-10-04T01:50:54,4.0,28821.90234375,5.8,4.8
2025-10-04T01:50:55,3.0,28821.90234375,5.8,4.8
2025-10-04T01:50:56,5.0,28821.90234375,5.9,4.8
2025-10-04T01:50:57,2.0,28821.90234375,5.8,4.8
2025-10-04T01:50:58,3.0,28821.90234375,5.9,4.8
2025-10-04T01:50:59,4.0,28821.90234375,5.9,4.8
2025-10-04T01:51:00,3.0,28821.90234375,5.8,4.8
2025-10-04T01:51:01,3.0,28821.90234375,5.8,4.8
2025-10-04T01:51:02,2.0,28821.90234375,5.8,4.8
2025-10-04T01:51:03,4.0,28821.90234375,5.8,4.8
2025-10-04T01:51:04,2.0,28821.90234375,5.8,4.8
2025-10-04T01:51:05,4.0,28821.90234375,5.9,4.8
2025-10-04T01:51:06,4.0,28821.90234375,5.8,4.8
2025-10-04T01:51:07,5.0,28821.90234375,5.8,4.8
2025-10-04T01:51:08,2.0,28821.90234375,5.8,4.8
2025-10-04T01:51:09,5.0,28821.90234375,5.9,4.8
2025-10-04T01:51:10,2.0,28821.90234375,5.8,4.8
2025-10-04T01:51:11,2.0,28821.90234375,5.8,4.8
2025-10-04T01:51:12,4.0,28821.90234375,5.9,4.8
2025-10-04T01:51:13,3.0,28821.90234375,5.8,4.8
2025-10-04T01:51:14,2.0,28821.90234375,5.8,4.8
2025-10-04T01:51:15,4.0,28821.90234375,5.9,4.8
2025-10-04T01:51:16,4.0,28821.90234375,5.8,4.8
2025-10-04T01:51:17,5.0,28821.90234375,5.9,4.8
2025-10-04T01:51:18,3.0,28821.90234375,5.9,4.8
2025-10-04T01:51:19,5.0,28821.90234375,5.8,4.8
2025-10-04T01:51:20,2.0,28821.90234375,5.8,4.8
2025-10-04T01:51:21,5.0,28821.90234375,5.9,4.8
2025-10-04T01:51:22,2.0,28821.90234375,5.8,4.8
2025-10-04T01:51:23,3.0,28821.90234375,5.8,4.8
2025-10-04T01:51:24,3.0,28821.90234375,5.9,4.8
2025-10-04T01:51:25,5.0,28821.90234375,5.9,4.8
2025-10-04T01:51:26,4.0,28821.90234375,5.8,4.8
2025-10-04T01:51:27,4.0,28821.90234375,5.9,4.8
2025-10-04T01:51:28,3.0,28821.90234375,5.9,4.8
2025-10-04T01:51:29,4.0,28821.90234375,5.8,4.8
2025-10-04T01:51:30,4.0,28821.90234375,5.8,4.8
2025-10-04T01:51:31,3.0,28821.90234375,5.9,4.8
2025-10-04T01:51:32,3.0,28821.90234375,5.8,4.8
2025-10-04T01:51:33,3.0,28821.90234375,5.8,4.8
2025-10-04T01:51:34,4.0,28821.90234375,5.9,4.8
2025-10-04T01:51:35,3.0,28821.90234375,5.8,4.8
2025-10-04T01:51:36,3.0,28821.90234375,5.8,4.8
2025-10-04T01:51:37,3.0,28821.90234375,5.8,4.8
2025-10-04T01:51:38,3.0,28821.90234375,5.8,4.8
2025-10-04T01:51:39,6.0,28821.90234375,5.8,4.8
2025-10-04T01:51:40,2.0,28821.90234375,5.8,4.8
2025-10-04T01:51:41,3.0,28821.90234375,5.8,4.8
2025-10-04T01:51:42,2.0,28821.90234375,5.8,4.8
2025-10-04T01:51:43,1.0,28821.90234375,5.8,4.8
2025-10-04T01:51:44,7.0,28821.90234375,5.9,4.8
2025-10-04T01:51:45,4.0,28821.90234375,5.8,4.8
2025-10-04T01:51:46,1.0,28821.90234375,5.8,4.8
2025-10-04T01:51:47,4.0,28821.90234375,5.9,4.8
2025-10-04T01:51:48,2.0,28821.90234375,5.8,4.8
2025-10-04T01:51:49,3.0,28821.90234375,5.8,4.8
2025-10-04T01:51:50,5.0,28821.90234375,5.9,4.8
2025-10-04T01:51:51,3.0,28821.90234375,5.8,4.8
2025-10-04T01:51:52,3.0,28821.90234375,5.8,4.8
2025-10-04T01:51:53,4.0,28821.90234375,5.9,4.8
2025-10-04T01:51:54,2.0,28821.90234375,5.8,4.8
2025-10-04T01:51:55,4.0,28821.90234375,5.8,4.8
2025-10-04T01:51:56,4.0,28821.90234375,5.9,4.8
2025-10-04T01:51:57,2.0,28821.90234375,5.8,4.8
2025-10-04T01:51:58,2.0,28821.90234375,5.8,4.8
2025-10-04T01:51:59,3.0,28821.90234375,5.9,4.8
2025-10-04T01:52:00,3.0,28821.90234375,5.8,4.8
2025-10-04T01:52:01,5.0,28821.90234375,5.8,4.8
2025-10-04T01:52:02,18.2,28821.90234375,6.0,4.8
2025-10-04T01:52:03,5.2,28821.90234375,5.9,4.8
2025-10-04T01:52:04,3.0,28821.90234375,5.8,4.8
2025-10-04T01:52:05,3.0,28821.90234375,5.9,4.8
2025-10-04T01:52:06,3.0,28821.90234375,5.9,4.8
2025-10-04T01:52:07,2.0,28821.90234375,5.7,4.8
2025-10-04T01:52:08,4.0,28821.90234375,5.9,4.8
2025-10-04T01:52:09,2.0,28821.90234375,5.8,4.8
2025-10-04T01:52:10,4.0,28821.90234375,5.8,4.8
2025-10-04T01:52:11,2.0,28821.90234375,5.8,4.8
2025-10-04T01:52:12,4.0,28821.90234375,5.9,4.8
2025-10-04T01:52:13,3.0,28821.90234375,5.8,4.8
2025-10-04T01:52:14,4.0,28821.90234375,5.8,4.8
2025-10-04T01:52:15,4.0,28821.90234375,5.9,4.8
2025-10-04T01:52:16,3.0,28821.90234375,5.8,4.8
2025-10-04T01:52:17,3.0,28821.90234375,5.8,4.8
2025-10-04T01:52:18,2.0,28821.90234375,5.8,4.8
2025-10-04T01:52:19,3.0,28821.90234375,5.8,4.8
2025-10-04T01:52:20,4.0,28821.90234375,5.8,4.8
2025-10-04T01:52:21,3.0,28821.90234375,5.9,4.8
2025-10-04T01:52:22,4.0,28821.90234375,5.8,4.8
2025-10-04T01:52:23,2.0,28821.90234375,5.8,4.8
2025-10-04T01:52:24,4.0,28821.90234375,5.9,4.8
2025-10-04T01:52:25,4.0,28821.90234375,5.9,4.8
2025-10-04T01:52:26,3.0,28821.90234375,5.8,4.8
2025-10-04T01:52:27,4.0,28821.90234375,5.9,4.8
2025-10-04T01:52:28,2.0,28821.90234375,5.8,4.8
2025-10-04T01:52:29,2.0,28821.90234375,5.8,4.8
2025-10-04T01:52:30,1.0,28821.90234375,5.8,4.8
2025-10-04T01:52:31,3.0,28821.90234375,5.8,4.8
2025-10-04T01:52:32,5.0,28821.90234375,5.8,4.8
2025-10-04T01:52:33,3.0,28821.90234375,5.8,4.8
2025-10-04T01:52:34,4.0,28821.90234375,5.9,4.8
2025-10-04T01:52:35,4.0,28821.90234375,5.8,4.8
2025-10-04T01:52:36,5.0,28821.90234375,5.9,4.8
2025-10-04T01:52:37,3.0,28821.90234375,5.8,4.8
2025-10-04T01:52:38,3.0,28821.90234375,5.8,4.8
2025-10-04T01:52:39,3.0,28821.90234375,5.8,4.8
2025-10-04T01:52:40,2.0,28821.90234375,5.8,4.8
2025-10-04T01:52:41,2.0,28821.90234375,5.8,4.8
2025-10-04T01:52:42,4.0,28821.90234375,5.8,4.8
2025-10-04T01:52:43,3.0,28821.90234375,5.8,4.8
2025-10-04T01:52:44,3.0,28821.90234375,5.8,4.8
2025-10-04T01:52:45,3.0,28821.90234375,5.8,4.8
2025-10-04T01:52:46,3.0,28821.90234375,5.9,4.8
2025-10-04T01:52:47,4.0,28821.90234375,5.9,4.8
2025-10-04T01:52:48,4.0,28821.90234375,5.8,4.8
2025-10-04T01:52:49,3.0,28821.90234375,5.8,4.8
2025-10-04T01:52:50,5.0,28821.90234375,5.9,4.8
2025-10-04T01:52:51,1.0,28821.90234375,5.7,4.8
2025-10-04T01:52:52,3.0,28821.90234375,5.8,4.8
2025-10-04T01:52:53,2.0,28821.90234375,5.8,4.8
2025-10-04T01:52:54,3.0,28821.90234375,5.8,4.8
2025-10-04T01:52:55,4.0,28821.90234375,5.8,4.8
2025-10-04T01:52:56,1.0,28821.90234375,5.8,4.8
2025-10-04T01:52:57,4.0,28821.90234375,5.8,4.8
2025-10-04T01:52:58,4.0,28821.90234375,5.8,4.8
2025-10-04T01:52:59,4.0,28821.90234375,5.8,4.8
2025-10-04T01:53:00,2.0,28821.90234375,5.8,4.8
2025-10-04T01:53:01,5.0,28821.90234375,5.8,4.8
2025-10-04T01:53:02,2.0,28821.90234375,5.8,4.8
2025-10-04T01:53:03,3.0,28821.90234375,5.8,4.8
2025-10-04T01:53:04,3.0,28821.90234375,5.8,4.8
2025-10-04T01:53:05,4.0,28821.90234375,5.9,4.8
2025-10-04T01:53:06,5.0,28821.90234375,5.9,4.8
2025-10-04T01:53:07,3.0,28821.90234375,5.8,4.8
2025-10-04T01:53:08,2.0,28821.90234375,5.8,4.8
2025-10-04T01:53:09,2.0,28821.90234375,5.8,4.8
2025-10-04T01:53:10,5.0,28821.90234375,5.8,4.8
2025-10-04T01:53:11,2.0,28821.90234375,5.8,4.8
2025-10-04T01:53:12,5.0,28821.90234375,5.9,4.8
2025-10-04T01:53:13,2.0,28821.90234375,5.8,4.8
2025-10-04T01:53:14,4.0,28821.90234375,5.8,4.8
2025-10-04T01:53:15,2.0,28821.90234375,5.8,4.8
2025-10-04T01:53:16,3.0,28821.90234375,5.9,4.8
2025-10-04T01:53:17,3.0,28821.90234375,5.8,4.8
2025-10-04T01:53:18,4.0,28821.90234375,5.9,4.8
2025-10-04T01:53:19,2.0,28821.90234375,5.8,4.8
2025-10-04T01:53:20,4.0,28821.90234375,5.8,4.8
2025-10-04T01:53:21,3.0,28821.90234375,5.9,4.8
2025-10-04T01:53:22,5.0,28821.90234375,5.9,4.8
2025-10-04T01:53:23,2.0,28821.90234375,5.8,4.8
2025-10-04T01:53:24,4.0,28821.90234375,5.9,4.8
2025-10-04T01:53:25,3.0,28821.90234375,5.8,4.8
2025-10-04T01:53:26,2.0,28821.90234375,5.8,4.8
2025-10-04T01:53:27,5.0,28821.90234375,5.9,4.8
2025-10-04T01:53:28,1.0,28821.90234375,5.9,4.8
2025-10-04T01:53:29,3.0,28821.90234375,5.8,4.8
2025-10-04T01:53:30,3.0,28821.90234375,5.8,4.8
2025-10-04T01:53:31,3.0,28821.90234375,5.8,4.8
2025-10-04T01:53:32,3.0,28821.90234375,5.8,4.8
2025-10-04T01:53:33,3.0,28821.90234375,5.8,4.8
2025-10-04T01:53:34,4.0,28821.90234375,5.9,4.8
2025-10-04T01:53:35,4.0,28821.90234375,5.8,4.8
2025-10-04T01:53:36,3.0,28821.90234375,5.8,4.8
2025-10-04T01:53:37,2.0,28821.90234375,5.8,4.8
2025-10-04T01:53:38,3.0,28821.90234375,5.9,4.8
2025-10-04T01:53:39,4.0,28821.90234375,5.8,4.8
2025-10-04T01:53:40,5.0,28821.90234375,5.9,4.8
2025-10-04T01:53:41,3.0,28821.90234375,5.9,4.8
2025-10-04T01:53:42,2.0,28821.90234375,5.8,4.8
2025-10-04T01:53:43,2.0,28821.90234375,5.8,4.8
2025-10-04T01:53:44,4.0,28821.90234375,5.9,4.8
2025-10-04T01:53:45,3.0,28821.90234375,5.8,4.8
2025-10-04T01:53:46,4.0,28821.90234375,5.9,4.8
2025-10-04T01:53:47,2.0,28821.90234375,5.8,4.8
2025-10-04T01:53:48,5.0,28821.90234375,5.8,4.8
2025-10-04T01:53:49,2.0,28821.90234375,5.8,4.8
2025-10-04T01:53:50,5.0,28821.90234375,5.9,4.8
2025-10-04T01:53:51,2.0,28821.90234375,5.8,4.8
2025-10-04T01:53:52,3.0,28821.90234375,5.8,4.8
2025-10-04T01:53:53,2.0,28821.90234375,5.8,4.8
2025-10-04T01:53:54,4.0,28821.90234375,5.8,4.8
2025-10-04T01:53:55,3.0,28821.90234375,5.8,4.8
2025-10-04T01:53:56,3.0,28821.90234375,5.9,4.8
2025-10-04T01:53:57,4.0,28821.90234375,5.9,4.8
2025-10-04T01:53:58,4.0,28821.90234375,5.8,4.8
2025-10-04T01:53:59,3.0,28821.90234375,5.8,4.8
2025-10-04T01:54:00,3.0,28821.90234375,5.8,4.8
2025-10-04T01:54:01,3.0,28821.90234375,5.8,4.8
2025-10-04T01:54:02,4.0,28821.90234375,5.9,4.8
2025-10-04T01:54:03,4.0,28821.90234375,5.9,4.8
2025-10-04T01:54:04,4.0,28821.90234375,5.8,4.8
2025-10-04T01:54:05,2.0,28821.90234375,5.8,4.8
2025-10-04T01:54:06,2.0,28821.90234375,5.8,4.8
2025-10-04T01:54:07,3.0,28821.90234375,5.8,4.8
2025-10-04T01:54:08,4.0,28821.90234375,5.9,4.8
2025-10-04T01:54:09,2.0,28821.90234375,5.8,4.8
2025-10-04T01:54:10,5.0,28821.90234375,5.9,4.8
2025-10-04T01:54:11,4.0,28821.90234375,5.9,4.8
2025-10-04T01:54:12,4.0,28821.90234375,5.9,4.8
2025-10-04T01:54:13,4.0,28821.90234375,5.8,4.8
2025-10-04T01:54:14,2.0,28821.90234375,5.8,4.8
2025-10-04T01:54:15,4.0,28821.90234375,5.9,4.8
2025-10-04T01:54:16,4.0,28821.90234375,5.8,4.8
2025-10-04T01:54:17,1.0,28821.90234375,5.8,4.8
2025-10-04T01:54:18,3.0,28821.90234375,5.8,4.8
2025-10-04T01:54:19,2.0,28821.90234375,5.8,4.8
2025-10-04T01:54:20,2.0,28821.90234375,5.8,4.8
2025-10-04T01:54:21,2.0,28821.90234375,5.8,4.8
2025-10-04T01:54:22,4.0,28821.90234375,5.9,4.8
2025-10-04T01:54:23,5.0,28821.90234375,5.8,4.8
2025-10-04T01:54:24,2.0,28821.90234375,5.9,4.8
2025-10-04T01:54:25,4.0,28821.90234375,5.9,4.8
2025-10-04T01:54:26,3.0,28821.90234375,5.8,4.8
2025-10-04T01:54:27,2.0,28821.90234375,5.8,4.8
2025-10-04T01:54:28,4.0,28821.90234375,5.9,4.8
2025-10-04T01:54:29,2.0,28821.90234375,5.8,4.8
2025-10-04T01:54:30,4.0,28821.90234375,5.8,4.8
2025-10-04T01:54:31,2.0,28821.90234375,5.8,4.8
2025-10-04T01:54:32,3.0,28821.90234375,5.8,4.8
2025-10-04T01:54:33,2.0,28821.90234375,5.8,4.8
2025-10-04T01:54:34,1.0,28821.90234375,5.8,4.8
2025-10-04T01:54:35,5.0,28821.90234375,5.8,4.8
2025-10-04T01:54:36,5.0,28821.90234375,5.9,4.8
2025-10-04T01:54:37,2.0,28821.90234375,5.8,4.8
2025-10-04T01:54:38,3.0,28821.90234375,5.8,4.8
2025-10-04T01:54:39,1.0,28821.90234375,5.8,4.8
2025-10-04T01:54:40,5.0,28821.90234375,5.8,4.8
2025-10-04T01:54:41,3.0,28821.90234375,5.9,4.8
2025-10-04T01:54:42,3.0,28821.90234375,5.8,4.8
2025-10-04T01:54:43,3.0,28821.90234375,5.9,4.8
2025-10-04T01:54:44,3.0,28821.90234375,5.9,4.8
2025-10-04T01:54:45,1.0,28821.90234375,5.7,4.8
2025-10-04T01:54:46,5.0,28821.90234375,5.9,4.8
2025-10-04T01:54:47,5.0,28821.90234375,5.9,4.8
2025-10-04T01:54:48,4.0,28821.90234375,5.8,4.8
2025-10-04T01:54:49,2.0,28821.90234375,5.8,4.8
2025-10-04T01:54:50,3.0,28821.90234375,5.9,4.8
2025-10-04T01:54:51,5.0,28821.90234375,5.8,4.8
2025-10-04T01:54:52,3.0,28821.90234375,5.8,4.8
2025-10-04T01:54:53,2.0,28821.90234375,5.8,4.8
2025-10-04T01:54:54,2.0,28821.90234375,5.8,4.8
2025-10-04T01:54:55,4.0,28821.90234375,5.8,4.8
2025-10-04T01:54:56,3.0,28821.90234375,5.9,4.8
2025-10-04T01:54:57,4.0,28821.90234375,5.8,4.8
2025-10-04T01:54:58,4.0,28821.90234375,5.8,4.8
2025-10-04T01:54:59,2.0,28821.90234375,5.9,4.8
2025-10-04T01:55:00,4.0,28821.90234375,5.8,4.8
2025-10-04T01:55:01,3.0,28821.90234375,5.8,4.8
2025-10-04T01:55:02,4.0,28821.90234375,5.9,4.8
2025-10-04T01:55:03,3.0,28821.90234375,5.9,4.8
2025-10-04T01:55:04,3.0,28821.90234375,5.7,4.8
2025-10-04T01:55:05,4.0,28821.90234375,5.9,4.8
2025-10-04T01:55:06,1.0,28821.90234375,5.8,4.8
2025-10-04T01:55:07,3.0,28821.90234375,5.8,4.8
2025-10-04T01:55:08,4.0,28821.90234375,5.9,4.8
2025-10-04T01:55:09,3.0,28821.90234375,5.9,4.8
2025-10-04T01:55:10,4.0,28821.90234375,5.8,4.8
2025-10-04T01:55:11,4.0,28821.90234375,6.0,4.8
2025-10-04T01:55:12,4.0,28821.90234375,5.8,4.8
2025-10-04T01:55:13,5.0,28821.90234375,5.8,4.8
2025-10-04T01:55:14,3.0,28821.90234375,5.8,4.8
2025-10-04T01:55:15,4.0,28821.90234375,5.9,4.8
2025-10-04T01:55:16,1.0,28821.90234375,5.8,4.8
2025-10-04T01:55:17,3.0,28821.90234375,5.8,4.8
2025-10-04T01:55:18,3.0,28821.90234375,5.8,4.8
2025-10-04T01:55:19,4.0,28821.90234375,5.9,4.8
2025-10-04T01:55:20,4.0,28821.90234375,5.8,4.8
2025-10-04T01:55:21,3.0,28821.90234375,5.9,4.8
2025-10-04T01:55:22,4.0,28821.90234375,5.9,4.8
2025-10-04T01:55:23,3.0,28821.90234375,5.7,4.8
2025-10-04T01:55:24,4.0,28821.90234375,5.9,4.8
2025-10-04T01:55:25,4.0,28821.90234375,5.9,4.8
2025-10-04T01:55:26,3.0,28821.90234375,5.8,4.8
2025-10-04T01:55:27,5.0,28821.90234375,5.8,4.8
2025-10-04T01:55:28,4.0,28821.90234375,5.9,4.8
2025-10-04T01:55:29,2.0,28821.90234375,5.8,4.8
2025-10-04T01:55:30,3.0,28821.90234375,5.9,4.8
2025-10-04T01:55:31,4.0,28821.90234375,5.9,4.8
2025-10-04T01:55:32,2.0,28821.90234375,5.8,4.8
2025-10-04T01:55:33,5.0,28821.90234375,5.9,4.8
2025-10-04T01:55:34,2.0,28821.90234375,5.8,4.8
2025-10-04T01:55:35,3.0,28821.90234375,5.8,4.8
2025-10-04T01:55:36,4.0,28821.90234375,5.8,4.8
2025-10-04T01:55:37,4.0,28821.90234375,5.9,4.8
2025-10-04T01:55:38,3.0,28821.90234375,5.8,4.8
2025-10-04T01:55:39,3.0,28821.90234375,5.8,4.8
2025-10-04T01:55:40,3.0,28821.90234375,5.9,4.8
2025-10-04T01:55:41,4.0,28821.90234375,5.9,4.8
2025-10-04T01:55:42,1.0,28821.90234375,5.7,4.8
2025-10-04T01:55:43,3.0,28821.90234375,5.8,4.8
2025-10-04T01:55:44,4.0,28821.90234375,5.9,4.8
2025-10-04T01:55:45,3.0,28821.90234375,5.8,4.8
2025-10-04T01:55:46,4.0,28821.90234375,5.9,4.8
2025-10-04T01:55:47,3.0,28821.90234375,5.9,4.8
2025-10-04T01:55:48,4.0,28821.90234375,5.8,4.8
2025-10-04T01:55:49,4.0,28821.90234375,5.9,4.8
2025-10-04T01:55:50,3.0,28821.90234375,5.9,4.8
2025-10-04T01:55:51,2.0,28821.90234375,5.8,4.8
2025-10-04T01:55:52,4.0,28821.90234375,5.8,4.8
2025-10-04T01:55:53,3.0,28821.90234375,5.8,4.8
2025-10-04T01:55:54,3.0,28821.90234375,5.8,4.8
2025-10-04T01:55:55,3.0,28821.90234375,5.8,4.8
2025-10-04T01:55:56,2.0,28821.90234375,5.8,4.8
2025-10-04T01:55:57,3.0,28821.90234375,5.8,4.8
2025-10-04T01:55:58,2.0,28821.90234375,5.8,4.8
2025-10-04T01:55:59,4.0,28821.90234375,5.9,4.8
2025-10-04T01:56:00,5.0,28821.90234375,5.9,4.8
2025-10-04T01:56:01,4.0,28821.90234375,5.8,4.8
2025-10-04T01:56:02,4.0,28821.90234375,5.9,4.8
2025-10-04T01:56:03,3.0,28821.90234375,5.9,4.8
2025-10-04T01:56:04,3.0,28821.90234375,5.8,4.8
2025-10-04T01:56:05,3.0,28821.90234375,5.9,4.8
2025-10-04T01:56:06,2.0,28821.90234375,5.8,4.8
2025-10-04T01:56:07,3.0,28821.90234375,5.8,4.8
2025-10-04T01:56:08,2.0,28821.90234375,5.8,4.8
2025-10-04T01:56:09,3.0,28821.90234375,5.8,4.8
2025-10-04T01:56:10,2.0,28821.90234375,5.8,4.8
2025-10-04T01:56:11,2.0,28821.90234375,5.8,4.8
2025-10-04T01:56:12,3.0,28821.90234375,5.9,4.8
2025-10-04T01:56:13,5.0,28821.90234375,5.8,4.8
2025-10-04T01:56:14,2.0,28821.90234375,5.8,4.8
2025-10-04T01:56:15,4.0,28821.90234375,5.9,4.8
2025-10-04T01:56:16,5.0,28821.90234375,5.8,4.8
2025-10-04T01:56:17,3.0,28821.90234375,5.8,4.8
2025-10-04T01:56:18,2.0,28821.90234375,5.8,4.8
2025-10-04T01:56:19,2.0,28821.90234375,5.8,4.8
2025-10-04T01:56:20,3.0,28821.90234375,5.8,4.8
2025-10-04T01:56:21,5.0,28821.90234375,5.9,4.8
2025-10-04T01:56:22,1.0,28821.90234375,5.8,4.8
2025-10-04T01:56:23,3.0,28821.90234375,5.8,4.8
2025-10-04T01:56:24,2.0,28821.90234375,5.8,4.8
2025-10-04T01:56:25,3.0,28821.90234375,5.9,4.8
2025-10-04T01:56:26,4.0,28821.90234375,5.8,4.8
2025-10-04T01:56:27,4.0,28821.90234375,5.8,4.8
2025-10-04T01:56:28,3.0,28821.90234375,5.9,4.8
2025-10-04T01:56:29,2.0,28821.90234375,5.8,4.8
2025-10-04T01:56:30,4.0,28821.90234375,5.8,4.8
2025-10-04T01:56:31,4.0,28821.90234375,5.9,4.8
2025-10-04T01:56:32,2.0,28821.90234375,5.8,4.8
2025-10-04T01:56:33,4.0,28821.90234375,5.8,4.8
2025-10-04T01:56:34,5.0,28821.90234375,5.9,4.8
2025-10-04T01:56:35,2.0,28821.90234375,5.8,4.8
2025-10-04T01:56:36,3.0,28821.90234375,5.8,4.8
2025-10-04T01:56:37,4.0,28821.90234375,5.8,4.8
2025-10-04T01:56:38,2.0,28821.90234375,5.9,4.8
2025-10-04T01:56:39,5.0,28821.90234375,5.8,4.8
2025-10-04T01:56:40,2.0,28821.90234375,5.8,4.8
2025-10-04T01:56:41,4.0,28821.90234375,5.9,4.8
2025-10-04T01:56:42,4.0,28821.90234375,5.8,4.8
2025-10-04T01:56:43,4.0,28821.90234375,5.9,4.8
2025-10-04T01:56:44,3.0,28821.90234375,5.9,4.8
2025-10-04T01:56:45,2.0,28821.90234375,5.8,4.8
2025-10-04T01:56:46,3.0,28821.90234375,5.9,4.8
2025-10-04T01:56:47,6.0,28821.90234375,5.9,4.8
2025-10-04T01:56:48,4.0,28821.90234375,5.8,4.8
2025-10-04T01:56:49,1.0,28821.90234375,5.8,4.8
2025-10-04T01:56:50,3.0,28821.90234375,5.8,4.8
2025-10-04T01:56:51,3.0,28821.90234375,5.8,4.8
2025-10-04T01:56:52,2.0,28821.90234375,5.8,4.8
2025-10-04T01:56:53,5.0,28821.90234375,5.9,4.8
2025-10-04T01:56:54,2.0,28821.90234375,5.8,4.8
2025-10-04T01:56:55,5.0,28821.90234375,5.8,4.8
2025-10-04T01:56:56,3.0,28821.90234375,5.9,4.8
2025-10-04T01:56:57,3.0,28821.90234375,5.8,4.8
2025-10-04T01:56:58,3.0,28821.90234375,5.8,4.8
2025-10-04T01:56:59,3.0,28821.90234375,5.8,4.8
2025-10-04T01:57:00,3.0,28821.90234375,5.9,4.8
2025-10-04T01:57:01,2.0,28821.90234375,5.8,4.8
2025-10-04T01:57:02,3.0,28821.90234375,5.8,4.8
2025-10-04T01:57:03,3.0,28821.90234375,5.9,4.8
2025-10-04T01:57:04,2.0,28821.90234375,5.8,4.8
2025-10-04T01:57:05,5.0,28821.90234375,5.9,4.8
2025-10-04T01:57:06,2.0,28821.90234375,5.8,4.8
2025-10-04T01:57:07,4.0,28821.90234375,5.8,4.8
2025-10-04T01:57:08,4.0,28821.90234375,5.9,4.8
2025-10-04T01:57:09,3.0,28821.90234375,5.9,4.8
2025-10-04T01:57:10,4.0,28821.90234375,5.8,4.8
2025-10-04T01:57:11,2.0,28821.90234375,5.8,4.8
2025-10-04T01:57:12,4.0,28821.90234375,5.8,4.8
2025-10-04T01:57:13,2.0,28821.90234375,5.8,4.8
2025-10-04T01:57:14,3.0,28821.90234375,5.8,4.8
2025-10-04T01:57:15,3.0,28821.90234375,5.9,4.8
2025-10-04T01:57:16,3.0,28821.90234375,5.8,4.8
2025-10-04T01:57:17,4.0,28821.90234375,5.8,4.8
2025-10-04T01:57:18,4.0,28821.90234375,5.9,4.8
2025-10-04T01:57:19,4.0,28821.90234375,5.8,4.8
2025-10-04T01:57:20,2.0,28821.90234375,5.8,4.8
2025-10-04T01:57:21,4.0,28821.90234375,5.9,4.8
2025-10-04T01:57:22,3.0,28821.90234375,5.8,4.8
2025-10-04T01:57:23,3.0,28821.90234375,5.8,4.8
2025-10-04T01:57:24,4.0,28821.90234375,5.9,4.8
2025-10-04T01:57:25,2.0,28821.90234375,5.8,4.8
2025-10-04T01:57:26,4.0,28821.90234375,5.8,4.8
2025-10-04T01:57:27,3.0,28821.90234375,5.8,4.8
2025-10-04T01:57:28,3.0,28821.90234375,5.9,4.8
2025-10-04T01:57:29,2.0,28821.90234375,5.8,4.8
2025-10-04T01:57:30,3.0,28821.90234375,5.8,4.8
2025-10-04T01:57:31,4.0,28821.90234375,5.8,4.8
2025-10-04T01:57:32,4.0,28821.90234375,5.9,4.8
2025-10-04T01:57:33,3.0,28821.90234375,5.8,4.8
2025-10-04T01:57:34,3.0,28821.90234375,5.9,4.8
2025-10-04T01:57:35,4.0,28821.90234375,5.9,4.8
2025-10-04T01:57:36,4.0,28821.90234375,5.8,4.8
2025-10-04T01:57:37,4.0,28821.90234375,5.8,4.8
2025-10-04T01:57:38,1.0,28821.90234375,5.9,4.8
2025-10-04T01:57:39,3.0,28821.90234375,5.8,4.8
2025-10-04T01:57:40,3.0,28821.90234375,5.9,4.8
2025-10-04T01:57:41,3.0,28821.90234375,5.8,4.8
2025-10-04T01:57:42,5.0,28821.90234375,5.8,4.8
2025-10-04T01:57:43,3.0,28821.90234375,5.8,4.8
2025-10-04T01:57:44,4.0,28821.90234375,5.9,4.8
2025-10-04T01:57:45,3.0,28821.90234375,5.8,4.8
2025-10-04T01:57:46,4.0,28821.90234375,5.9,4.8
2025-10-04T01:57:47,3.0,28821.90234375,5.9,4.8
2025-10-04T01:57:48,3.0,28821.90234375,5.8,4.8
2025-10-04T01:57:49,4.0,28821.90234375,5.8,4.8
2025-10-04T01:57:50,4.0,28821.90234375,5.9,4.8
2025-10-04T01:57:51,2.0,28821.90234375,5.8,4.8
2025-10-04T01:57:52,6.0,28821.90234375,5.8,4.8
2025-10-04T01:57:53,2.0,28821.90234375,5.8,4.8
2025-10-04T01:57:54,3.0,28821.90234375,5.9,4.8
2025-10-04T01:57:55,3.0,28821.90234375,5.8,4.8
2025-10-04T01:57:56,4.0,28821.90234375,5.9,4.8
2025-10-04T01:57:57,3.0,28821.90234375,5.9,4.8
2025-10-04T01:57:58,4.0,28821.90234375,5.8,4.8
2025-10-04T01:57:59,4.0,28821.90234375,5.9,4.8
2025-10-04T01:58:00,6.0,28821.90234375,5.9,4.8
2025-10-04T01:58:01,2.0,28821.90234375,5.8,4.8
2025-10-04T01:58:02,4.0,28821.90234375,5.9,4.8
2025-10-04T01:58:03,3.0,28821.90234375,5.9,4.8
2025-10-04T01:58:04,3.0,28821.90234375,5.8,4.8
2025-10-04T01:58:05,3.0,28821.90234375,5.8,4.8
2025-10-04T01:58:06,3.0,28821.90234375,5.8,4.8
2025-10-04T01:58:07,3.0,28821.90234375,5.8,4.8
2025-10-04T01:58:08,3.0,28821.90234375,5.9,4.8
2025-10-04T01:58:09,5.0,28821.90234375,5.9,4.8
2025-10-04T01:58:10,4.0,28821.90234375,5.8,4.8
2025-10-04T01:58:11,3.0,28821.90234375,5.8,4.8
2025-10-04T01:58:12,3.0,28821.90234375,5.9,4.8
2025-10-04T01:58:13,3.0,28821.90234375,5.8,4.8
2025-10-04T01:58:14,4.0,28821.90234375,5.8,4.8
2025-10-04T01:58:15,3.0,28821.90234375,5.8,4.8
2025-10-04T01:58:16,3.0,28821.90234375,5.9,4.8
2025-10-04T01:58:17,3.0,28821.90234375,5.8,4.8
2025-10-04T01:58:18,1.0,28821.90234375,5.8,4.8
2025-10-04T01:58:19,19.0,28821.90234375,6.0,4.8
2025-10-04T01:58:20,5.0,28821.90234375,5.8,4.8
2025-10-04T01:58:21,2.0,28821.90234375,5.8,4.8
2025-10-04T01:58:22,5.0,28821.90234375,5.9,4.8
2025-10-04T01:58:23,4.0,28821.90234375,5.8,4.8
2025-10-04T01:58:24,3.0,28821.90234375,5.8,4.8
2025-10-04T01:58:25,2.0,28821.90234375,5.9,4.8
2025-10-04T01:58:26,2.0,28821.90234375,5.8,4.8
2025-10-04T01:58:27,3.0,28821.90234375,5.8,4.8
2025-10-04T01:58:28,3.0,28821.90234375,5.9,4.8
2025-10-04T01:58:29,3.0,28821.90234375,5.8,4.8
2025-10-04T01:58:30,4.0,28821.90234375,5.8,4.8
2025-10-04T01:58:31,3.0,28821.90234375,5.8,4.8
2025-10-04T01:58:32,2.0,28821.90234375,5.8,4.8
2025-10-04T01:58:33,4.0,28821.90234375,5.8,4.8
2025-10-04T01:58:34,5.0,28821.90234375,5.9,4.8
2025-10-04T01:58:35,4.0,28821.90234375,5.9,4.8
2025-10-04T01:58:36,3.0,28821.90234375,5.8,4.8
2025-10-04T01:58:37,4.0,28821.90234375,5.9,4.8
2025-10-04T01:58:38,4.0,28821.90234375,5.9,4.8
2025-10-04T01:58:39,3.0,28821.90234375,5.8,4.8
2025-10-04T01:58:40,3.0,28821.90234375,5.8,4.8
2025-10-04T01:58:41,3.0,28821.90234375,5.9,4.8
2025-10-04T01:58:42,3.0,28821.90234375,5.8,4.8
2025-10-04T01:58:43,3.0,28821.90234375,5.8,4.8
2025-10-04T01:58:44,3.0,28821.90234375,5.9,4.8
2025-10-04T01:58:45,4.0,28821.90234375,5.8,4.8
2025-10-04T01:58:46,3.0,28821.90234375,5.8,4.8
2025-10-04T01:58:47,5.0,28821.90234375,5.9,4.8
2025-10-04T01:58:48,5.0,28821.90234375,5.8,4.8
2025-10-04T01:58:49,4.0,28821.90234375,5.8,4.8
2025-10-04T01:58:50,3.0,28821.90234375,5.9,4.8
2025-10-04T01:58:51,3.0,28821.90234375,5.8,4.8
2025-10-04T01:58:52,3.0,28821.90234375,5.8,4.8
2025-10-04T01:58:53,4.0,28821.90234375,5.9,4.8
2025-10-04T01:58:54,4.0,28821.90234375,5.8,4.8
2025-10-04T01:58:55,3.0,28821.90234375,5.8,4.8
2025-10-04T01:58:56,2.0,28821.90234375,5.8,4.8
2025-10-04T01:58:57,4.0,28821.90234375,5.9,4.8
2025-10-04T01:58:58,3.0,28821.90234375,5.8,4.8
2025-10-04T01:58:59,3.0,28821.90234375,5.9,4.8
2025-10-04T01:59:00,4.0,28821.90234375,5.9,4.8
2025-10-04T01:59:01,3.0,28821.90234375,5.8,4.8
2025-10-04T01:59:02,4.0,28821.90234375,5.8,4.8
2025-10-04T01:59:03,4.0,28821.90234375,5.9,4.8
2025-10-04T01:59:04,3.0,28821.90234375,5.8,4.8
2025-10-04T01:59:05,4.0,28821.90234375,5.8,4.8
2025-10-04T01:59:06,2.0,28821.90234375,5.8,4.8
2025-10-04T01:59:07,4.0,28821.90234375,5.8,4.8
2025-10-04T01:59:08,2.0,28821.90234375,5.8,4.8
2025-10-04T01:59:09,5.0,28821.90234375,5.9,4.8
2025-10-04T01:59:10,2.0,28821.90234375,5.8,4.8
2025-10-04T01:59:11,5.0,28821.90234375,5.8,4.8
2025-10-04T01:59:12,3.0,28821.90234375,5.9,4.8
2025-10-04T01:59:13,3.0,28821.90234375,5.8,4.8
2025-10-04T01:59:14,3.0,28821.90234375,5.8,4.8
2025-10-04T01:59:15,3.0,28821.90234375,5.8,4.8
2025-10-04T01:59:16,4.0,28821.90234375,5.9,4.8
2025-10-04T01:59:17,4.0,28821.90234375,5.8,4.8
2025-10-04T01:59:18,5.0,28821.90234375,5.9,4.8
2025-10-04T01:59:19,5.0,28821.90234375,5.9,4.8
2025-10-04T01:59:20,5.0,28821.90234375,5.8,4.8
2025-10-04T01:59:21,2.0,28821.90234375,5.8,4.8
2025-10-04T01:59:22,3.0,28821.90234375,5.9,4.8
2025-10-04T01:59:23,3.0,28821.90234375,5.8,4.8
2025-10-04T01:59:24,2.0,28821.90234375,5.8,4.8
2025-10-04T01:59:25,3.0,28821.90234375,5.8,4.8
2025-10-04T01:59:26,3.0,28821.90234375,5.8,4.8
2025-10-04T01:59:27,5.0,28821.90234375,5.8,4.8
2025-10-04T01:59:28,5.0,28821.90234375,5.9,4.8
2025-10-04T01:59:29,4.0,28821.90234375,5.9,4.8
2025-10-04T01:59:30,3.0,28821.90234375,5.8,4.8
2025-10-04T01:59:31,3.0,28821.90234375,5.8,4.8
2025-10-04T01:59:32,3.0,28821.90234375,5.9,4.8
2025-10-04T01:59:33,3.0,28821.90234375,5.7,4.8
2025-10-04T01:59:34,4.0,28821.90234375,5.9,4.8
2025-10-04T01:59:35,3.0,28821.90234375,5.9,4.8
2025-10-04T01:59:36,3.0,28821.90234375,5.8,4.8
2025-10-04T01:59:37,2.0,28821.90234375,5.8,4.8
2025-10-04T01:59:38,3.0,28821.90234375,5.9,4.8
2025-10-04T01:59:39,5.0,28821.90234375,5.8,4.8
2025-10-04T01:59:40,3.0,28821.90234375,5.8,4.8
2025-10-04T01:59:41,4.0,28821.90234375,5.9,4.8
2025-10-04T01:59:42,4.0,28821.90234375,5.8,4.8
2025-10-04T01:59:43,2.0,28821.90234375,5.8,4.8
2025-10-04T01:59:44,2.0,28821.90234375,5.9,4.8
2025-10-04T01:59:45,4.0,28821.90234375,5.8,4.8
2025-10-04T01:59:46,3.0,28821.90234375,5.8,4.8
2025-10-04T01:59:47,3.0,28821.90234375,5.9,4.8
2025-10-04T01:59:48,5.0,28821.90234375,5.9,4.8
2025-10-04T01:59:49,1.0,28821.90234375,5.8,4.8
2025-10-04T01:59:50,4.0,28821.90234375,5.9,4.8
2025-10-04T01:59:51,6.0,28821.90234375,5.9,4.8
2025-10-04T01:59:52,4.0,28821.90234375,5.8,4.8
2025-10-04T01:59:53,2.0,28821.90234375,5.8,4.8
2025-10-04T01:59:54,3.0,28821.90234375,5.9,4.8
2025-10-04T01:59:55,2.0,28821.90234375,5.7,4.8
2025-10-04T01:59:56,2.0,28821.90234375,5.8,4.8
2025-10-04T01:59:57,2.0,28821.90234375,5.8,4.8
2025-10-04T01:59:58,3.0,28821.90234375,5.8,4.8
2025-10-04T01:59:59,4.0,28821.90234375,5.9,4.8
2025-10-04T02:00:00,5.0,28821.90234375,5.9,4.8
2025-10-04T02:00:01,3.0,28821.90234375,5.8,4.8
2025-10-04T02:00:02,4.0,28821.90234375,5.8,4.8
2025-10-04T02:00:03,3.0,28821.90234375,5.8,4.8
2025-10-04T02:00:04,4.0,28821.90234375,5.9,4.8
2025-10-04T02:00:05,2.0,28821.90234375,5.8,4.8
2025-10-04T02:00:06,3.0,28821.90234375,5.9,4.8
2025-10-04T02:00:07,3.0,28821.90234375,5.8,4.8
2025-10-04T02:00:08,3.0,28821.90234375,5.8,4.8
2025-10-04T02:00:09,2.0,28821.90234375,5.8,4.8
2025-10-04T02:00:10,5.0,28821.90234375,5.9,4.8
2025-10-04T02:00:11,4.0,28821.90234375,5.8,4.8
2025-10-04T02:00:12,2.0,28821.90234375,5.8,4.8
2025-10-04T02:00:13,5.0,28821.90234375,5.9,4.8
2025-10-04T02:00:14,2.0,28821.90234375,5.8,4.8
2025-10-04T02:00:15,4.0,28821.90234375,5.8,4.8
2025-10-04T02:00:16,3.0,28821.90234375,5.9,4.8
2025-10-04T02:00:17,3.0,28821.90234375,5.8,4.8
2025-10-04T02:00:18,3.0,28821.90234375,5.8,4.8
2025-10-04T02:00:19,1.0,28821.90234375,5.8,4.8
2025-10-04T02:00:20,4.0,28821.90234375,5.8,4.8
2025-10-04T02:00:21,4.0,28821.90234375,5.8,4.8
2025-10-04T02:00:22,3.0,28821.90234375,5.8,4.8
2025-10-04T02:00:23,2.0,28821.90234375,5.8,4.8
2025-10-04T02:00:24,3.0,28821.90234375,5.8,4.8
2025-10-04T02:00:25,3.0,28821.90234375,5.8,4.8
2025-10-04T02:00:26,4.0,28821.90234375,5.9,4.8
2025-10-04T02:00:27,5.0,28821.90234375,5.8,4.8
2025-10-04T02:00:28,3.0,28821.90234375,5.9,4.8
2025-10-04T02:00:29,2.0,28821.90234375,5.8,4.8
2025-10-04T02:00:30,3.0,28821.90234375,5.8,4.8
2025-10-04T02:00:31,3.0,28821.90234375,5.9,4.8
2025-10-04T02:00:32,4.0,28821.90234375,5.9,4.8
2025-10-04T02:00:33,4.0,28821.90234375,5.8,4.8
2025-10-04T02:00:34,3.0,28821.90234375,5.8,4.8
2025-10-04T02:00:35,2.0,28821.90234375,5.8,4.8
2025-10-04T02:00:36,2.0,28821.90234375,5.8,4.8
2025-10-04T02:00:37,3.0,28821.90234375,5.8,4.8
2025-10-04T02:00:38,2.0,28821.90234375,5.9,4.8
2025-10-04T02:00:39,4.0,28821.90234375,6.0,4.8
2025-10-04T02:00:40,5.0,28821.90234375,5.9,4.8
2025-10-04T02:00:41,3.0,28821.90234375,5.9,4.8
2025-10-04T02:00:42,3.0,28821.90234375,5.8,4.8
2025-10-04T02:00:43,3.0,28821.90234375,5.8,4.8
2025-10-04T02:00:44,3.0,28821.90234375,5.9,4.8
2025-10-04T02:00:45,3.0,28821.90234375,5.8,4.8
2025-10-04T02:00:46,5.0,28821.90234375,5.8,4.8
2025-10-04T02:00:47,3.0,28821.90234375,5.8,4.8
2025-10-04T02:00:48,3.0,28821.90234375,5.9,4.8
2025-10-04T02:00:49,3.0,28821.90234375,5.8,4.8
2025-10-04T02:00:50,4.0,28821.90234375,5.9,4.8
2025-10-04T02:00:51,3.0,28821.90234375,5.9,4.8
2025-10-04T02:00:52,2.0,28821.90234375,5.8,4.8
2025-10-04T02:00:53,6.0,28821.90234375,5.9,4.8
2025-10-04T02:00:54,2.0,28821.90234375,5.8,4.8
2025-10-04T02:00:55,4.0,28821.90234375,5.8,4.8
2025-10-04T02:00:56,3.0,28821.90234375,5.8,4.8
2025-10-04T02:00:57,3.0,28821.90234375,5.9,4.8
2025-10-04T02:00:58,3.0,28821.90234375,5.9,4.8
2025-10-04T02:00:59,3.0,28821.90234375,5.8,4.8
2025-10-04T02:01:00,4.0,28821.90234375,5.9,4.8
2025-10-04T02:01:01,4.0,28821.90234375,5.9,4.8
2025-10-04T02:01:02,5.0,28821.90234375,5.8,4.8
2025-10-04T02:01:03,2.0,28821.90234375,5.8,4.8
2025-10-04T02:01:04,3.0,28821.90234375,5.8,4.8
2025-10-04T02:01:05,2.0,28821.90234375,5.8,4.8
2025-10-04T02:01:06,4.0,28821.90234375,5.9,4.8
2025-10-04T02:01:07,4.0,28821.90234375,5.8,4.8
2025-10-04T02:01:08,3.0,28821.90234375,5.8,4.8
2025-10-04T02:01:09,3.0,28821.90234375,5.8,4.8
2025-10-04T02:01:10,2.0,28821.90234375,5.8,4.8
2025-10-04T02:01:11,4.0,28821.90234375,5.8,4.8
2025-10-04T02:01:12,3.0,28821.90234375,5.9,4.8
2025-10-04T02:01:13,2.0,28821.90234375,5.8,4.8
2025-10-04T02:01:14,4.0,28821.90234375,5.8,4.8
2025-10-04T02:01:15,2.0,28821.90234375,5.8,4.8
2025-10-04T02:01:16,4.0,28821.90234375,5.9,4.8
2025-10-04T02:01:17,5.0,28821.90234375,5.9,4.8
2025-10-04T02:01:18,3.0,28821.90234375,5.9,4.8
2025-10-04T02:01:19,3.0,28821.90234375,5.8,4.8
2025-10-04T02:01:20,4.0,28821.90234375,5.8,4.8
2025-10-04T02:01:21,3.0,28821.90234375,5.8,4.8
2025-10-04T02:01:22,3.0,28821.90234375,5.9,4.8
2025-10-04T02:01:23,2.0,28821.90234375,5.8,4.8
2025-10-04T02:01:24,2.0,28821.90234375,5.8,4.8
2025-10-04T02:01:25,3.0,28821.90234375,5.9,4.8
2025-10-04T02:01:26,4.0,28821.90234375,5.9,4.8
2025-10-04T02:01:27,5.0,28821.90234375,5.8,4.8
2025-10-04T02:01:28,5.0,28821.90234375,5.9,4.8
2025-10-04T02:01:29,2.0,28821.90234375,5.8,4.8
2025-10-04T02:01:30,3.0,28821.90234375,5.8,4.8
2025-10-04T02:01:31,3.0,28821.90234375,5.8,4.8
2025-10-04T02:01:32,4.0,28821.90234375,5.9,4.8
2025-10-04T02:01:33,2.0,28821.90234375,5.8,4.8
2025-10-04T02:01:34,2.0,28821.90234375,5.8,4.8
2025-10-04T02:01:35,3.0,28821.90234375,5.9,4.8
2025-10-04T02:01:36,3.0,28821.90234375,5.8,4.8
2025-10-04T02:01:37,2.0,28821.90234375,5.8,4.8
2025-10-04T02:01:38,4.0,28821.90234375,5.9,4.8
2025-10-04T02:01:39,4.0,28821.90234375,5.8,4.8
2025-10-04T02:01:40,3.0,28821.90234375,5.8,4.8
2025-10-04T02:01:41,5.0,28821.90234375,5.9,4.8
2025-10-04T02:01:42,4.0,28821.90234375,5.8,4.8
2025-10-04T02:01:43,3.0,28821.90234375,5.8,4.8
2025-10-04T02:01:44,3.0,28821.90234375,5.9,4.8
2025-10-04T02:01:45,3.0,28821.90234375,5.8,4.8
2025-10-04T02:01:46,2.0,28821.90234375,5.8,4.8
2025-10-04T02:01:47,2.0,28821.90234375,5.8,4.8
2025-10-04T02:01:48,4.0,28821.90234375,5.9,4.8
2025-10-04T02:01:49,3.0,28821.90234375,5.8,4.8
2025-10-04T02:01:50,3.0,28821.90234375,5.9,4.8
2025-10-04T02:01:51,5.0,28821.90234375,5.9,4.8
2025-10-04T02:01:52,3.0,28821.90234375,5.8,4.8
2025-10-04T02:01:53,5.0,28821.90234375,5.9,4.8
2025-10-04T02:01:54,2.0,28821.90234375,5.8,4.8
2025-10-04T02:01:55,3.0,28821.90234375,5.8,4.8
2025-10-04T02:01:56,3.0,28821.90234375,5.8,4.8
2025-10-04T02:01:57,2.0,28821.90234375,5.8,4.8
2025-10-04T02:01:58,4.0,28821.90234375,5.8,4.8
2025-10-04T02:01:59,1.0,28821.90234375,5.8,4.8
2025-10-04T02:02:00,3.0,28821.90234375,5.9,4.8
2025-10-04T02:02:01,4.0,28821.90234375,5.8,4.8
2025-10-04T02:02:02,3.0,28821.90234375,5.8,4.8
2025-10-04T02:02:03,6.0,28821.90234375,5.9,4.8
2025-10-04T02:02:04,0.0,28821.90234375,5.8,4.8
2025-10-04T02:02:05,4.0,28821.90234375,5.9,4.8
2025-10-04T02:02:06,7.0,28821.90234375,5.9,4.8
2025-10-04T02:02:07,4.0,28821.90234375,5.8,4.8
2025-10-04T02:02:08,2.0,28821.90234375,5.8,4.8
2025-10-04T02:02:09,2.0,28821.90234375,5.8,4.8
2025-10-04T02:02:10,3.0,28821.90234375,5.8,4.8
2025-10-04T02:02:11,3.0,28821.90234375,5.8,4.8
2025-10-04T02:02:12,3.0,28821.90234375,5.8,4.8
2025-10-04T02:02:13,6.0,28821.90234375,5.9,4.8
2025-10-04T02:02:14,2.0,28821.90234375,5.8,4.8
2025-10-04T02:02:15,4.0,28821.90234375,5.9,4.8
2025-10-04T02:02:16,4.0,28821.90234375,5.9,4.8
2025-10-04T02:02:17,2.0,28821.90234375,5.8,4.8
2025-10-04T02:02:18,3.0,28821.90234375,5.9,4.8
2025-10-04T02:02:19,4.0,28821.90234375,5.9,4.8
2025-10-04T02:02:20,4.0,28821.90234375,5.8,4.8
2025-10-04T02:02:21,3.0,28821.90234375,5.9,4.8
2025-10-04T02:02:22,2.0,28821.90234375,5.9,4.8
2025-10-04T02:02:23,2.0,28821.90234375,5.8,4.8
2025-10-04T02:02:24,4.0,28821.90234375,5.9,4.8
2025-10-04T02:02:25,2.0,28821.90234375,5.8,4.8
2025-10-04T02:02:26,2.0,28821.90234375,5.8,4.8
2025-10-04T02:02:27,3.0,28821.90234375,5.8,4.8
2025-10-04T02:02:28,4.0,28821.90234375,5.9,4.8
2025-10-04T02:02:29,6.0,28821.90234375,5.9,4.8
2025-10-04T02:02:30,3.0,28821.90234375,5.8,4.8
2025-10-04T02:02:31,4.0,28821.90234375,5.9,4.8
2025-10-04T02:02:32,4.0,28821.90234375,5.8,4.8
2025-10-04T02:02:33,6.0,28821.90234375,5.8,4.8
2025-10-04T02:02:34,4.0,28821.90234375,5.8,4.8
2025-10-04T02:02:35,5.0,28821.90234375,5.9,4.8
2025-10-04T02:02:36,5.0,28821.90234375,5.8,4.8
2025-10-04T02:02:37,7.0,28821.90234375,5.9,4.8
2025-10-04T02:02:38,6.0,28821.90234375,5.9,4.8
2025-10-04T02:02:39,5.0,28821.90234375,5.8,4.8
2025-10-04T02:02:40,4.0,28821.90234375,5.8,4.8
2025-10-04T02:02:41,4.0,28821.90234375,5.9,4.8
2025-10-04T02:02:42,4.0,28821.90234375,5.9,4.8
2025-10-04T02:02:43,5.0,28821.90234375,5.8,4.8
2025-10-04T02:02:44,2.0,28821.90234375,5.8,4.8
2025-10-04T02:02:45,3.0,28821.90234375,5.9,4.8
2025-10-04T02:02:46,5.0,28821.90234375,5.8,4.8
2025-10-04T02:02:47,3.0,28821.90234375,5.9,4.8
2025-10-04T02:02:48,4.0,28821.90234375,5.9,4.8
2025-10-04T02:02:49,2.0,28821.90234375,5.8,4.8
2025-10-04T02:02:50,2.0,28821.90234375,5.8,4.8
2025-10-04T02:02:51,2.0,28821.90234375,5.8,4.8
2025-10-04T02:02:52,4.0,28821.90234375,5.8,4.8
2025-10-04T02:02:53,4.0,28821.90234375,5.9,4.8
2025-10-04T02:02:54,4.0,28821.90234375,5.9,4.8
2025-10-04T02:02:55,3.0,28821.90234375,5.8,4.8
2025-10-04T02:02:56,4.0,28821.90234375,5.9,4.8
2025-10-04T02:02:57,3.0,28821.90234375,5.8,4.8
2025-10-04T02:02:58,4.0,28821.90234375,5.9,4.8
2025-10-04T02:02:59,4.0,28821.90234375,5.8,4.8
2025-10-04T02:03:00,4.0,28821.90234375,5.9,4.8
2025-10-04T02:03:01,3.0,28821.90234375,5.8,4.8
2025-10-04T02:03:02,3.0,28821.90234375,5.8,4.8
2025-10-04T02:03:03,2.0,28821.90234375,5.8,4.8
2025-10-04T02:03:04,4.0,28821.90234375,5.8,4.8
2025-10-04T02:03:05,4.0,28821.90234375,5.8,4.8
2025-10-04T02:03:06,1.0,28821.90234375,5.8,4.8
2025-10-04T02:03:07,7.0,28821.90234375,5.9,4.8
2025-10-04T02:03:08,4.0,28821.90234375,5.8,4.8
2025-10-04T02:03:09,3.0,28821.90234375,5.8,4.8
2025-10-04T02:03:10,4.0,28821.90234375,5.9,4.8
2025-10-04T02:03:11,4.0,28821.90234375,5.8,4.8
2025-10-04T02:03:12,4.0,28821.90234375,5.8,4.8
2025-10-04T02:03:13,1.0,28821.90234375,5.8,4.8
2025-10-04T02:03:14,3.0,28821.90234375,5.8,4.8
2025-10-04T02:03:15,2.0,28821.90234375,5.8,4.8
2025-10-04T02:03:16,5.0,28821.90234375,5.9,4.8
2025-10-04T02:03:17,4.0,28821.90234375,5.9,4.8
2025-10-04T02:03:18,4.0,28821.90234375,5.9,4.8
2025-10-04T02:03:19,2.0,28821.90234375,5.8,4.8
2025-10-04T02:03:20,3.0,28821.90234375,5.8,4.8
2025-10-04T02:03:21,4.0,28821.90234375,5.8,4.8
2025-10-04T02:03:22,5.0,28821.90234375,5.9,4.8
2025-10-04T02:03:23,2.0,28821.90234375,5.8,4.8
2025-10-04T02:03:24,3.0,28821.90234375,5.8,4.8
2025-10-04T02:03:25,3.0,28821.90234375,5.8,4.8
2025-10-04T02:03:26,3.0,28821.90234375,5.9,4.8
2025-10-04T02:03:27,1.0,28821.90234375,5.7,4.8
2025-10-04T02:03:28,4.0,28821.90234375,5.9,4.8
2025-10-04T02:03:29,5.0,28821.90234375,5.9,4.8
2025-10-04T02:03:30,2.0,28821.90234375,5.8,4.8
2025-10-04T02:03:31,4.0,28821.90234375,5.8,4.8
2025-10-04T02:03:32,3.0,28821.90234375,5.9,4.8
2025-10-04T02:03:33,4.0,28821.90234375,5.8,4.8
2025-10-04T02:03:34,3.0,28821.90234375,5.8,4.8
2025-10-04T02:03:35,4.0,28821.90234375,5.9,4.8
2025-10-04T02:03:36,3.0,28821.90234375,5.8,4.8
2025-10-04T02:03:37,2.0,28821.90234375,5.8,4.8
2025-10-04T02:03:38,3.0,28821.90234375,5.9,4.8
2025-10-04T02:03:39,2.0,28821.90234375,5.8,4.8
2025-10-04T02:03:40,7.0,28821.90234375,5.9,4.8
2025-10-04T02:03:41,4.0,28821.90234375,5.9,4.8
2025-10-04T02:03:42,3.0,28821.90234375,5.8,4.8
2025-10-04T02:03:43,2.0,28821.90234375,5.8,4.8
2025-10-04T02:03:44,4.0,28821.90234375,5.9,4.8
2025-10-04T02:03:45,4.0,28821.90234375,5.8,4.8
2025-10-04T02:03:46,4.0,28821.90234375,5.8,4.8
2025-10-04T02:03:47,3.0,28821.90234375,5.9,4.8
2025-10-04T02:03:48,3.0,28821.90234375,5.9,4.8
2025-10-04T02:03:49,4.0,28821.90234375,5.8,4.8
2025-10-04T02:03:50,4.0,28821.90234375,5.9,4.8
2025-10-04T02:03:51,3.0,28821.90234375,5.9,4.8
2025-10-04T02:03:52,3.0,28821.90234375,5.8,4.8
2025-10-04T02:03:53,5.0,28821.90234375,5.9,4.8
2025-10-04T02:03:54,4.0,28821.90234375,5.9,4.8
2025-10-04T02:03:55,5.0,28821.90234375,5.8,4.8
2025-10-04T02:03:56,2.0,28821.90234375,5.8,4.8
2025-10-04T02:03:57,3.0,28821.90234375,5.8,4.8
2025-10-04T02:03:58,3.0,28821.90234375,5.8,4.8
2025-10-04T02:03:59,2.0,28821.90234375,5.8,4.8
2025-10-04T02:04:00,4.0,28821.90234375,5.9,4.8
2025-10-04T02:04:01,3.0,28821.90234375,5.8,4.8
2025-10-04T02:04:02,2.0,28821.90234375,5.8,4.8
2025-10-04T02:04:03,7.0,28821.90234375,5.9,4.8
2025-10-04T02:04:04,4.0,28821.90234375,5.9,4.8
2025-10-04T02:04:05,5.0,28821.90234375,5.8,4.8
2025-10-04T02:04:06,4.0,28821.90234375,5.9,4.8
2025-10-04T02:04:07,3.0,28821.90234375,5.8,4.8
2025-10-04T02:04:08,4.0,28821.90234375,5.8,4.8
2025-10-04T02:04:09,1.0,28821.90234375,5.8,4.8
2025-10-04T02:04:10,3.0,28821.90234375,5.9,4.8
2025-10-04T02:04:11,3.0,28821.90234375,5.8,4.8
2025-10-04T02:04:12,4.0,28821.90234375,5.9,4.8
2025-10-04T02:04:13,2.0,28821.90234375,5.8,4.8
2025-10-04T02:04:14,4.0,28821.90234375,5.8,4.8
2025-10-04T02:04:15,3.0,28821.90234375,5.9,4.8
2025-10-04T02:04:16,4.0,28821.90234375,5.9,4.8
2025-10-04T02:04:17,4.0,28821.90234375,5.8,4.8
2025-10-04T02:04:18,3.0,28821.90234375,5.8,4.8
2025-10-04T02:04:19,4.0,28821.90234375,5.9,4.8
2025-10-04T02:04:20,3.0,28821.90234375,5.8,4.8
2025-10-04T02:04:21,3.0,28821.90234375,5.8,4.8
2025-10-04T02:04:22,4.0,28821.90234375,5.9,4.8
2025-10-04T02:04:23,3.0,28821.90234375,5.8,4.8
2025-10-04T02:04:24,4.0,28821.90234375,5.8,4.8
2025-10-04T02:04:25,21.0,28821.90234375,6.0,4.8
2025-10-04T02:04:26,3.0,28821.90234375,5.9,4.8
2025-10-04T02:04:27,3.0,28821.90234375,5.8,4.8
2025-10-04T02:04:28,1.0,28821.90234375,5.8,4.8
2025-10-04T02:04:29,4.0,28821.90234375,5.9,4.8
2025-10-04T02:04:30,3.0,28821.90234375,5.8,4.8
2025-10-04T02:04:31,3.0,28821.90234375,5.8,4.8
2025-10-04T02:04:32,2.0,28821.90234375,5.8,4.8
2025-10-04T02:04:33,4.0,28821.90234375,5.8,4.8
2025-10-04T02:04:34,3.0,28821.90234375,5.8,4.8
2025-10-04T02:04:35,4.0,28821.90234375,5.9,4.8
2025-10-04T02:04:36,4.0,28821.90234375,5.8,4.8
2025-10-04T02:04:37,2.0,28821.90234375,5.8,4.8
2025-10-04T02:04:38,2.0,28821.90234375,5.9,4.8
2025-10-04T02:04:39,4.0,28821.90234375,5.8,4.8
2025-10-04T02:04:40,3.0,28821.90234375,5.8,4.8
2025-10-04T02:04:41,3.0,28821.90234375,5.9,4.8
2025-10-04T02:04:42,3.0,28821.90234375,5.9,4.8
2025-10-04T02:04:43,3.0,28821.90234375,5.8,4.8
2025-10-04T02:04:44,5.0,28821.90234375,5.9,4.8
2025-10-04T02:04:45,4.0,28821.90234375,5.9,4.8
2025-10-04T02:04:46,3.0,28821.90234375,5.8,4.8
2025-10-04T02:04:47,3.0,28821.90234375,5.9,4.8
2025-10-04T02:04:48,4.0,28821.90234375,5.9,4.8
2025-10-04T02:04:49,3.0,28821.90234375,5.8,4.8
2025-10-04T02:04:50,2.0,28821.90234375,5.8,4.8
2025-10-04T02:04:51,2.0,28821.90234375,5.8,4.8
2025-10-04T02:04:52,5.0,28821.90234375,5.9,4.8
2025-10-04T02:04:53,3.0,28821.90234375,5.8,4.8
2025-10-04T02:04:54,1.0,28821.90234375,5.8,4.8
2025-10-04T02:04:55,4.0,28821.90234375,5.8,4.8
2025-10-04T02:04:56,5.0,28821.90234375,5.8,4.8
2025-10-04T02:04:57,4.0,28821.90234375,5.9,4.8
2025-10-04T02:04:58,2.0,28821.90234375,5.8,4.8
2025-10-04T02:04:59,3.0,28821.90234375,5.8,4.8
2025-10-04T02:05:00,4.0,28821.90234375,5.9,4.8
2025-10-04T02:05:01,2.0,28821.90234375,5.8,4.8
2025-10-04T02:05:02,4.0,28821.90234375,5.8,4.8
2025-10-04T02:05:03,4.0,28821.90234375,5.9,4.8
2025-10-04T02:05:04,3.0,28821.90234375,5.9,4.8
2025-10-04T02:05:05,3.0,28821.90234375,5.8,4.8
2025-10-04T02:05:06,4.0,28821.90234375,5.9,4.8
2025-10-04T02:05:07,6.0,28821.90234375,5.9,4.8
2025-10-04T02:05:08,2.0,28821.90234375,5.8,4.8
2025-10-04T02:05:09,3.0,28821.90234375,5.8,4.8
2025-10-04T02:05:10,3.0,28821.90234375,5.9,4.8
2025-10-04T02:05:11,4.0,28821.90234375,5.8,4.8
2025-10-04T02:05:12,3.0,28821.90234375,5.8,4.8
2025-10-04T02:05:13,4.0,28821.90234375,5.9,4.8
2025-10-04T02:05:14,3.0,28821.90234375,5.8,4.8
2025-10-04T02:05:15,4.0,28821.90234375,5.8,4.8
2025-10-04T02:05:16,3.0,28821.90234375,5.9,4.8
2025-10-04T02:05:17,4.0,28821.90234375,5.8,4.8
2025-10-04T02:05:18,2.0,28821.90234375,5.8,4.8
2025-10-04T02:05:19,4.0,28821.90234375,5.9,4.8
2025-10-04T02:05:20,3.0,28821.90234375,5.8,4.8
2025-10-04T02:05:21,5.0,28821.90234375,5.8,4.8
2025-10-04T02:05:22,3.0,28821.90234375,5.9,4.8
2025-10-04T02:05:23,5.0,28821.90234375,5.9,4.8
2025-10-04T02:05:24,3.0,28821.90234375,5.8,4.8
2025-10-04T02:05:25,2.0,28821.90234375,5.8,4.8
2025-10-04T02:05:26,3.0,28821.90234375,5.9,4.8
2025-10-04T02:05:27,2.0,28821.90234375,5.7,4.8
2025-10-04T02:05:28,3.0,28821.90234375,5.9,4.8
2025-10-04T02:05:29,4.0,28821.90234375,5.9,4.8
2025-10-04T02:05:30,4.0,28821.90234375,5.8,4.8
2025-10-04T02:05:31,5.0,28821.90234375,5.9,4.8
2025-10-04T02:05:32,3.0,28821.90234375,5.9,4.8
2025-10-04T02:05:33,3.0,28821.90234375,5.8,4.8
2025-10-04T02:05:34,3.0,28821.90234375,5.8,4.8
2025-10-04T02:05:35,3.0,28821.90234375,5.9,4.8
2025-10-04T02:05:36,3.0,28821.90234375,5.8,4.8
2025-10-04T02:05:37,4.0,28821.90234375,5.9,4.8
2025-10-04T02:05:38,3.0,28821.90234375,5.9,4.8
2025-10-04T02:05:39,4.0,28821.90234375,5.8,4.8
2025-10-04T02:05:40,3.0,28821.90234375,5.8,4.8
2025-10-04T02:05:41,2.0,28821.90234375,5.8,4.8
2025-10-04T02:05:42,3.0,28821.90234375,5.8,4.8
2025-10-04T02:05:43,3.0,28821.90234375,5.8,4.8
2025-10-04T02:05:44,2.0,28821.90234375,5.9,4.8
2025-10-04T02:05:45,4.0,28821.90234375,5.9,4.8
2025-10-04T02:05:46,4.0,28821.90234375,5.8,4.8
2025-10-04T02:05:47,3.0,28821.90234375,5.8,4.8
2025-10-04T02:05:48,3.0,28821.90234375,5.9,4.8
2025-10-04T02:05:49,3.0,28821.90234375,5.8,4.8
2025-10-04T02:05:50,2.0,28821.90234375,5.8,4.8
2025-10-04T02:05:51,3.0,28821.90234375,5.9,4.8
2025-10-04T02:05:52,3.0,28821.90234375,5.8,4.8
2025-10-04T02:05:53,4.0,28821.90234375,5.9,4.8
2025-10-04T02:05:54,4.0,28821.90234375,5.9,4.8
2025-10-04T02:05:55,2.0,28821.90234375,5.8,4.8
2025-10-04T02:05:56,1.0,28821.90234375,5.8,4.8
2025-10-04T02:05:57,4.0,28821.90234375,5.9,4.8
2025-10-04T02:05:58,3.0,28821.90234375,5.9,4.8
2025-10-04T02:05:59,3.0,28821.90234375,5.8,4.8
2025-10-04T02:06:00,1.0,28821.90234375,5.8,4.8
2025-10-04T02:06:01,6.0,28821.90234375,5.9,4.8
2025-10-04T02:06:02,4.0,28821.90234375,5.8,4.8
2025-10-04T02:06:03,2.0,28821.90234375,5.9,4.8
2025-10-04T02:06:04,2.0,28821.90234375,5.9,4.8
2025-10-04T02:06:05,4.0,28821.90234375,5.8,4.8
2025-10-04T02:06:06,5.0,28821.90234375,6.0,4.8
2025-10-04T02:06:07,2.0,28821.90234375,5.9,4.8
2025-10-04T02:06:08,6.0,28821.90234375,5.8,4.8
2025-10-04T02:06:09,3.0,28821.90234375,5.8,4.8
2025-10-04T02:06:10,2.0,28821.90234375,5.8,4.8
2025-10-04T02:06:11,4.0,28821.90234375,5.8,4.8
2025-10-04T02:06:12,4.0,28821.90234375,5.8,4.8
2025-10-04T02:06:13,3.0,28821.90234375,5.9,4.8
2025-10-04T02:06:14,5.0,28821.90234375,5.8,4.8
2025-10-04T02:06:15,4.0,28821.90234375,5.8,4.8
2025-10-04T02:06:16,2.0,28821.90234375,5.8,4.8
2025-10-04T02:06:17,1.0,28821.90234375,5.8,4.8
2025-10-04T02:06:18,5.0,28821.90234375,5.9,4.8
2025-10-04T02:06:19,3.0,28821.90234375,5.9,4.8
2025-10-04T02:06:20,3.0,28821.90234375,5.8,4.8
2025-10-04T02:06:21,4.0,28821.90234375,5.8,4.8
2025-10-04T02:06:22,3.0,28821.90234375,5.8,4.8
2025-10-04T02:06:23,3.0,28821.90234375,5.9,4.8
2025-10-04T02:06:24,5.0,28821.90234375,5.8,4.8
2025-10-04T02:06:25,3.0,28821.90234375,5.9,4.8
2025-10-04T02:06:26,3.0,28821.90234375,5.8,4.8
2025-10-04T02:06:27,3.0,28821.90234375,5.8,4.8
2025-10-04T02:06:28,3.0,28821.90234375,5.8,4.8
2025-10-04T02:06:29,4.0,28821.90234375,5.8,4.8
2025-10-04T02:06:30,3.0,28821.90234375,5.8,4.8
2025-10-04T02:06:31,4.0,28821.90234375,5.9,4.8
2025-10-04T02:06:32,4.0,28821.90234375,5.9,4.8
2025-10-04T02:06:33,3.0,28821.90234375,5.8,4.8
2025-10-04T02:06:34,2.0,28821.90234375,5.8,4.8
2025-10-04T02:06:35,3.0,28821.90234375,5.8,4.8
2025-10-04T02:06:36,3.0,28821.90234375,5.8,4.8
2025-10-04T02:06:37,3.0,28821.90234375,5.8,4.8
2025-10-04T02:06:38,4.0,28821.90234375,5.9,4.8
2025-10-04T02:06:39,5.0,28821.90234375,5.9,4.8
2025-10-04T02:06:40,4.0,28821.90234375,5.8,4.8
2025-10-04T02:06:41,4.0,28821.90234375,5.9,4.8
2025-10-04T02:06:42,4.0,28821.90234375,5.9,4.8
2025-10-04T02:06:43,4.0,28821.90234375,5.8,4.8
2025-10-04T02:06:44,3.0,28821.90234375,5.8,4.8
2025-10-04T02:06:45,2.0,28821.90234375,5.9,4.8
2025-10-04T02:06:46,3.0,28821.90234375,5.8,4.8
2025-10-04T02:06:47,2.0,28821.90234375,5.8,4.8
2025-10-04T02:06:48,6.0,28821.90234375,5.9,4.8
2025-10-04T02:06:49,3.0,28821.90234375,5.8,4.8
2025-10-04T02:06:50,3.0,28821.90234375,5.8,4.8
2025-10-04T02:06:51,4.0,28821.90234375,5.9,4.8
2025-10-04T02:06:52,2.0,28821.90234375,5.8,4.8
2025-10-04T02:06:53,3.0,28821.90234375,5.8,4.8
2025-10-04T02:06:54,2.0,28821.90234375,5.8,4.8
2025-10-04T02:06:55,3.0,28821.90234375,5.8,4.8
2025-10-04T02:06:56,5.0,28821.90234375,5.8,4.8
2025-10-04T02:06:57,3.0,28821.90234375,5.9,4.8
2025-10-04T02:06:58,2.0,28821.90234375,5.9,4.8
2025-10-04T02:06:59,3.0,28821.90234375,5.7,4.8
2025-10-04T02:07:00,2.0,28821.90234375,5.9,4.8
2025-10-04T02:07:01,4.0,28821.90234375,5.9,4.8
2025-10-04T02:07:02,3.0,28821.90234375,5.8,4.8
2025-10-04T02:07:03,4.0,28821.90234375,5.9,4.8
2025-10-04T02:07:04,4.0,28821.90234375,5.9,4.8
2025-10-04T02:07:05,2.0,28821.90234375,5.8,4.8
2025-10-04T02:07:06,3.0,28821.90234375,5.8,4.8
2025-10-04T02:07:07,2.0,28821.90234375,5.8,4.8
2025-10-04T02:07:08,5.0,28821.90234375,5.9,4.8
2025-10-04T02:07:09,3.0,28821.90234375,5.8,4.8
2025-10-04T02:07:10,3.0,28821.90234375,5.8,4.8
2025-10-04T02:07:11,4.0,28821.90234375,5.8,4.8
2025-10-04T02:07:12,5.0,28821.90234375,5.8,4.8
2025-10-04T02:07:13,3.0,28821.90234375,5.8,4.8
2025-10-04T02:07:14,1.0,28821.90234375,5.8,4.8
2025-10-04T02:07:15,4.0,28821.90234375,5.8,4.8
2025-10-04T02:07:16,2.0,28821.90234375,5.8,4.8
2025-10-04T02:07:17,3.0,28821.90234375,5.9,4.8
2025-10-04T02:07:18,4.0,28821.90234375,5.8,4.8
2025-10-04T02:07:19,3.0,28821.90234375,5.9,4.8
2025-10-04T02:07:20,4.0,28821.90234375,5.9,4.8
2025-10-04T02:07:21,6.0,28821.90234375,5.8,4.8
2025-10-04T02:07:22,2.0,28821.90234375,5.8,4.8
2025-10-04T02:07:23,4.0,28821.90234375,5.9,4.8
2025-10-04T02:07:24,3.0,28821.90234375,5.8,4.8
2025-10-04T02:07:25,3.0,28821.90234375,5.8,4.8
2025-10-04T02:07:26,3.0,28821.90234375,5.9,4.8
2025-10-04T02:07:27,3.0,28821.90234375,5.8,4.8
2025-10-04T02:07:28,3.0,28821.90234375,5.9,4.8
2025-10-04T02:07:29,3.0,28821.90234375,5.8,4.8
2025-10-04T02:07:30,2.0,28821.90234375,5.8,4.8
2025-10-04T02:07:31,4.0,28821.90234375,5.8,4.8
2025-10-04T02:07:32,3.0,28821.90234375,5.8,4.8
2025-10-04T02:07:33,3.0,28821.90234375,5.8,4.8
2025-10-04T02:07:34,5.0,28821.90234375,5.9,4.8
2025-10-04T02:07:35,4.0,28821.90234375,5.8,4.8
2025-10-04T02:07:36,2.0,28821.90234375,5.8,4.8
2025-10-04T02:07:37,4.0,28821.90234375,5.8,4.8
2025-10-04T02:07:38,4.0,28821.90234375,5.9,4.8
2025-10-04T02:07:39,1.0,28821.90234375,5.8,4.8
2025-10-04T02:07:40,3.0,28821.90234375,5.8,4.8
2025-10-04T02:07:41,4.0,28821.90234375,5.8,4.8
2025-10-04T02:07:42,2.0,28821.90234375,5.8,4.8
2025-10-04T02:07:43,3.0,28821.90234375,5.8,4.8
2025-10-04T02:07:44,5.0,28821.90234375,5.9,4.8
2025-10-04T02:07:45,5.0,28821.90234375,5.9,4.8
2025-10-04T02:07:46,5.0,28821.90234375,5.8,4.8
2025-10-04T02:07:47,1.0,28821.90234375,5.8,4.8
2025-10-04T02:07:48,4.0,28821.90234375,5.9,4.8
2025-10-04T02:07:49,3.0,28821.90234375,5.8,4.8
2025-10-04T02:07:50,1.0,28821.90234375,5.8,4.8
2025-10-04T02:07:51,3.0,28821.90234375,5.9,4.8
2025-10-04T02:07:52,3.0,28821.90234375,5.8,4.8
2025-10-04T02:07:53,4.0,28821.90234375,5.8,4.8
2025-10-04T02:07:54,5.0,28821.90234375,5.9,4.8
2025-10-04T02:07:55,2.0,28821.90234375,5.8,4.8
2025-10-04T02:07:56,4.0,28821.90234375,5.8,4.8
2025-10-04T02:07:57,5.0,28821.90234375,5.9,4.8
2025-10-04T02:07:58,3.0,28821.90234375,5.9,4.8
2025-10-04T02:07:59,2.0,28821.90234375,5.8,4.8
2025-10-04T02:08:00,5.0,28821.90234375,5.9,4.8
2025-10-04T02:08:01,3.0,28821.90234375,5.9,4.8
2025-10-04T02:08:02,3.0,28821.90234375,5.8,4.8
2025-10-04T02:08:03,2.0,28821.90234375,5.8,4.8
2025-10-04T02:08:04,4.0,28821.90234375,5.9,4.8
2025-10-04T02:08:05,5.0,28821.90234375,5.8,4.8
2025-10-04T02:08:06,3.0,28821.90234375,5.8,4.8
2025-10-04T02:08:07,2.0,28821.90234375,5.8,4.8
2025-10-04T02:08:08,5.0,28821.90234375,5.8,4.8
2025-10-04T02:08:09,1.0,28821.90234375,5.8,4.8
2025-10-04T02:08:10,4.0,28821.90234375,5.9,4.8
2025-10-04T02:08:11,4.0,28821.90234375,5.8,4.8
2025-10-04T02:08:12,4.0,28821.90234375,5.8,4.8
2025-10-04T02:08:13,3.0,28821.90234375,5.9,4.8
2025-10-04T02:08:14,4.0,28821.90234375,5.9,4.8
2025-10-04T02:08:15,3.0,28821.90234375,5.7,4.8
2025-10-04T02:08:16,2.0,28821.90234375,5.9,4.8
2025-10-04T02:08:17,5.0,28821.90234375,5.9,4.8
2025-10-04T02:08:18,3.0,28821.90234375,5.8,4.8
2025-10-04T02:08:19,3.0,28821.90234375,5.8,4.8
2025-10-04T02:08:20,3.0,28821.90234375,5.9,4.8
2025-10-04T02:08:21,4.0,28821.90234375,5.8,4.8
2025-10-04T02:08:22,3.0,28821.90234375,5.9,4.8
2025-10-04T02:08:23,4.0,28821.90234375,5.9,4.8
2025-10-04T02:08:24,1.0,28821.90234375,5.8,4.8
2025-10-04T02:08:25,4.0,28821.90234375,5.8,4.8
2025-10-04T02:08:26,4.0,28821.90234375,5.9,4.8
2025-10-04T02:08:27,3.0,28821.90234375,5.8,4.8
2025-10-04T02:08:28,2.0,28821.90234375,5.9,4.8
2025-10-04T02:08:29,3.0,28821.90234375,5.9,4.8
2025-10-04T02:08:30,5.0,28821.90234375,5.8,4.8
2025-10-04T02:08:31,3.0,28821.90234375,5.8,4.8
2025-10-04T02:08:32,5.0,28821.90234375,5.9,4.8
2025-10-04T02:08:33,3.0,28821.90234375,5.8,4.8
2025-10-04T02:08:34,3.0,28821.90234375,5.8,4.8
2025-10-04T02:08:35,3.0,28821.90234375,5.8,4.8
2025-10-04T02:08:36,4.0,28821.90234375,5.9,4.8
2025-10-04T02:08:37,2.0,28821.90234375,5.8,4.8
2025-10-04T02:08:38,4.0,28821.90234375,5.9,4.8
2025-10-04T02:08:39,2.0,28821.90234375,5.9,4.8
2025-10-04T02:08:40,2.0,28821.90234375,5.8,4.8
2025-10-04T02:08:41,4.0,28821.90234375,5.9,4.8
2025-10-04T02:08:42,3.0,28821.90234375,5.8,4.8
2025-10-04T02:08:43,4.0,28821.90234375,5.8,4.8
2025-10-04T02:08:44,2.0,28821.90234375,5.8,4.8
2025-10-04T02:08:45,3.0,28821.90234375,5.9,4.8
2025-10-04T02:08:46,6.0,28821.90234375,5.9,4.8
2025-10-04T02:08:47,3.0,28821.90234375,5.8,4.8
2025-10-04T02:08:48,3.0,28821.90234375,5.9,4.8
2025-10-04T02:08:49,3.0,28821.90234375,5.8,4.8
2025-10-04T02:08:50,2.0,28821.90234375,5.8,4.8
2025-10-04T02:08:51,2.0,28821.90234375,5.8,4.8
2025-10-04T02:08:52,3.0,28821.90234375,5.8,4.8
2025-10-04T02:08:53,4.0,28821.90234375,5.8,4.8
2025-10-04T02:08:54,5.0,28821.90234375,5.9,4.8
2025-10-04T02:08:55,2.0,28821.90234375,5.9,4.8
2025-10-04T02:08:56,4.0,28821.90234375,5.8,4.8
2025-10-04T02:08:57,3.0,28821.90234375,6.5,4.5
2025-10-04T02:08:58,4.0,28821.90234375,5.9,4.5
2025-10-04T02:08:59,4.0,28821.90234375,5.8,4.5
2025-10-04T02:09:00,2.0,28821.90234375,5.8,4.5
2025-10-04T02:09:01,3.0,28821.90234375,5.9,4.5
2025-10-04T02:09:02,3.0,28821.90234375,5.8,4.5
2025-10-04T02:09:03,2.0,28821.90234375,5.8,4.5
2025-10-04T02:09:04,1.0,28821.90234375,5.8,4.5
2025-10-04T02:09:05,5.0,28821.90234375,5.8,4.5
2025-10-04T02:09:06,3.0,28821.90234375,5.8,4.5
2025-10-04T02:09:07,3.0,28821.90234375,5.8,4.5
2025-10-04T02:09:08,4.0,28821.90234375,5.8,4.5
2025-10-04T02:09:09,2.0,28821.90234375,5.8,4.5
2025-10-04T02:09:10,5.0,28821.90234375,5.9,4.5
2025-10-04T02:09:11,3.0,28821.90234375,5.8,4.5
2025-10-04T02:09:12,4.0,28821.90234375,5.8,4.5
2025-10-04T02:09:13,2.0,28821.90234375,5.8,4.5
2025-10-04T02:09:14,3.0,28821.90234375,5.8,4.5
2025-10-04T02:09:15,2.0,28821.90234375,5.8,4.5
2025-10-04T02:09:16,2.0,28821.90234375,5.8,4.5
2025-10-04T02:09:17,3.0,28821.90234375,5.8,4.5
2025-10-04T02:09:18,3.0,28821.90234375,5.8,4.5
2025-10-04T02:09:19,3.0,28821.90234375,5.8,4.5
2025-10-04T02:09:20,3.0,28821.90234375,5.9,4.5
2025-10-04T02:09:21,3.0,28821.90234375,5.8,4.5
2025-10-04T02:09:22,5.0,28821.90234375,5.9,4.5
2025-10-04T02:09:23,3.0,28821.90234375,5.8,4.5
2025-10-04T02:09:24,2.0,28821.90234375,5.8,4.5
2025-10-04T02:09:25,4.0,28821.90234375,5.8,4.5
2025-10-04T02:09:26,3.0,28821.90234375,5.9,4.5
2025-10-04T02:09:27,3.0,28821.90234375,5.8,4.5
2025-10-04T02:09:28,4.0,28821.90234375,5.8,4.5
2025-10-04T02:09:29,2.0,28821.90234375,5.8,4.5
2025-10-04T02:09:30,3.0,28821.90234375,5.8,4.5
2025-10-04T02:09:31,5.0,28821.90234375,5.8,4.5
2025-10-04T02:09:32,3.0,28821.90234375,5.9,4.5
2025-10-04T02:09:33,3.0,28821.90234375,5.8,4.5
2025-10-04T02:09:34,5.0,28821.90234375,5.8,4.5
2025-10-04T02:09:35,4.0,28821.90234375,5.9,4.5
2025-10-04T02:09:36,2.0,28821.90234375,5.8,4.5
2025-10-04T02:09:37,4.0,28821.90234375,5.8,4.5
2025-10-04T02:09:38,3.0,28821.90234375,5.9,4.5
2025-10-04T02:09:39,3.0,28821.90234375,5.9,4.5
2025-10-04T02:09:40,5.0,28821.90234375,5.8,4.5
2025-10-04T02:09:41,3.0,28821.90234375,5.8,4.5
2025-10-04T02:09:42,2.0,28821.90234375,5.8,4.5
2025-10-04T02:09:43,4.0,28821.90234375,5.8,4.5
2025-10-04T02:09:44,5.0,28821.90234375,5.8,4.5
2025-10-04T02:09:45,3.0,28821.90234375,5.9,4.5
2025-10-04T02:09:46,4.0,28821.90234375,5.8,4.5
2025-10-04T02:09:47,4.0,28821.90234375,5.8,4.5
2025-10-04T02:09:48,3.0,28821.90234375,5.9,4.5
2025-10-04T02:09:49,3.0,28821.90234375,5.8,4.5
2025-10-04T02:09:50,3.0,28821.90234375,5.8,4.5
2025-10-04T02:09:51,4.0,28821.90234375,5.9,4.5
2025-10-04T02:09:52,4.0,28821.90234375,5.9,4.5
2025-10-04T02:09:53,2.0,28821.90234375,5.8,4.5
2025-10-04T02:09:54,2.0,28821.90234375,5.8,4.5
2025-10-04T02:09:55,3.0,28821.90234375,5.9,4.5
2025-10-04T02:09:56,2.0,28821.90234375,5.8,4.5
2025-10-04T02:09:57,3.0,28821.90234375,5.8,4.5
2025-10-04T02:09:58,3.0,28821.90234375,5.9,4.5
2025-10-04T02:09:59,4.0,28821.90234375,5.8,4.5
2025-10-04T02:10:00,5.0,28821.90234375,5.8,4.5
2025-10-04T02:10:01,3.0,28821.90234375,5.9,4.5
2025-10-04T02:10:02,3.0,28821.90234375,5.8,4.5
2025-10-04T02:10:03,3.0,28821.90234375,5.8,4.5
2025-10-04T02:10:04,2.0,28821.90234375,5.9,4.5
2025-10-04T02:10:05,3.0,28821.90234375,5.8,4.5
2025-10-04T02:10:06,3.0,28821.90234375,5.8,4.5
2025-10-04T02:10:07,3.0,28821.90234375,5.8,4.5
2025-10-04T02:10:08,3.0,28821.90234375,5.9,4.5
2025-10-04T02:10:09,3.0,28821.90234375,5.8,4.5
2025-10-04T02:10:10,3.0,28821.90234375,5.8,4.5
2025-10-04T02:10:11,2.0,28821.90234375,5.8,4.5
2025-10-04T02:10:12,4.0,28821.90234375,5.8,4.5
2025-10-04T02:10:13,3.0,28821.90234375,5.9,4.5
2025-10-04T02:10:14,5.0,28821.90234375,5.9,4.5
2025-10-04T02:10:15,2.0,28821.90234375,5.8,4.5
2025-10-04T02:10:16,4.0,28821.90234375,5.9,4.5
2025-10-04T02:10:17,1.0,28821.90234375,5.8,4.5
2025-10-04T02:10:18,3.0,28821.90234375,5.8,4.5
2025-10-04T02:10:19,3.0,28821.90234375,5.8,4.5
2025-10-04T02:10:20,6.0,28821.90234375,5.9,4.5
2025-10-04T02:10:21,4.0,28821.90234375,5.8,4.5
2025-10-04T02:10:22,3.0,28821.90234375,5.8,4.5
2025-10-04T02:10:23,5.0,28821.90234375,5.9,4.5
2025-10-04T02:10:24,4.0,28821.90234375,5.9,4.5
2025-10-04T02:10:25,4.0,28821.90234375,5.8,4.5
2025-10-04T02:10:26,3.0,28821.90234375,5.9,4.5
2025-10-04T02:10:27,4.0,28821.90234375,5.9,4.5
2025-10-04T02:10:28,4.0,28821.90234375,5.8,4.5
2025-10-04T02:10:29,3.0,28821.90234375,5.8,4.5
2025-10-04T02:10:30,3.0,28821.90234375,5.8,4.5
2025-10-04T02:10:31,3.0,28821.90234375,5.8,4.5
2025-10-04T02:10:32,2.0,28821.90234375,5.8,4.5
2025-10-04T02:10:33,5.0,28821.90234375,5.9,4.5
2025-10-04T02:10:34,7.0,28821.90234375,5.9,4.5
2025-10-04T02:10:35,3.0,28821.90234375,5.8,4.5
2025-10-04T02:10:36,3.0,28821.90234375,5.9,4.5
2025-10-04T02:10:37,4.0,28821.90234375,5.8,4.5
2025-10-04T02:10:38,5.0,28821.90234375,5.9,4.5
2025-10-04T02:10:39,2.0,28821.90234375,5.8,4.5
2025-10-04T02:10:40,4.0,28821.90234375,5.8,4.5
2025-10-04T02:10:41,3.0,28821.90234375,5.8,4.5
2025-10-04T02:10:42,2.0,28821.90234375,5.9,4.5
2025-10-04T02:10:43,5.0,28821.90234375,5.9,4.5
2025-10-04T02:10:44,2.0,28821.90234375,5.8,4.5
2025-10-04T02:10:45,3.0,28821.90234375,5.9,4.5
2025-10-04T02:10:46,4.0,28821.90234375,5.9,4.5
2025-10-04T02:10:47,5.0,28821.90234375,5.8,4.5
2025-10-04T02:10:48,2.0,28821.90234375,5.9,4.5
2025-10-04T02:10:49,2.0,28821.90234375,5.8,4.5
2025-10-04T02:10:50,3.0,28821.90234375,5.8,4.5
2025-10-04T02:10:51,3.0,28821.90234375,5.8,4.5
2025-10-04T02:10:52,4.0,28821.90234375,5.9,4.5
2025-10-04T02:10:53,4.0,28821.90234375,5.8,4.5
2025-10-04T02:10:54,4.0,28821.90234375,5.8,4.5
2025-10-04T02:10:55,2.0,28821.90234375,5.8,4.5
2025-10-04T02:10:56,5.0,28821.90234375,5.8,4.5
2025-10-04T02:10:57,2.0,28821.90234375,5.8,4.5
2025-10-04T02:10:58,4.0,28821.90234375,5.9,4.5
2025-10-04T02:10:59,20.0,28821.90234375,5.9,4.5
2025-10-04T02:11:00,3.0,28821.90234375,5.8,4.5
2025-10-04T02:11:01,4.0,28821.90234375,5.9,4.5
2025-10-04T02:11:02,2.0,28821.90234375,5.8,4.5
2025-10-04T02:11:03,3.0,28821.90234375,5.8,4.5
2025-10-04T02:11:04,4.0,28821.90234375,5.9,4.5
2025-10-04T02:11:05,3.0,28821.90234375,5.8,4.5
2025-10-04T02:11:06,2.0,28821.90234375,5.8,4.5
2025-10-04T02:11:07,5.0,28821.90234375,5.9,4.5
2025-10-04T02:11:08,3.0,28821.90234375,5.9,4.5
2025-10-04T02:11:09,2.0,28821.90234375,5.7,4.5
2025-10-04T02:11:10,3.0,28821.90234375,5.8,4.5
2025-10-04T02:11:11,5.0,28821.90234375,5.9,4.5
2025-10-04T02:11:12,3.0,28821.90234375,5.8,4.5
2025-10-04T02:11:13,3.0,28821.90234375,5.8,4.5
2025-10-04T02:11:14,2.0,28821.90234375,5.8,4.5
2025-10-04T02:11:15,1.0,28821.90234375,5.8,4.5
2025-10-04T02:11:16,2.0,28821.90234375,5.8,4.5
2025-10-04T02:11:17,1.0,28821.90234375,5.8,4.5
2025-10-04T02:11:18,2.0,28821.90234375,5.8,4.5
2025-10-04T02:11:19,2.0,28821.90234375,5.8,4.5
2025-10-04T02:11:20,1.0,28821.90234375,5.9,4.5
2025-10-04T02:11:21,2.0,28821.90234375,5.8,4.5
2025-10-04T02:11:22,1.0,28821.90234375,5.8,4.5
2025-10-04T02:11:23,1.0,28821.90234375,5.8,4.5
2025-10-04T02:11:24,1.0,28821.90234375,5.8,4.5
2025-10-04T02:11:25,3.0,28821.90234375,5.8,4.5
2025-10-04T02:11:26,1.0,28821.90234375,5.8,4.5
2025-10-04T02:11:27,3.0,28821.90234375,5.8,4.5
2025-10-04T02:11:28,2.0,28821.90234375,5.7,4.5
2025-10-04T02:11:29,1.0,28821.90234375,5.8,4.5
2025-10-04T02:11:30,2.0,28821.90234375,5.8,4.5
2025-10-04T02:11:31,2.0,28821.90234375,5.7,4.5
2025-10-04T02:11:32,1.0,28821.90234375,5.8,4.5
2025-10-04T02:11:33,1.0,28821.90234375,5.8,4.5
2025-10-04T02:11:34,1.0,28821.90234375,5.8,4.5
2025-10-04T02:11:35,1.0,28821.90234375,5.8,4.5
2025-10-04T02:11:36,32.8,28821.90234375,5.8,4.5
2025-10-04T02:11:37,99.0,28837.22265625,5.7,4.5
2025-10-04T02:11:38,100.0,28837.22265625,5.8,4.5
2025-10-04T02:11:39,100.4,28844.72265625,5.7,4.5
2025-10-04T02:11:40,98.0,28889.72265625,5.7,4.5
2025-10-04T02:11:41,101.1,28953.47265625,5.7,4.5
2025-10-04T02:11:42,99.1,29005.97265625,5.8,4.5
2025-10-04T02:11:43,100.0,29069.72265625,5.7,4.5
2025-10-04T02:11:44,99.7,29103.47265625,5.7,4.5
2025-10-04T02:11:45,98.1,29157.22265625,5.7,4.5
2025-10-04T02:11:46,100.1,29214.72265625,5.8,4.5
2025-10-04T02:11:47,99.7,29250.97265625,5.7,4.5
2025-10-04T02:11:48,100.0,29308.47265625,5.7,4.5
2025-10-04T02:11:49,100.0,29365.97265625,5.7,4.5
2025-10-04T02:11:50,99.0,29423.47265625,5.7,4.5
2025-10-04T02:11:51,100.2,29443.47265625,5.7,4.5
2025-10-04T02:11:52,98.8,29500.97265625,5.7,4.5
2025-10-04T02:11:53,100.0,29558.47265625,5.7,4.5
2025-10-04T02:11:54,99.3,29614.72265625,5.7,4.5
2025-10-04T02:11:56,99.8,29659.72265625,5.7,4.5
2025-10-04T02:11:56,97.6,29674.72265625,5.8,4.5
2025-10-04T02:12:08,99.6,31345.36328125,5.7,4.7
2025-10-04T02:12:09,101.0,42017.07421875,5.7,5.2
2025-10-04T02:12:09,82.3,42140.7734375,5.7,5.2
2025-10-04T02:12:15,99.3,42309.33984375,5.7,5.3
2025-10-04T02:12:15,99.9,42418.87890625,5.8,5.3
2025-10-04T02:12:15,91.8,42460.3828125,5.6,5.3
2025-10-04T02:12:16,151.3,44035.94140625,5.7,5.4
2025-10-04T02:12:18,138.5,53464.8984375,5.8,5.9
2025-10-04T02:12:18,70.2,53951.4375,5.7,5.9
2025-10-04T02:12:18,109.4,54540.96875,5.7,5.9
2025-10-04T02:12:18,67.7,54878.5078125,5.7,6.0
2025-10-04T02:12:18,110.1,55236.71484375,5.6,6.0
2025-10-04T02:12:19,131.0,56905.60546875,5.7,6.1
2025-10-04T02:12:20,71.9,57954.39453125,5.8,6.4
2025-10-04T02:12:21,135.3,66571.9140625,5.7,6.6
2025-10-04T02:12:21,19.3,67238.375,5.7,6.6
2025-10-04T02:12:21,104.3,67676.1484375,5.7,6.7
2025-10-04T02:12:22,113.6,68263.12890625,5.8,6.8
2025-10-04T02:12:23,123.1,71359.2578125,5.7,7.0
2025-10-04T02:12:23,91.8,75128.828125,5.8,7.1
2025-10-04T02:12:23,113.5,75905.484375,5.7,7.1
2025-10-04T02:12:24,75.4,76475.23828125,5.7,7.2
2025-10-04T02:12:24,97.5,78817.5,5.7,7.3
2025-10-04T02:12:28,125.4,85683.4921875,5.8,8.0
2025-10-04T02:12:29,103.5,95930.7578125,5.7,8.2
2025-10-04T02:12:29,53.9,96707.07421875,5.9,8.3
2025-10-04T02:12:29,47.2,96821.0,6.2,8.3
2025-10-04T02:12:29,93.4,97275.41796875,5.7,8.3
2025-10-04T02:12:29,91.3,97527.58203125,5.7,6.3
2025-10-04T02:12:29,103.8,60816.203125,0.0,6.3
2025-10-04T02:12:29,0.0,60816.203125,0.0,6.3
2025-10-04T02:12:29,0.0,60816.203125,0.0,6.3
2025-10-04T02:12:29,0.0,60816.203125,33.3,6.3
2025-10-04T02:12:30,99.2,60816.203125,5.7,6.3
2025-10-04T02:12:31,100.0,60816.203125,5.8,6.3
2025-10-04T02:12:34,99.8,34826.43359375,5.7,4.9
2025-10-04T02:12:34,79.8,34826.43359375,5.5,4.9
2025-10-04T02:12:34,99.6,34826.43359375,5.7,4.9
2025-10-04T02:12:35,99.1,34826.43359375,5.8,4.9
2025-10-04T02:12:36,99.7,34826.43359375,5.7,4.9
2025-10-04T02:12:37,100.1,34826.43359375,5.7,4.9
2025-10-04T02:12:38,98.9,34865.18359375,5.8,4.9
2025-10-04T02:12:39,99.3,34923.93359375,5.7,4.9
2025-10-04T02:12:40,99.7,34965.18359375,5.7,4.9
2025-10-04T02:12:41,100.5,35023.93359375,5.8,4.9
2025-10-04T02:12:42,98.8,35082.68359375,5.7,4.9
2025-10-04T02:12:43,99.7,35116.43359375,5.7,4.9
2025-10-04T02:12:44,100.2,35178.93359375,5.7,4.9
2025-10-04T02:12:45,98.8,35238.93359375,5.7,4.9
2025-10-04T02:12:46,99.2,35267.68359375,5.7,4.9
2025-10-04T02:12:47,100.7,35328.93359375,5.7,4.9
2025-10-04T02:12:48,99.0,35385.18359375,5.7,4.9
2025-10-04T02:12:49,100.0,35443.93359375,5.7,4.9
2025-10-04T02:12:50,99.3,35462.68359375,5.7,4.9
2025-10-04T02:12:51,99.2,35522.68359375,5.7,4.9
2025-10-04T02:12:52,100.5,35578.93359375,5.7,4.9
2025-10-04T02:12:53,98.4,35633.93359375,5.7,4.9
2025-10-04T02:13:03,148.5,41612.34765625,5.7,5.2
2025-10-04T02:13:08,91.6,41689.84765625,5.8,5.2
2025-10-04T02:13:09,99.1,43632.23046875,5.7,5.4
2025-10-04T02:13:09,100.5,43636.01171875,5.7,5.4
2025-10-04T02:13:09,96.8,43634.328125,5.6,5.4
2025-10-04T02:13:10,103.2,45198.921875,5.8,5.5
2025-10-04T02:13:12,194.2,54654.1328125,5.7,5.9
2025-10-04T02:13:12,63.9,55218.59765625,5.9,6.0
2025-10-04T02:13:12,86.5,55829.61328125,5.7,6.0
2025-10-04T02:13:12,117.4,56408.4140625,5.7,6.0
2025-10-04T02:13:13,136.4,58251.12109375,5.7,6.2
2025-10-04T02:13:15,126.7,65679.75,5.7,6.7
2025-10-04T02:13:15,86.7,68214.30859375,5.7,6.7
2025-10-04T02:13:15,94.1,68862.859375,5.7,6.7
2025-10-04T02:13:15,92.1,69143.47265625,5.7,6.7
2025-10-04T02:13:16,104.2,69624.28515625,5.7,6.8
2025-10-04T02:13:16,95.0,71357.8828125,5.8,6.9
2025-10-04T02:13:17,138.8,75818.55078125,5.8,7.1
2025-10-04T02:13:17,87.5,77106.5625,5.7,7.2
2025-10-04T02:13:17,84.5,77513.2578125,5.8,7.2
2025-10-04T02:13:18,145.4,77898.0078125,6.1,7.2
2025-10-04T02:13:18,68.8,78088.27734375,5.6,7.2
2025-10-04T02:13:18,112.6,78465.45703125,5.8,7.3
2025-10-04T02:13:18,98.7,80007.109375,5.7,7.4
2025-10-04T02:13:19,97.5,82146.765625,5.7,7.5
2025-10-04T02:13:23,151.7,91540.6328125,5.7,8.3
2025-10-04T02:13:23,84.5,97760.44921875,5.7,8.3
2025-10-04T02:13:23,110.1,98443.609375,5.7,8.4
2025-10-04T02:13:23,79.7,98677.91796875,5.8,8.4
2025-10-04T02:13:23,101.8,99264.14453125,5.9,8.4
2025-10-04T02:13:24,97.6,62240.53515625,5.7,6.4
2025-10-04T02:13:25,100.0,62240.53515625,5.8,6.4
2025-10-04T02:13:27,99.8,42809.37109375,5.7,5.1
2025-10-04T02:13:27,60.7,38709.01171875,5.8,5.1
2025-10-04T02:13:28,99.7,38679.04296875,5.8,5.1
2025-10-04T02:13:29,100.0,40205.02734375,5.7,5.1
2025-10-04T02:13:30,99.0,40875.1875,5.7,5.2
2025-10-04T02:13:31,100.3,41886.1328125,5.7,5.2
2025-10-04T02:13:32,98.6,43394.953125,5.8,5.3
2025-10-04T02:13:33,100.9,42781.15234375,5.7,5.3
2025-10-04T02:13:34,98.2,43709.0546875,5.7,5.3
2025-10-04T02:13:35,99.9,44708.453125,5.7,5.4
2025-10-04T02:13:36,100.1,34440.6875,5.7,4.8
2025-10-04T02:13:37,99.5,34430.98046875,5.7,4.8
2025-10-04T02:13:38,99.0,34430.98046875,5.8,4.8
2025-10-04T02:13:39,99.8,34430.98046875,5.7,4.8
2025-10-04T02:13:40,99.5,34430.98046875,5.7,4.8
2025-10-04T02:13:41,100.5,34495.98046875,5.7,4.8
2025-10-04T02:13:42,99.3,34544.73046875,5.8,4.8
2025-10-04T02:13:43,99.0,34612.23046875,5.7,4.9
2025-10-04T02:13:44,100.9,34663.48046875,5.7,4.9
2025-10-04T02:13:45,98.4,34720.98046875,5.8,4.9
2025-10-04T02:13:46,99.2,34792.23046875,5.7,4.9
2025-10-04T02:13:47,100.1,34829.73046875,5.7,4.9
2025-10-04T02:13:48,98.9,34895.98046875,5.8,4.9
2025-10-04T02:13:49,100.0,34967.23046875,5.7,4.9
2025-10-04T02:13:50,99.4,35025.98046875,5.7,4.9
2025-10-04T02:13:51,99.2,35065.98046875,5.7,4.9
2025-10-04T02:13:52,99.4,35134.73046875,5.7,4.9
2025-10-04T02:13:53,100.6,35392.23046875,5.7,4.9
2025-10-04T02:13:54,99.6,36137.23046875,5.7,4.9
2025-10-04T02:13:55,98.4,35444.5078125,5.8,4.9
2025-10-04T02:13:56,85.4,35430.7265625,5.8,4.9
2025-10-04T02:13:57,0.0,35430.7265625,6.2,4.9
2025-10-04T02:13:58,0.0,35430.7265625,5.8,4.9
2025-10-04T02:13:59,0.0,35430.7265625,5.7,4.9
2025-10-04T02:14:00,0.0,35430.7265625,5.7,4.9
2025-10-04T02:14:01,0.0,35430.7265625,5.8,4.9
2025-10-04T02:14:02,0.0,35430.7265625,5.7,4.9
2025-10-04T02:14:03,5.0,35430.7265625,5.9,4.9
2025-10-04T02:14:04,7.0,35430.7265625,6.0,4.9
2025-10-04T02:14:05,7.0,35430.7265625,6.1,4.9
2025-10-04T02:14:06,5.0,35430.7265625,5.9,4.9
2025-10-04T02:14:07,5.0,35430.7265625,5.9,4.9
2025-10-04T02:14:08,4.0,35430.7265625,5.9,4.9
2025-10-04T02:14:09,2.0,35430.7265625,5.7,4.9
2025-10-04T02:14:10,3.0,35430.7265625,5.9,4.9
2025-10-04T02:14:11,5.0,35430.7265625,5.9,4.9
2025-10-04T02:14:12,8.0,35430.7265625,5.8,4.9
2025-10-04T02:14:13,6.0,35430.7265625,5.9,4.9
2025-10-04T02:14:14,5.0,35430.7265625,5.9,4.9
2025-10-04T02:14:15,4.0,35430.7265625,5.8,4.9
2025-10-04T02:14:16,3.0,35430.7265625,5.8,4.9
2025-10-04T02:14:17,2.0,35430.7265625,5.8,4.9
2025-10-04T02:14:18,6.0,35430.7265625,5.9,4.9
2025-10-04T02:14:19,5.0,35430.7265625,5.9,4.9
2025-10-04T02:14:20,6.0,35430.7265625,5.9,4.9
2025-10-04T02:14:21,5.0,35430.7265625,5.8,4.9
2025-10-04T02:14:22,3.0,35430.7265625,5.8,4.9
2025-10-04T02:14:23,4.0,35430.7265625,5.8,4.9
2025-10-04T02:14:24,4.0,35430.7265625,5.8,4.9
2025-10-04T02:14:25,4.0,35430.7265625,5.9,4.9
2025-10-04T02:14:26,6.0,35430.7265625,5.9,4.9
2025-10-04T02:14:27,5.0,35430.7265625,5.9,4.9
2025-10-04T02:14:28,5.0,35430.7265625,5.9,4.9
2025-10-04T02:14:29,3.0,35430.7265625,5.8,4.9
2025-10-04T02:14:30,5.0,35430.7265625,5.9,4.9
2025-10-04T02:14:31,4.0,35430.7265625,5.8,4.9
2025-10-04T02:14:32,17.8,35430.7265625,5.9,4.9
2025-10-04T02:14:33,4.5,35430.7265625,5.9,4.9
2025-10-04T02:14:34,6.0,35430.7265625,5.8,4.9
2025-10-04T02:14:35,5.0,35430.7265625,5.9,4.9
2025-10-04T02:14:36,6.0,35430.7265625,5.9,4.9
2025-10-04T02:14:37,3.0,35430.7265625,5.8,4.9
2025-10-04T02:14:38,4.0,35430.7265625,5.9,4.9
2025-10-04T02:14:39,4.0,35430.7265625,5.9,4.9
2025-10-04T02:14:40,4.0,35430.7265625,5.8,4.9
2025-10-04T02:14:41,6.0,35430.7265625,5.9,4.9
2025-10-04T02:14:42,5.0,35430.7265625,5.9,4.9
2025-10-04T02:14:43,5.0,35430.7265625,5.9,4.9
2025-10-04T02:14:44,4.0,35430.7265625,5.8,4.9
2025-10-04T02:14:45,4.0,35430.7265625,5.9,4.9
2025-10-04T02:14:46,6.0,35430.7265625,5.9,4.9
2025-10-04T02:14:47,4.0,35430.7265625,5.8,4.9
2025-10-04T02:14:48,4.0,35430.7265625,5.9,4.9
2025-10-04T02:14:49,6.0,35430.7265625,5.9,4.9
2025-10-04T02:14:50,4.0,35430.7265625,5.8,4.9
2025-10-04T02:14:51,5.0,35430.7265625,5.9,4.9
2025-10-04T02:14:52,4.0,35430.7265625,5.9,4.9
2025-10-04T02:14:53,3.0,35430.7265625,5.8,4.9
2025-10-04T02:14:54,7.0,35430.7265625,5.9,4.9
2025-10-04T02:14:55,3.0,35430.7265625,5.9,4.9
2025-10-04T02:14:56,4.0,35430.7265625,5.8,4.9
2025-10-04T02:14:57,7.0,35430.7265625,5.9,4.9
2025-10-04T02:14:58,3.0,35430.7265625,5.9,4.9
2025-10-04T02:14:59,6.0,35430.7265625,5.8,4.9
2025-10-04T02:15:00,4.0,35430.7265625,5.9,4.9
2025-10-04T02:15:01,5.0,35430.7265625,5.9,4.9
2025-10-04T02:15:02,3.0,35430.7265625,5.8,4.9
2025-10-04T02:15:03,6.0,35430.7265625,5.9,4.9
2025-10-04T02:15:04,4.0,35430.7265625,5.9,4.9
2025-10-04T02:15:05,5.0,35430.7265625,5.8,4.9
2025-10-04T02:15:06,5.0,35430.7265625,5.9,4.9
2025-10-04T02:15:07,4.0,35430.7265625,5.9,4.9
2025-10-04T02:15:08,4.0,35430.7265625,5.9,4.9
2025-10-04T02:15:09,6.0,35430.7265625,5.8,4.9
2025-10-04T02:15:10,4.0,35430.7265625,5.8,4.9
2025-10-04T02:15:11,5.0,35430.7265625,5.9,4.9
2025-10-04T02:15:12,6.0,35430.7265625,5.8,4.9
2025-10-04T02:15:13,4.0,35430.7265625,5.8,4.9
2025-10-04T02:15:14,5.0,35430.7265625,5.9,4.9
2025-10-04T02:15:15,4.0,35430.7265625,5.8,4.9
2025-10-04T02:15:16,5.0,35430.7265625,5.9,4.9
2025-10-04T02:15:17,5.0,35430.7265625,5.9,4.9
2025-10-04T02:15:18,5.0,35430.7265625,5.8,4.9
2025-10-04T02:15:19,6.0,35430.7265625,5.9,4.9
2025-10-04T02:15:20,5.0,35430.7265625,5.9,4.9
2025-10-04T02:15:21,3.0,35430.7265625,5.8,4.9
2025-10-04T02:15:22,5.0,35430.7265625,5.9,4.9
2025-10-04T02:15:23,4.0,35430.7265625,5.9,4.9
2025-10-04T02:15:24,5.0,35430.7265625,5.9,4.9
2025-10-04T02:15:25,4.0,35430.7265625,5.8,4.9
2025-10-04T02:15:26,4.0,35430.7265625,5.9,4.9
2025-10-04T02:15:27,4.0,35430.7265625,5.9,4.9
2025-10-04T02:15:28,3.0,35430.7265625,5.8,4.9
2025-10-04T02:15:29,7.0,35430.7265625,5.9,4.9
2025-10-04T02:15:30,4.0,35430.7265625,5.9,4.9
2025-10-04T02:15:31,4.0,35430.7265625,5.8,4.9
2025-10-04T02:15:32,4.0,35430.7265625,5.9,4.9
2025-10-04T02:15:33,7.0,35430.7265625,5.9,4.9
2025-10-04T02:15:34,4.0,35430.7265625,5.8,4.9
2025-10-04T02:15:35,4.0,35430.7265625,5.9,4.9
2025-10-04T02:15:36,3.0,35430.7265625,5.9,4.9
2025-10-04T02:15:37,4.0,35430.7265625,5.8,4.9
2025-10-04T02:15:38,7.0,35430.7265625,5.9,4.9
2025-10-04T02:15:39,3.0,35430.7265625,5.8,4.9
2025-10-04T02:15:40,4.0,35430.7265625,5.9,4.9
2025-10-04T02:15:41,6.0,35430.7265625,5.9,4.9
2025-10-04T02:15:42,4.0,35430.7265625,5.9,4.9
2025-10-04T02:15:43,4.0,35430.7265625,5.8,4.9
2025-10-04T02:15:44,4.0,35430.7265625,5.8,4.9
2025-10-04T02:15:45,5.0,35430.7265625,5.9,4.9
2025-10-04T02:15:46,5.0,35430.7265625,5.9,4.9
2025-10-04T02:15:47,5.0,35430.7265625,5.8,4.9
2025-10-04T02:15:48,4.0,35430.7265625,5.9,4.9
2025-10-04T02:15:49,6.0,35430.7265625,5.9,4.9
2025-10-04T02:15:50,5.0,35430.7265625,5.8,4.9
2025-10-04T02:15:51,5.0,35430.7265625,5.9,4.9
2025-10-04T02:15:52,4.0,35430.7265625,5.9,4.9
2025-10-04T02:15:53,4.0,35430.7265625,5.8,4.9
2025-10-04T02:15:54,4.0,35430.7265625,5.9,4.9
2025-10-04T02:15:55,7.0,35430.7265625,5.9,4.9
2025-10-04T02:15:56,3.0,35430.7265625,5.8,4.9
2025-10-04T02:15:57,5.0,35430.7265625,5.8,4.9
2025-10-04T02:15:58,4.0,35430.7265625,5.9,4.9
2025-10-04T02:15:59,4.0,35430.7265625,5.8,4.9
2025-10-04T02:16:00,5.0,35430.7265625,5.8,4.9
2025-10-04T02:16:01,4.0,35430.7265625,5.8,4.9
2025-10-04T02:16:02,4.0,35430.7265625,5.9,4.9
2025-10-04T02:16:03,6.0,35430.7265625,5.8,4.9
2025-10-04T02:16:04,4.0,35430.7265625,5.9,4.9
2025-10-04T02:16:05,3.0,35430.7265625,5.9,4.9
2025-10-04T02:16:06,4.0,35430.7265625,5.8,4.9
2025-10-04T02:16:07,5.0,35430.7265625,5.9,4.9
2025-10-04T02:16:08,3.0,35430.7265625,5.9,4.9
2025-10-04T02:16:09,5.0,35430.7265625,5.8,4.9
2025-10-04T02:16:10,3.0,35430.7265625,5.9,4.9
2025-10-04T02:16:11,4.0,35430.7265625,5.9,4.9
2025-10-04T02:16:12,5.0,35430.7265625,5.8,4.9
2025-10-04T02:16:13,5.0,35430.7265625,5.9,4.9
2025-10-04T02:16:14,4.0,35430.7265625,5.9,4.9
2025-10-04T02:16:15,4.0,35430.7265625,5.8,4.9
2025-10-04T02:16:16,4.0,35430.7265625,5.8,4.9
2025-10-04T02:16:17,3.0,35430.7265625,5.9,4.9
2025-10-04T02:16:18,5.0,35430.7265625,5.8,4.9
2025-10-04T02:16:19,4.0,35430.7265625,5.8,4.9
2025-10-04T02:16:20,5.0,35430.7265625,5.9,4.9
2025-10-04T02:16:21,3.0,35430.7265625,5.8,4.9
2025-10-04T02:16:22,5.0,35430.7265625,5.9,4.9
2025-10-04T02:16:23,4.0,35430.7265625,5.9,4.9
2025-10-04T02:16:24,4.0,35430.7265625,5.9,4.9
2025-10-04T02:16:25,5.0,35430.7265625,5.8,4.9
2025-10-04T02:16:26,2.0,35430.7265625,5.9,4.9
2025-10-04T02:16:27,5.0,35430.7265625,5.9,4.9
2025-10-04T02:16:28,6.0,35430.7265625,5.9,4.9
2025-10-04T02:16:29,3.0,35430.7265625,5.8,4.9
2025-10-04T02:16:30,6.0,35430.7265625,5.9,4.9
2025-10-04T02:16:31,3.0,35430.7265625,5.8,4.9
2025-10-04T02:16:32,4.0,35430.7265625,5.8,4.9
2025-10-04T02:16:33,4.0,35430.7265625,5.9,4.9
2025-10-04T02:16:34,6.0,35430.7265625,5.9,4.9
2025-10-04T02:16:35,5.0,35430.7265625,5.9,4.9
2025-10-04T02:16:36,4.0,35430.7265625,5.9,4.9
2025-10-04T02:16:37,6.0,35430.7265625,5.8,4.9
2025-10-04T02:16:38,4.0,35430.7265625,5.9,4.9
2025-10-04T02:16:39,4.0,35430.7265625,5.9,4.9
2025-10-04T02:16:40,5.0,35430.7265625,5.8,4.9
2025-10-04T02:16:41,3.0,35430.7265625,5.8,4.9
2025-10-04T02:16:42,5.0,35430.7265625,5.9,4.9
2025-10-04T02:16:43,4.0,35430.7265625,5.9,4.9
2025-10-04T02:16:44,4.0,35430.7265625,5.8,4.9
2025-10-04T02:16:45,6.0,35430.7265625,5.9,4.9
2025-10-04T02:16:46,4.0,35430.7265625,5.9,4.9
2025-10-04T02:16:47,4.0,35430.7265625,5.8,4.9
2025-10-04T02:16:48,3.0,35430.7265625,5.9,4.9
2025-10-04T02:16:49,5.0,35430.7265625,5.9,4.9
2025-10-04T02:16:50,4.0,35430.7265625,5.8,4.9
2025-10-04T02:16:51,5.0,35430.7265625,5.9,4.9
2025-10-04T02:16:52,5.0,35430.7265625,5.9,4.9
2025-10-04T02:16:53,4.0,35430.7265625,5.8,4.9
2025-10-04T02:16:54,5.0,35430.7265625,5.9,4.9
2025-10-04T02:16:55,4.0,35430.7265625,5.9,4.9
2025-10-04T02:16:56,4.0,35430.7265625,5.8,4.9
2025-10-04T02:16:57,4.0,35430.7265625,5.9,4.9
2025-10-04T02:16:58,6.0,35430.7265625,5.9,4.9
2025-10-04T02:16:59,4.0,35430.7265625,5.8,4.9
2025-10-04T02:17:00,4.0,35430.7265625,5.8,4.9
2025-10-04T02:17:01,3.0,35430.7265625,5.9,4.9
2025-10-04T02:17:02,6.0,35430.7265625,6.0,4.9
2025-10-04T02:17:03,5.0,35430.7265625,5.8,4.9
2025-10-04T02:17:04,4.0,35430.7265625,5.9,4.9
2025-10-04T02:17:05,5.0,35430.7265625,5.9,4.9
2025-10-04T02:17:06,5.0,35430.7265625,5.8,4.9
2025-10-04T02:17:07,5.0,35430.7265625,5.9,4.9
2025-10-04T02:17:08,4.0,35430.7265625,5.9,4.9
2025-10-04T02:17:09,5.0,35430.7265625,5.8,4.9
2025-10-04T02:17:10,4.0,35430.7265625,5.9,4.9
2025-10-04T02:17:11,4.0,35430.7265625,5.9,4.9
2025-10-04T02:17:12,5.0,35430.7265625,5.8,4.9
2025-10-04T02:17:13,4.0,35430.7265625,5.8,4.9
2025-10-04T02:17:14,4.0,35430.7265625,5.9,4.9
2025-10-04T02:17:15,5.0,35430.7265625,5.8,4.9
2025-10-04T02:17:16,5.0,35430.7265625,5.9,4.9
2025-10-04T02:17:17,5.0,35430.7265625,5.9,4.9
2025-10-04T02:17:18,6.0,35430.7265625,5.9,4.9
2025-10-04T02:17:19,5.0,35430.7265625,5.8,4.9
2025-10-04T02:17:20,4.0,35430.7265625,5.9,4.9
2025-10-04T02:17:21,4.0,35430.7265625,5.8,4.9
2025-10-04T02:17:22,5.0,35430.7265625,5.8,4.9
2025-10-04T02:17:23,4.0,35430.7265625,5.9,4.9
2025-10-04T02:17:24,4.0,35430.7265625,5.9,4.9
2025-10-04T02:17:25,7.0,35430.7265625,5.8,4.9
2025-10-04T02:17:26,5.0,35430.7265625,5.9,4.9
2025-10-04T02:17:27,3.0,35430.7265625,5.9,4.9
2025-10-04T02:17:28,6.0,35430.7265625,5.8,4.9
2025-10-04T02:17:29,6.0,35430.7265625,5.9,4.9
2025-10-04T02:17:30,4.0,35430.7265625,5.9,4.9
2025-10-04T02:17:31,5.0,35430.7265625,5.8,4.9
2025-10-04T02:17:32,6.0,35430.7265625,5.9,4.9
2025-10-04T02:17:33,5.0,35430.7265625,5.9,4.9
2025-10-04T02:17:34,3.0,35430.7265625,5.8,4.9
2025-10-04T02:17:35,5.0,35430.7265625,5.8,4.9
2025-10-04T02:17:36,5.0,35430.7265625,5.9,4.9
2025-10-04T02:17:37,4.0,35430.7265625,5.8,4.9
2025-10-04T02:17:38,4.0,35430.7265625,5.9,4.9
2025-10-04T02:17:39,6.0,35430.7265625,5.9,4.9
2025-10-04T02:17:40,5.0,35430.7265625,5.9,4.9
2025-10-04T02:17:41,4.0,35430.7265625,5.8,4.9
2025-10-04T02:17:42,5.0,35430.7265625,5.9,4.9
2025-10-04T02:17:43,5.0,35430.7265625,5.8,4.9
2025-10-04T02:17:44,3.0,35430.7265625,5.8,4.9
2025-10-04T02:17:45,6.0,35430.7265625,5.9,4.9
2025-10-04T02:17:46,4.0,35430.7265625,5.8,4.9
2025-10-04T02:17:47,5.0,35430.7265625,5.8,4.9
2025-10-04T02:17:48,4.0,35430.7265625,5.9,4.9
2025-10-04T02:17:49,5.0,35430.7265625,5.9,4.9
2025-10-04T02:17:50,5.0,35430.7265625,5.8,4.9
2025-10-04T02:17:51,7.0,35430.7265625,5.9,4.9
2025-10-04T02:17:52,3.0,35430.7265625,5.8,4.9
2025-10-04T02:17:53,4.0,35430.7265625,5.8,4.9
2025-10-04T02:17:54,5.0,35430.7265625,5.9,4.9
2025-10-04T02:17:55,4.0,35430.7265625,5.9,4.9
2025-10-04T02:17:56,5.0,35430.7265625,5.9,4.9
2025-10-04T02:17:57,5.0,35430.7265625,5.8,4.9
2025-10-04T02:17:58,6.0,35430.7265625,5.9,4.9
2025-10-04T02:17:59,4.0,35430.7265625,5.8,4.9
2025-10-04T02:18:00,4.0,35430.7265625,5.8,4.9
2025-10-04T02:18:01,5.0,35430.7265625,5.9,4.9
2025-10-04T02:18:02,5.0,35430.7265625,5.9,4.9
2025-10-04T02:18:03,4.0,35430.7265625,5.8,4.9
2025-10-04T02:18:04,3.0,35430.7265625,5.9,4.9
2025-10-04T02:18:05,7.0,35430.7265625,5.9,4.9
2025-10-04T02:18:06,4.0,35430.7265625,5.8,4.9
2025-10-04T02:18:07,5.0,35430.7265625,5.9,4.9
2025-10-04T02:18:08,3.0,35430.7265625,5.9,4.9
2025-10-04T02:18:09,5.0,35430.7265625,5.8,4.9
2025-10-04T02:18:10,4.0,35430.7265625,5.9,4.9
2025-10-04T02:18:11,4.0,35430.7265625,5.9,4.9
2025-10-04T02:18:12,6.0,35430.7265625,5.8,4.9
2025-10-04T02:18:13,4.0,35430.7265625,5.9,4.9
2025-10-04T02:18:14,5.0,35430.7265625,5.9,4.9
2025-10-04T02:18:15,5.0,35430.7265625,5.8,4.9
2025-10-04T02:18:16,5.0,35430.7265625,5.9,4.9
2025-10-04T02:18:17,4.0,35430.7265625,5.9,4.9
2025-10-04T02:18:18,4.0,35430.7265625,5.8,4.9
2025-10-04T02:18:19,4.0,35430.7265625,5.8,4.9
2025-10-04T02:18:20,5.0,35430.7265625,5.9,4.9
2025-10-04T02:18:21,4.0,35430.7265625,5.8,4.9
2025-10-04T02:18:22,5.0,35430.7265625,5.9,4.9
2025-10-04T02:18:23,5.0,35430.7265625,5.9,4.9
2025-10-04T02:18:24,5.0,35430.7265625,5.9,4.9
2025-10-04T02:18:25,5.0,35430.7265625,5.8,4.9
2025-10-04T02:18:26,3.0,35430.7265625,5.9,4.9
2025-10-04T02:18:27,5.0,35430.7265625,5.9,4.9
2025-10-04T02:18:28,4.0,35430.7265625,5.9,4.9
2025-10-04T02:18:29,5.0,35430.7265625,5.9,4.9
2025-10-04T02:18:30,5.0,35430.7265625,5.9,4.9
2025-10-04T02:18:31,5.0,35430.7265625,5.8,4.9
2025-10-04T02:18:32,5.0,35430.7265625,5.9,4.9
2025-10-04T02:18:33,5.0,35430.7265625,5.9,4.9
2025-10-04T02:18:34,3.0,35430.7265625,5.8,4.9
2025-10-04T02:18:35,5.0,35430.7265625,5.9,4.9
2025-10-04T02:18:36,5.0,35430.7265625,5.9,4.9
2025-10-04T02:18:37,4.0,35430.7265625,5.8,4.9
2025-10-04T02:18:38,6.0,35430.7265625,5.9,4.9
2025-10-04T02:18:39,20.0,35430.7265625,5.9,4.9
2025-10-04T02:18:40,4.0,35430.7265625,5.8,4.9
2025-10-04T02:18:41,4.0,35430.7265625,5.9,4.9
2025-10-04T02:18:42,4.0,35430.7265625,5.9,4.9
2025-10-04T02:18:43,6.0,35430.7265625,5.9,4.9
2025-10-04T02:18:44,5.0,35430.7265625,5.8,4.9
2025-10-04T02:18:45,4.0,35430.7265625,5.9,4.9
2025-10-04T02:18:46,6.0,35430.7265625,5.9,4.9
2025-10-04T02:18:47,2.0,35430.7265625,5.8,4.9
2025-10-04T02:18:48,5.0,35430.7265625,5.9,4.9
2025-10-04T02:18:49,4.0,35430.7265625,5.9,4.9
2025-10-04T02:18:50,6.0,35430.7265625,5.8,4.9
2025-10-04T02:18:51,5.0,35430.7265625,5.9,4.9
2025-10-04T02:18:52,4.0,35430.7265625,5.9,4.9
2025-10-04T02:18:53,5.0,35430.7265625,5.9,4.9
2025-10-04T02:18:54,4.0,35430.7265625,5.9,4.9
2025-10-04T02:18:55,4.0,35430.7265625,5.9,4.9
2025-10-04T02:18:56,4.0,35430.7265625,5.9,4.9
2025-10-04T02:18:57,6.0,35430.7265625,5.9,4.9
2025-10-04T02:18:58,4.0,35430.7265625,5.9,4.9
2025-10-04T02:18:59,6.0,35430.7265625,5.8,4.9
2025-10-04T02:19:00,4.0,35430.7265625,5.9,4.9
2025-10-04T02:19:01,5.0,35430.7265625,5.9,4.9
2025-10-04T02:19:02,4.0,35430.7265625,5.9,4.9
2025-10-04T02:19:03,3.0,35430.7265625,5.8,4.9
2025-10-04T02:19:04,6.0,35430.7265625,5.9,4.9
2025-10-04T02:19:05,4.0,35430.7265625,5.9,4.9
2025-10-04T02:19:06,4.0,35430.7265625,5.8,4.9
2025-10-04T02:19:07,5.0,35430.7265625,5.9,4.9
2025-10-04T02:19:08,4.0,35430.7265625,5.9,4.9
2025-10-04T02:19:09,4.0,35430.7265625,5.8,4.9
2025-10-04T02:19:10,5.0,35430.7265625,5.9,4.9
2025-10-04T02:19:11,4.0,35430.7265625,5.9,4.9
2025-10-04T02:19:12,3.0,35430.7265625,5.8,4.9
2025-10-04T02:19:13,5.0,35430.7265625,5.9,4.9
2025-10-04T02:19:14,5.0,35430.7265625,5.9,4.9
2025-10-04T02:19:15,4.0,35430.7265625,5.8,4.9
2025-10-04T02:19:16,4.0,35430.7265625,5.9,4.9
2025-10-04T02:19:17,4.0,35430.7265625,5.9,4.9
2025-10-04T02:19:18,5.0,35430.7265625,5.9,4.9
2025-10-04T02:19:19,4.0,35430.7265625,5.8,4.9
2025-10-04T02:19:20,5.0,35430.7265625,5.9,4.9
2025-10-04T02:19:21,5.0,35430.7265625,5.8,4.9
2025-10-04T02:19:22,4.0,35430.7265625,5.8,4.9
2025-10-04T02:19:23,4.0,35430.7265625,5.8,4.9
2025-10-04T02:19:24,4.0,35430.7265625,5.9,4.9
2025-10-04T02:19:25,5.0,35430.7265625,5.8,4.9
2025-10-04T02:19:26,5.0,35430.7265625,5.9,4.9
2025-10-04T02:19:27,4.0,35430.7265625,5.9,4.9
2025-10-04T02:19:28,5.0,35430.7265625,5.8,4.9
2025-10-04T02:19:29,5.0,35430.7265625,5.9,4.9
2025-10-04T02:19:30,3.0,35430.7265625,5.8,4.9
2025-10-04T02:19:31,5.0,35430.7265625,5.8,4.9
2025-10-04T02:19:32,3.0,35430.7265625,5.8,4.9
2025-10-04T02:19:33,6.0,35430.7265625,5.9,4.9
2025-10-04T02:19:34,5.0,35430.7265625,5.8,4.9
2025-10-04T02:19:35,5.0,35430.7265625,5.9,4.9
2025-10-04T02:19:36,4.0,35430.7265625,5.9,4.9
2025-10-04T02:19:37,5.0,35430.7265625,5.8,4.9
2025-10-04T02:19:38,4.0,35430.7265625,5.8,4.9
2025-10-04T02:19:39,4.0,35430.7265625,5.9,4.9
2025-10-04T02:19:40,5.0,35430.7265625,5.8,4.9
2025-10-04T02:19:41,6.0,35430.7265625,5.9,4.9
2025-10-04T02:19:42,5.0,35430.7265625,5.9,4.9
2025-10-04T02:19:43,4.0,35430.7265625,5.9,4.9
2025-10-04T02:19:44,5.0,35430.7265625,5.8,4.9
2025-10-04T02:19:45,4.0,35430.7265625,5.9,4.9
2025-10-04T02:19:46,4.0,35430.7265625,5.9,4.9
2025-10-04T02:19:47,7.0,35430.7265625,5.9,4.9
2025-10-04T02:19:48,4.0,35430.7265625,5.9,4.9
2025-10-04T02:19:49,5.0,35430.7265625,5.9,4.9
2025-10-04T02:19:50,4.0,35430.7265625,5.8,4.9
2025-10-04T02:19:51,5.0,35430.7265625,5.9,4.9
2025-10-04T02:19:52,4.0,35430.7265625,5.9,4.9
2025-10-04T02:19:53,5.0,35430.7265625,5.8,4.9
2025-10-04T02:19:54,6.0,35430.7265625,5.9,4.9
2025-10-04T02:19:55,5.0,35430.7265625,5.9,4.9
2025-10-04T02:19:56,5.0,35430.7265625,5.8,4.9
2025-10-04T02:19:57,5.0,35430.7265625,5.9,4.9
2025-10-04T02:19:58,3.0,35430.7265625,5.9,4.9
2025-10-04T02:19:59,4.0,35430.7265625,5.8,4.9
2025-10-04T02:20:00,6.0,35430.7265625,5.9,4.9
2025-10-04T02:20:01,6.0,35430.7265625,5.9,4.9
2025-10-04T02:20:02,4.0,35430.7265625,5.9,4.9
2025-10-04T02:20:03,4.0,35430.7265625,5.8,4.9
2025-10-04T02:20:04,5.0,35430.7265625,5.9,4.9
2025-10-04T02:20:05,3.0,35430.7265625,5.8,4.9
2025-10-04T02:20:06,4.0,35430.7265625,5.8,4.9
2025-10-04T02:20:07,6.0,35430.7265625,5.9,4.9
2025-10-04T02:20:08,5.0,35430.7265625,5.9,4.9
2025-10-04T02:20:09,5.0,35430.7265625,5.8,4.9
2025-10-04T02:20:10,4.0,35430.7265625,5.9,4.9
2025-10-04T02:20:11,4.0,35430.7265625,5.8,4.9
2025-10-04T02:20:12,5.0,35430.7265625,5.9,4.9
2025-10-04T02:20:13,3.0,35430.7265625,5.8,4.9
2025-10-04T02:20:14,4.0,35430.7265625,5.9,4.9
2025-10-04T02:20:15,5.0,35430.7265625,5.9,4.9
2025-10-04T02:20:16,5.0,35430.7265625,5.9,4.9
2025-10-04T02:20:17,4.0,35430.7265625,5.9,4.9
2025-10-04T02:20:18,4.0,35430.7265625,5.9,4.9
2025-10-04T02:20:19,5.0,35430.7265625,5.8,4.9
2025-10-04T02:20:20,4.0,35430.7265625,5.9,4.9
2025-10-04T02:20:21,5.0,35430.7265625,5.9,4.9
2025-10-04T02:20:22,4.0,35430.7265625,5.8,4.9
2025-10-04T02:20:23,6.0,35430.7265625,5.9,4.9
2025-10-04T02:20:24,5.0,35430.7265625,5.9,4.9
2025-10-04T02:20:25,4.0,35430.7265625,5.8,4.9
2025-10-04T02:20:26,4.0,35430.7265625,5.9,4.9
2025-10-04T02:20:27,5.0,35430.7265625,5.9,4.9
2025-10-04T02:20:28,4.0,35430.7265625,5.8,4.9
2025-10-04T02:20:29,6.0,35430.7265625,5.9,4.9
2025-10-04T02:20:30,4.0,35430.7265625,5.9,4.9
2025-10-04T02:20:31,4.0,35430.7265625,5.9,4.9
2025-10-04T02:20:32,5.0,35430.7265625,5.9,4.9
2025-10-04T02:20:33,5.0,35430.7265625,5.9,4.9
2025-10-04T02:20:34,4.0,35430.7265625,5.8,4.9
2025-10-04T02:20:35,6.0,35430.7265625,5.9,4.9
2025-10-04T02:20:36,4.0,35430.7265625,5.9,4.9
2025-10-04T02:20:37,4.0,35430.7265625,5.8,4.9
2025-10-04T02:20:38,3.0,35430.7265625,5.8,4.9
2025-10-04T02:20:39,6.0,35430.7265625,5.9,4.9
2025-10-04T02:20:40,3.0,35430.7265625,5.9,4.9
2025-10-04T02:20:41,6.0,35430.7265625,5.8,4.9
2025-10-04T02:20:42,5.0,35430.7265625,5.9,4.9
2025-10-04T02:20:43,4.0,35430.7265625,5.9,4.9
2025-10-04T02:20:44,4.0,35430.7265625,5.8,4.9
2025-10-04T02:20:45,4.0,35430.7265625,5.9,4.9
2025-10-04T02:20:46,6.0,35430.7265625,5.9,4.9
2025-10-04T02:20:47,4.0,35430.7265625,5.8,4.9
2025-10-04T02:20:48,4.0,35430.7265625,5.9,4.9
2025-10-04T02:20:49,5.0,35430.7265625,5.9,4.9
2025-10-04T02:20:50,5.0,35430.7265625,5.8,4.9
2025-10-04T02:20:51,4.0,35430.7265625,5.8,4.9
2025-10-04T02:20:52,5.0,35430.7265625,5.9,4.9
2025-10-04T02:20:53,4.0,35430.7265625,5.8,4.9
2025-10-04T02:20:54,5.0,35430.7265625,5.8,4.9
2025-10-04T02:20:55,4.0,35430.7265625,5.9,4.9
2025-10-04T02:20:56,3.0,35430.7265625,5.8,4.9
2025-10-04T02:20:57,6.0,35430.7265625,5.9,4.9
2025-10-04T02:20:58,2.0,35430.7265625,5.9,4.9
2025-10-04T02:20:59,5.0,35430.7265625,5.9,4.9
2025-10-04T02:21:00,4.0,35430.7265625,5.8,4.9
2025-10-04T02:21:01,6.0,35430.7265625,5.9,4.9
2025-10-04T02:21:02,2.0,35430.7265625,5.8,4.9
2025-10-04T02:21:03,3.0,35430.7265625,5.8,4.9
2025-10-04T02:21:04,5.0,35430.7265625,5.9,4.9
2025-10-04T02:21:05,5.0,35430.7265625,5.9,4.9
2025-10-04T02:21:06,3.0,35430.7265625,5.8,4.9
2025-10-04T02:21:07,5.0,35430.7265625,5.9,4.9
2025-10-04T02:21:08,4.0,35430.7265625,5.9,4.9
2025-10-04T02:21:09,4.0,35430.7265625,5.8,4.9
2025-10-04T02:21:10,5.0,35430.7265625,5.9,4.9
2025-10-04T02:21:11,3.0,35430.7265625,5.8,4.9
2025-10-04T02:21:12,6.0,35430.7265625,5.8,4.9
2025-10-04T02:21:13,4.0,35430.7265625,5.9,4.9
2025-10-04T02:21:14,3.0,35430.7265625,5.9,4.9
2025-10-04T02:21:15,5.0,35430.7265625,5.8,4.9
2025-10-04T02:21:16,5.0,35430.7265625,5.9,4.9
2025-10-04T02:21:17,3.0,35430.7265625,5.9,4.9
2025-10-04T02:21:18,5.0,35430.7265625,5.9,4.9
2025-10-04T02:21:19,6.0,35430.7265625,5.9,4.9
2025-10-04T02:21:20,3.0,35430.7265625,5.9,4.9
2025-10-04T02:21:21,5.0,35430.7265625,5.8,4.9
2025-10-04T02:21:22,4.0,35430.7265625,5.9,4.9
2025-10-04T02:21:23,5.0,35430.7265625,5.9,4.9
2025-10-04T02:21:24,5.0,35430.7265625,5.9,4.9
2025-10-04T02:21:25,4.0,35430.7265625,5.8,4.9
2025-10-04T02:21:26,5.0,35430.7265625,5.9,4.9
2025-10-04T02:21:27,4.0,35430.7265625,5.9,4.9
2025-10-04T02:21:28,4.0,35430.7265625,5.8,4.9
2025-10-04T02:21:29,7.0,35430.7265625,5.9,4.9
2025-10-04T02:21:30,4.0,35430.7265625,5.9,4.9
2025-10-04T02:21:31,5.0,35430.7265625,5.8,4.9
2025-10-04T02:21:32,5.0,35430.7265625,5.9,4.9
2025-10-04T02:21:33,6.0,35430.7265625,5.9,4.9
2025-10-04T02:21:34,4.0,35430.7265625,5.8,4.9
2025-10-04T02:21:35,4.0,35430.7265625,5.9,4.9
2025-10-04T02:21:36,4.0,35430.7265625,5.9,4.9
2025-10-04T02:21:37,6.0,35430.7265625,5.9,4.9
2025-10-04T02:21:38,5.0,35430.7265625,5.9,4.9
2025-10-04T02:21:39,4.0,35430.7265625,5.9,4.9
2025-10-04T02:21:40,4.0,35430.7265625,5.8,4.9
2025-10-04T02:21:41,4.0,35430.7265625,5.8,4.9
2025-10-04T02:21:42,5.0,35430.7265625,5.9,4.9
2025-10-04T02:21:43,4.0,35430.7265625,5.9,4.9
2025-10-04T02:21:44,5.0,35430.7265625,5.8,4.9
2025-10-04T02:21:45,5.0,35430.7265625,5.9,4.9
2025-10-04T02:21:46,6.0,35430.7265625,5.9,4.9
2025-10-04T02:21:47,3.0,35430.7265625,5.8,4.9
2025-10-04T02:21:48,4.0,35430.7265625,5.9,4.9
2025-10-04T02:21:49,4.0,35430.7265625,5.9,4.9
2025-10-04T02:21:50,5.0,35430.7265625,5.8,4.9
2025-10-04T02:21:51,3.0,35430.7265625,5.9,4.9
2025-10-04T02:21:52,4.0,35430.7265625,5.9,4.9
2025-10-04T02:21:53,4.0,35430.7265625,5.8,4.9
2025-10-04T02:21:54,5.0,35430.7265625,5.9,4.9
2025-10-04T02:21:55,4.0,35430.7265625,5.9,4.9
2025-10-04T02:21:56,4.0,35430.7265625,5.9,4.9
2025-10-04T02:21:57,4.0,35430.7265625,5.8,4.9
2025-10-04T02:21:58,5.0,35430.7265625,5.9,4.9
2025-10-04T02:21:59,5.0,35430.7265625,5.8,4.9
2025-10-04T02:22:00,4.0,35430.7265625,5.8,4.9
2025-10-04T02:22:01,3.0,35430.7265625,5.9,4.9
2025-10-04T02:22:02,4.0,35430.7265625,5.9,4.9
2025-10-04T02:22:03,5.0,35430.7265625,5.8,4.9
2025-10-04T02:22:04,4.0,35430.7265625,5.9,4.9
2025-10-04T02:22:05,4.0,35430.7265625,5.9,4.9
2025-10-04T02:22:06,5.0,35430.7265625,5.8,4.9
2025-10-04T02:22:07,4.0,35430.7265625,5.9,4.9
2025-10-04T02:22:08,3.0,35430.7265625,5.8,4.9
2025-10-04T02:22:09,5.0,35430.7265625,5.8,4.9
2025-10-04T02:22:10,5.0,35430.7265625,5.9,4.9
2025-10-04T02:22:11,4.0,35430.7265625,5.9,4.9
2025-10-04T02:22:12,5.0,35430.7265625,5.8,4.9
2025-10-04T02:22:13,5.0,35430.7265625,5.9,4.9
2025-10-04T02:22:14,4.0,35430.7265625,5.9,4.9
2025-10-04T02:22:15,5.0,35430.7265625,5.8,4.9
2025-10-04T02:22:16,4.0,35430.7265625,5.8,4.9
2025-10-04T02:22:17,5.0,35430.7265625,5.9,4.9
2025-10-04T02:22:18,4.0,35430.7265625,5.9,4.9
2025-10-04T02:22:19,4.0,35430.7265625,5.9,4.9
2025-10-04T02:22:20,6.0,35430.7265625,5.9,4.9
2025-10-04T02:22:21,5.0,35430.7265625,5.8,4.9
2025-10-04T02:22:22,4.0,35430.7265625,5.8,4.9
2025-10-04T02:22:23,5.0,35430.7265625,5.9,4.9
2025-10-04T02:22:24,5.0,35430.7265625,5.9,4.9
2025-10-04T02:22:25,4.0,35430.7265625,5.8,4.9
2025-10-04T02:22:26,4.0,35430.7265625,5.9,4.9
2025-10-04T02:22:27,6.0,35430.7265625,5.9,4.9
2025-10-04T02:22:28,6.0,35430.7265625,5.8,4.9
2025-10-04T02:22:29,3.0,35430.7265625,6.0,4.9
2025-10-04T02:22:30,5.0,35430.7265625,5.9,4.9
2025-10-04T02:22:31,5.0,35430.7265625,5.8,4.9
2025-10-04T02:22:32,4.0,35430.7265625,5.9,4.9
2025-10-04T02:22:33,3.0,35430.7265625,5.9,4.9
2025-10-04T02:22:34,5.0,35430.7265625,5.8,4.9
2025-10-04T02:22:35,4.0,35430.7265625,5.9,4.9
2025-10-04T02:22:36,6.0,35430.7265625,5.9,4.9
2025-10-04T02:22:37,5.0,35430.7265625,5.8,4.9
2025-10-04T02:22:38,4.0,35430.7265625,5.9,4.9
2025-10-04T02:22:39,4.0,35430.7265625,5.9,4.9
2025-10-04T02:22:40,5.0,35430.7265625,5.8,4.9
2025-10-04T02:22:41,4.0,35430.7265625,5.8,4.9
2025-10-04T02:22:42,3.0,35430.7265625,5.9,4.9
2025-10-04T02:22:43,6.0,35430.7265625,5.9,4.9
2025-10-04T02:22:44,5.0,35430.7265625,5.8,4.9
2025-10-04T02:22:45,5.0,35430.7265625,5.9,4.9
2025-10-04T02:22:46,4.0,35430.7265625,5.9,4.9
2025-10-04T02:22:47,19.0,35430.7265625,5.9,4.9
2025-10-04T02:22:48,4.0,35430.7265625,5.9,4.9
2025-10-04T02:22:49,5.0,35430.7265625,5.9,4.9
2025-10-04T02:22:50,5.0,35430.7265625,5.8,4.9
2025-10-04T02:22:51,6.0,35430.7265625,5.8,4.9
2025-10-04T02:22:52,4.0,35430.7265625,5.9,4.9
2025-10-04T02:22:53,3.0,35430.7265625,5.8,4.9
2025-10-04T02:22:54,4.0,35430.7265625,5.8,4.9
2025-10-04T02:22:55,5.0,35430.7265625,5.9,4.9
2025-10-04T02:22:56,4.0,35430.7265625,5.9,4.9
2025-10-04T02:22:57,5.0,35430.7265625,5.8,4.9
2025-10-04T02:22:58,4.0,35430.7265625,5.9,4.9
2025-10-04T02:22:59,6.0,35430.7265625,5.9,4.9
2025-10-04T02:23:00,4.0,35430.7265625,5.8,4.9
2025-10-04T02:23:01,5.0,35430.7265625,5.9,4.9
2025-10-04T02:23:02,4.0,35430.7265625,5.9,4.9
2025-10-04T02:23:03,5.0,35430.7265625,5.8,4.9
2025-10-04T02:23:04,5.0,35430.7265625,5.9,4.9
2025-10-04T02:23:05,3.0,35430.7265625,5.9,4.9
2025-10-04T02:23:06,5.0,35430.7265625,5.8,4.9
2025-10-04T02:23:07,6.0,35430.7265625,5.9,4.9
2025-10-04T02:23:08,6.0,35430.7265625,5.9,4.9
2025-10-04T02:23:09,4.0,35430.7265625,5.8,4.9
2025-10-04T02:23:10,5.0,35430.7265625,5.9,4.9
2025-10-04T02:23:11,5.0,35430.7265625,5.9,4.9
2025-10-04T02:23:12,3.0,35430.7265625,5.8,4.9
2025-10-04T02:23:13,6.0,35430.7265625,5.9,4.9
2025-10-04T02:23:14,5.0,35430.7265625,5.9,4.9
2025-10-04T02:23:15,5.0,35430.7265625,5.8,4.9
2025-10-04T02:23:16,4.0,35430.7265625,5.9,4.9
2025-10-04T02:23:17,7.0,35430.7265625,5.9,4.9
2025-10-04T02:23:18,4.0,35430.7265625,5.8,4.9
2025-10-04T02:23:19,3.0,35430.7265625,5.8,4.9
2025-10-04T02:23:20,5.0,35430.7265625,5.9,4.9
2025-10-04T02:23:21,4.0,35430.7265625,5.9,4.9
2025-10-04T02:23:22,5.0,35430.7265625,5.8,4.9
2025-10-04T02:23:23,6.0,35430.7265625,5.9,4.9
2025-10-04T02:23:24,6.0,35430.7265625,5.9,4.9
2025-10-04T02:23:25,3.0,35430.7265625,5.8,4.9
2025-10-04T02:23:26,5.0,35430.7265625,5.9,4.9
2025-10-04T02:23:27,4.0,35430.7265625,5.9,4.9
2025-10-04T02:23:28,4.0,35430.7265625,5.9,4.9
2025-10-04T02:23:29,3.0,35430.7265625,5.8,4.9
2025-10-04T02:23:30,7.0,35430.7265625,5.9,4.9
2025-10-04T02:23:31,4.0,35430.7265625,5.8,4.9
2025-10-04T02:23:32,4.0,35430.7265625,5.8,4.9
2025-10-04T02:23:33,4.0,35430.7265625,5.9,4.9
2025-10-04T02:23:34,6.0,35430.7265625,5.9,4.9
2025-10-04T02:23:35,3.0,35430.7265625,5.8,4.9
2025-10-04T02:23:36,3.0,35430.7265625,5.9,4.9
2025-10-04T02:23:37,5.0,35430.7265625,5.9,4.9
2025-10-04T02:23:38,6.0,35430.7265625,5.9,4.9
2025-10-04T02:23:39,5.0,35430.7265625,5.9,4.9
2025-10-04T02:23:40,4.0,35430.7265625,5.9,4.9
2025-10-04T02:23:41,3.0,35430.7265625,5.8,4.9
2025-10-04T02:23:42,5.0,35430.7265625,5.9,4.9
2025-10-04T02:23:43,5.0,35430.7265625,5.9,4.9
2025-10-04T02:23:44,5.0,35430.7265625,5.8,4.9
2025-10-04T02:23:45,4.0,35430.7265625,5.9,4.9
2025-10-04T02:23:46,6.0,35430.7265625,5.9,4.9
2025-10-04T02:23:47,3.0,35430.7265625,5.8,4.9
2025-10-04T02:23:48,6.0,35430.7265625,5.9,4.9
2025-10-04T02:23:49,5.0,35430.7265625,5.9,4.9
2025-10-04T02:23:50,5.0,35430.7265625,5.9,4.9
2025-10-04T02:23:51,5.0,35430.7265625,5.9,4.9
2025-10-04T02:23:52,5.0,35430.7265625,5.9,4.9
2025-10-04T02:23:53,3.0,35430.7265625,5.8,4.9
2025-10-04T02:23:54,4.0,35430.7265625,5.8,4.9
2025-10-04T02:23:55,5.0,35430.7265625,5.9,4.9
2025-10-04T02:23:56,4.0,35430.7265625,5.9,4.9
2025-10-04T02:23:57,4.0,35430.7265625,5.8,4.9
2025-10-04T02:23:58,5.0,35430.7265625,5.9,4.9
2025-10-04T02:23:59,4.0,35430.7265625,5.9,4.9
2025-10-04T02:24:00,4.0,35430.7265625,5.8,4.9
2025-10-04T02:24:01,4.0,35430.7265625,5.9,4.9
2025-10-04T02:24:02,5.0,35430.7265625,5.9,4.9
2025-10-04T02:24:03,5.0,35430.7265625,5.8,4.9
2025-10-04T02:24:04,3.0,35430.7265625,5.8,4.9
2025-10-04T02:24:05,3.0,35430.7265625,5.9,4.9
2025-10-04T02:24:06,4.0,35430.7265625,5.8,4.9
2025-10-04T02:24:07,5.0,35430.7265625,5.9,4.9
2025-10-04T02:24:08,4.0,35430.7265625,5.9,4.9
2025-10-04T02:24:09,6.0,35430.7265625,5.9,4.9
2025-10-04T02:24:10,4.0,35430.7265625,5.8,4.9
2025-10-04T02:24:11,3.0,35430.7265625,5.9,4.9
2025-10-04T02:24:12,5.0,35430.7265625,5.9,4.9
2025-10-04T02:24:13,4.0,35430.7265625,5.8,4.9
2025-10-04T02:24:14,4.0,35430.7265625,5.9,4.9
2025-10-04T02:24:15,4.0,35430.7265625,5.9,4.9
2025-10-04T02:24:16,4.0,35430.7265625,5.8,4.9
2025-10-04T02:24:17,5.0,35430.7265625,5.8,4.9
2025-10-04T02:24:18,6.0,35430.7265625,5.9,4.9
2025-10-04T02:24:19,4.0,35430.7265625,5.8,4.9
2025-10-04T02:24:20,6.0,35430.7265625,5.9,4.9
2025-10-04T02:24:21,3.0,35430.7265625,5.9,4.9
2025-10-04T02:24:22,3.0,35430.7265625,5.8,4.9
2025-10-04T02:24:23,7.0,35430.7265625,5.9,4.9
2025-10-04T02:24:24,2.0,35430.7265625,5.8,4.9
2025-10-04T02:24:25,4.0,35430.7265625,5.8,4.9
2025-10-04T02:24:26,5.0,35430.7265625,5.9,4.9
2025-10-04T02:24:27,4.0,35430.7265625,5.9,4.9
2025-10-04T02:24:28,5.0,35430.7265625,5.9,4.9
2025-10-04T02:24:29,5.0,35430.7265625,5.9,4.9
2025-10-04T02:24:30,4.0,35430.7265625,5.9,4.9
2025-10-04T02:24:31,3.0,35430.7265625,5.9,4.9
2025-10-04T02:24:32,5.0,35430.7265625,5.8,4.9
2025-10-04T02:24:33,7.0,35430.7265625,5.9,4.9
2025-10-04T02:24:34,3.0,35430.7265625,5.9,4.9
2025-10-04T02:24:35,4.0,35430.7265625,5.8,4.9
2025-10-04T02:24:36,5.0,35430.7265625,5.9,4.9
2025-10-04T02:24:37,5.0,35430.7265625,5.9,4.9
2025-10-04T02:24:38,3.0,35430.7265625,5.8,4.9
2025-10-04T02:24:39,6.0,35430.7265625,5.9,4.9
2025-10-04T02:24:40,4.0,35430.7265625,5.9,4.9
2025-10-04T02:24:41,4.0,35430.7265625,5.8,4.9
2025-10-04T02:24:42,5.0,35430.7265625,5.9,4.9
2025-10-04T02:24:43,5.0,35430.7265625,5.9,4.9
2025-10-04T02:24:44,4.0,35430.7265625,5.8,4.9
2025-10-04T02:24:45,4.0,35430.7265625,5.8,4.9
2025-10-04T02:24:46,5.0,35430.7265625,5.9,4.9
2025-10-04T02:24:47,5.0,35430.7265625,5.8,4.9
2025-10-04T02:24:48,4.0,35430.7265625,5.9,4.9
2025-10-04T02:24:49,4.0,35430.7265625,5.9,4.9
2025-10-04T02:24:50,4.0,35430.7265625,5.9,4.9
2025-10-04T02:24:51,5.0,35430.7265625,5.8,4.9
2025-10-04T02:24:52,4.0,35430.7265625,5.9,4.9
2025-10-04T02:24:53,5.0,35430.7265625,5.9,4.9
2025-10-04T02:24:54,4.0,35430.7265625,5.8,4.9
2025-10-04T02:24:55,5.0,35430.7265625,5.9,4.9
2025-10-04T02:24:56,3.0,35430.7265625,5.9,4.9
2025-10-04T02:24:57,7.0,35430.7265625,5.9,4.9
2025-10-04T02:24:58,4.0,35430.7265625,5.9,4.9
2025-10-04T02:24:59,4.0,35430.7265625,5.9,4.9
2025-10-04T02:25:00,6.0,35430.7265625,5.8,4.9
2025-10-04T02:25:01,4.0,35430.7265625,5.9,4.9
2025-10-04T02:25:02,4.0,35430.7265625,5.9,4.9
2025-10-04T02:25:03,5.0,35430.7265625,5.8,4.9
2025-10-04T02:25:04,5.0,35430.7265625,5.9,4.9
2025-10-04T02:25:05,4.0,35430.7265625,5.9,4.9
2025-10-04T02:25:06,5.0,35430.7265625,5.8,4.9
2025-10-04T02:25:07,4.0,35430.7265625,5.9,4.9
2025-10-04T02:25:08,4.0,35430.7265625,5.9,4.9
2025-10-04T02:25:09,4.0,35430.7265625,5.8,4.9
2025-10-04T02:25:10,5.0,35430.7265625,5.9,4.9
2025-10-04T02:25:11,5.0,35430.7265625,5.9,4.9
2025-10-04T02:25:12,4.0,35430.7265625,5.9,4.9
2025-10-04T02:25:13,5.0,35430.7265625,5.8,4.9
2025-10-04T02:25:14,5.0,35430.7265625,5.9,4.9
2025-10-04T02:25:15,4.0,35430.7265625,5.9,4.9
2025-10-04T02:25:16,4.0,35430.7265625,5.8,4.9
2025-10-04T02:25:17,4.0,35430.7265625,5.9,4.9
2025-10-04T02:25:18,7.0,35430.7265625,5.9,4.9
2025-10-04T02:25:19,4.0,35430.7265625,5.8,4.9
2025-10-04T02:25:20,4.0,35430.7265625,5.9,4.9
2025-10-04T02:25:21,5.0,35430.7265625,5.9,4.9
2025-10-04T02:25:22,4.0,35430.7265625,5.8,4.9
2025-10-04T02:25:23,5.0,35430.7265625,5.8,4.9
2025-10-04T02:25:24,5.0,35430.7265625,5.9,4.9
2025-10-04T02:25:25,4.0,35430.7265625,5.8,4.9
2025-10-04T02:25:26,5.0,35430.7265625,5.9,4.9
2025-10-04T02:25:27,4.0,35430.7265625,5.9,4.9
2025-10-04T02:25:28,4.0,35430.7265625,5.9,4.9
2025-10-04T02:25:29,4.0,35430.7265625,5.8,4.9
2025-10-04T02:25:30,5.0,35430.7265625,5.9,4.9
2025-10-04T02:25:31,5.0,35430.7265625,5.9,4.9
2025-10-04T02:25:32,5.0,35430.7265625,5.8,4.9
2025-10-04T02:25:33,4.0,35430.7265625,5.8,4.9
2025-10-04T02:25:34,5.0,35430.7265625,5.9,4.9
2025-10-04T02:25:35,4.0,35430.7265625,5.8,4.9
2025-10-04T02:25:36,5.0,35430.7265625,5.9,4.9
2025-10-04T02:25:37,5.0,35430.7265625,5.9,4.9
2025-10-04T02:25:38,4.0,35430.7265625,5.8,4.9
2025-10-04T02:25:39,4.0,35430.7265625,5.9,4.9
2025-10-04T02:25:40,6.0,35430.7265625,5.9,4.9
2025-10-04T02:25:41,3.0,35430.7265625,5.8,4.9
2025-10-04T02:25:42,5.0,35430.7265625,5.9,4.9
2025-10-04T02:25:43,6.0,35430.7265625,5.9,4.9
2025-10-04T02:25:44,5.0,35430.7265625,5.8,4.9
2025-10-04T02:25:45,5.0,35430.7265625,5.9,4.9
2025-10-04T02:25:46,4.0,35430.7265625,5.9,4.9
2025-10-04T02:25:47,4.0,35430.7265625,5.8,4.9
2025-10-04T02:25:48,4.0,35430.7265625,5.9,4.9
2025-10-04T02:25:49,6.0,35430.7265625,5.9,4.9
2025-10-04T02:25:50,5.0,35430.7265625,5.9,4.9
2025-10-04T02:25:51,6.0,35430.7265625,5.8,4.9
2025-10-04T02:25:52,3.0,35430.7265625,5.9,4.9
2025-10-04T02:25:53,5.0,35430.7265625,5.9,4.9
2025-10-04T02:25:54,5.0,35430.7265625,5.8,4.9
2025-10-04T02:25:55,5.0,35430.7265625,5.9,4.9
2025-10-04T02:25:56,4.0,35430.7265625,5.9,4.9
2025-10-04T02:25:57,6.0,35430.7265625,5.8,4.9
2025-10-04T02:25:58,5.0,35430.7265625,6.0,4.9
2025-10-04T02:25:59,6.0,35430.7265625,5.9,4.9
2025-10-04T02:26:00,4.0,35430.7265625,5.8,4.9
2025-10-04T02:26:01,4.0,35430.7265625,5.9,4.9
2025-10-04T02:26:02,4.0,35430.7265625,5.9,4.9
2025-10-04T02:26:03,6.0,35430.7265625,5.9,4.9
2025-10-04T02:26:04,5.0,35430.7265625,5.9,4.9
2025-10-04T02:26:05,6.0,35430.7265625,5.9,4.9
2025-10-04T02:26:06,4.0,35430.7265625,5.8,4.9
2025-10-04T02:26:07,5.0,35430.7265625,5.9,4.9
2025-10-04T02:26:08,3.0,35430.7265625,5.9,4.9
2025-10-04T02:26:09,4.0,35430.7265625,5.8,4.9
2025-10-04T02:26:10,6.0,35430.7265625,5.9,4.9
2025-10-04T02:26:11,6.0,35430.7265625,5.9,4.9
2025-10-04T02:26:12,5.0,35430.7265625,5.9,4.9
2025-10-04T02:26:13,3.0,35430.7265625,5.8,4.9
2025-10-04T02:26:14,5.0,35430.7265625,5.9,4.9
2025-10-04T02:26:15,4.0,35430.7265625,5.9,4.9
2025-10-04T02:26:16,3.0,35430.7265625,5.8,4.9
2025-10-04T02:26:17,6.0,35430.7265625,5.9,4.9
2025-10-04T02:26:18,4.0,35430.7265625,5.9,4.9
2025-10-04T02:26:19,4.0,35430.7265625,5.8,4.9
2025-10-04T02:26:20,5.0,35430.7265625,5.9,4.9
2025-10-04T02:26:21,7.0,35430.7265625,6.0,4.9
2025-10-04T02:26:22,3.0,35430.7265625,5.8,4.9
2025-10-04T02:26:23,6.0,35430.7265625,5.9,4.9
2025-10-04T02:26:24,2.0,35430.7265625,5.8,4.9
2025-10-04T02:26:25,5.0,35430.7265625,5.8,4.9
2025-10-04T02:26:26,4.0,35430.7265625,5.8,4.9
2025-10-04T02:26:27,6.0,35430.7265625,5.9,4.9
2025-10-04T02:26:28,6.0,35430.7265625,5.9,4.9
2025-10-04T02:26:29,4.0,35430.7265625,5.8,4.9
2025-10-04T02:26:30,5.0,35430.7265625,5.9,4.9
2025-10-04T02:26:31,5.0,35430.7265625,5.9,4.9
2025-10-04T02:26:32,4.0,35430.7265625,5.8,4.9
2025-10-04T02:26:33,4.0,35430.7265625,5.9,4.9
2025-10-04T02:26:34,5.0,35430.7265625,5.9,4.9
2025-10-04T02:26:35,5.0,35430.7265625,5.8,4.9
2025-10-04T02:26:36,6.0,35430.7265625,5.9,4.9
2025-10-04T02:26:37,4.0,35430.7265625,5.9,4.9
2025-10-04T02:26:38,3.0,35430.7265625,5.8,4.9
2025-10-04T02:26:39,5.0,35430.7265625,5.9,4.9
2025-10-04T02:26:40,5.0,35430.7265625,5.9,4.9
2025-10-04T02:26:41,4.0,35430.7265625,5.8,4.9
2025-10-04T02:26:42,3.0,35430.7265625,5.8,4.9
2025-10-04T02:26:43,6.0,35430.7265625,5.9,4.9
2025-10-04T02:26:44,5.0,35430.7265625,5.8,4.9
2025-10-04T02:26:45,3.0,35430.7265625,5.8,4.9
2025-10-04T02:26:46,5.0,35430.7265625,5.9,4.9
2025-10-04T02:26:47,2.0,35430.7265625,5.8,4.9
2025-10-04T02:26:48,5.0,35430.7265625,5.9,4.9
2025-10-04T02:26:49,5.0,35430.7265625,5.9,4.9
2025-10-04T02:26:50,5.0,35430.7265625,5.9,4.9
2025-10-04T02:26:51,4.0,35430.7265625,5.8,4.9
2025-10-04T02:26:52,21.0,35430.7265625,6.0,4.9
2025-10-04T02:26:53,2.0,35430.7265625,5.9,4.9
2025-10-04T02:26:54,4.0,35430.7265625,5.8,4.9
2025-10-04T02:26:55,6.0,35430.7265625,5.9,4.9
2025-10-04T02:26:56,4.0,35430.7265625,5.9,4.9
2025-10-04T02:26:57,4.0,35430.7265625,5.8,4.9
2025-10-04T02:26:58,4.0,35430.7265625,5.9,4.9
2025-10-04T02:26:59,5.0,35430.7265625,5.9,4.9
2025-10-04T02:27:00,5.0,35430.7265625,5.9,4.9
2025-10-04T02:27:01,5.0,35430.7265625,5.8,4.9
2025-10-04T02:27:02,5.0,35430.7265625,5.9,4.9
2025-10-04T02:27:03,3.0,35430.7265625,5.8,4.9
2025-10-04T02:27:04,4.0,35430.7265625,5.8,4.9
2025-10-04T02:27:05,5.0,35430.7265625,5.9,4.9
2025-10-04T02:27:06,5.0,35430.7265625,5.9,4.9
2025-10-04T02:27:07,4.0,35430.7265625,5.8,4.9
2025-10-04T02:27:08,5.0,35430.7265625,5.9,4.9
2025-10-04T02:27:09,4.0,35430.7265625,5.9,4.9
2025-10-04T02:27:10,5.0,35430.7265625,5.8,4.9
2025-10-04T02:27:11,4.0,35430.7265625,5.9,4.9
2025-10-04T02:27:12,5.0,35430.7265625,5.9,4.9
2025-10-04T02:27:13,5.0,35430.7265625,5.8,4.9
2025-10-04T02:27:14,4.0,35430.7265625,5.9,4.9
2025-10-04T02:27:15,5.0,35430.7265625,5.9,4.9
2025-10-04T02:27:16,5.0,35430.7265625,5.9,4.9
2025-10-04T02:27:17,4.0,35430.7265625,5.8,4.9
2025-10-04T02:27:18,4.0,35430.7265625,5.9,4.9
2025-10-04T02:27:19,4.0,35430.7265625,5.8,4.9
2025-10-04T02:27:20,5.0,35430.7265625,5.8,4.9
2025-10-04T02:27:21,4.0,35430.7265625,5.9,4.9
2025-10-04T02:27:22,5.0,35430.7265625,5.8,4.9
2025-10-04T02:27:23,5.0,35430.7265625,5.9,4.9
2025-10-04T02:27:24,4.0,35430.7265625,5.9,4.9
2025-10-04T02:27:25,6.0,35430.7265625,5.9,4.9
2025-10-04T02:27:26,3.0,35430.7265625,5.8,4.9
2025-10-04T02:27:27,4.0,35430.7265625,5.9,4.9
2025-10-04T02:27:28,6.0,35430.7265625,5.9,4.9
2025-10-04T02:27:29,4.0,35430.7265625,5.8,4.9
2025-10-04T02:27:30,5.0,35430.7265625,5.9,4.9
2025-10-04T02:27:31,6.0,35430.7265625,5.9,4.9
2025-10-04T02:27:32,4.0,35430.7265625,5.8,4.9
2025-10-04T02:27:33,4.0,35430.7265625,5.9,4.9
2025-10-04T02:27:34,5.0,35430.7265625,5.9,4.9
2025-10-04T02:27:35,5.0,35430.7265625,5.8,4.9
2025-10-04T02:27:36,5.0,35430.7265625,5.9,4.9
2025-10-04T02:27:37,6.0,35430.7265625,5.9,4.9
2025-10-04T02:27:38,5.0,35430.7265625,5.9,4.9
2025-10-04T02:27:39,4.0,35430.7265625,5.8,4.9
2025-10-04T02:27:40,5.0,35430.7265625,5.9,4.9
2025-10-04T02:27:41,3.0,35430.7265625,5.9,4.9
2025-10-04T02:27:42,4.0,35430.7265625,5.8,4.9
2025-10-04T02:27:43,5.0,35430.7265625,5.9,4.9
2025-10-04T02:27:44,4.0,35430.7265625,5.9,4.9
2025-10-04T02:27:45,6.0,35430.7265625,5.8,4.9
2025-10-04T02:27:46,5.0,35430.7265625,5.9,4.9
2025-10-04T02:27:47,4.0,35430.7265625,5.9,4.9
2025-10-04T02:27:48,4.0,35430.7265625,5.8,4.9
2025-10-04T02:27:49,5.0,35430.7265625,5.8,4.9
2025-10-04T02:27:50,4.0,35430.7265625,5.9,4.9
2025-10-04T02:27:51,5.0,35430.7265625,5.8,4.9
2025-10-04T02:27:52,6.0,35430.7265625,5.9,4.9
2025-10-04T02:27:53,5.0,35430.7265625,5.9,4.9
2025-10-04T02:27:54,4.0,35430.7265625,5.8,4.9
2025-10-04T02:27:55,5.0,35430.7265625,5.9,4.9
2025-10-04T02:27:56,4.0,35430.7265625,5.9,4.9
2025-10-04T02:27:57,5.0,35430.7265625,6.0,4.9
2025-10-04T02:27:58,6.0,35430.7265625,5.9,4.9
2025-10-04T02:27:59,4.0,35430.7265625,5.9,4.9
2025-10-04T02:28:00,5.0,35430.7265625,5.9,4.9
2025-10-04T02:28:01,5.0,35430.7265625,5.9,4.9
2025-10-04T02:28:02,4.0,35430.7265625,5.9,4.9
2025-10-04T02:28:03,4.0,35430.7265625,5.8,4.9
2025-10-04T02:28:04,4.0,35430.7265625,5.8,4.9
2025-10-04T02:28:05,4.0,35430.7265625,5.9,4.9
2025-10-04T02:28:06,5.0,35430.7265625,5.9,4.9
2025-10-04T02:28:07,4.0,35430.7265625,5.8,4.9
2025-10-04T02:28:08,5.0,35430.7265625,5.9,4.9
2025-10-04T02:28:09,3.0,35430.7265625,5.8,4.9
2025-10-04T02:28:10,6.0,35430.7265625,5.9,4.9
2025-10-04T02:28:11,3.0,35430.7265625,5.8,4.9
2025-10-04T02:28:12,4.0,35430.7265625,5.9,4.9
2025-10-04T02:28:13,5.0,35430.7265625,5.8,4.9
2025-10-04T02:28:14,4.0,35430.7265625,5.8,4.9
2025-10-04T02:28:15,4.0,35430.7265625,5.9,4.9
2025-10-04T02:28:16,5.0,35430.7265625,5.9,4.9
2025-10-04T02:28:17,5.0,35430.7265625,5.8,4.9
2025-10-04T02:28:18,5.0,35430.7265625,5.9,4.9
2025-10-04T02:28:19,5.0,35430.7265625,5.9,4.9
2025-10-04T02:28:20,4.0,35430.7265625,5.8,4.9
2025-10-04T02:28:21,5.0,35430.7265625,5.9,4.9
2025-10-04T02:28:22,4.0,35430.7265625,5.9,4.9
2025-10-04T02:28:23,4.0,35430.7265625,5.8,4.9
2025-10-04T02:28:24,5.0,35430.7265625,5.9,4.9
2025-10-04T02:28:25,4.0,35430.7265625,5.9,4.9
2025-10-04T02:28:26,3.0,35430.7265625,5.8,4.9
2025-10-04T02:28:27,5.0,35430.7265625,5.9,4.9
2025-10-04T02:28:28,5.0,35430.7265625,5.9,4.9
2025-10-04T02:28:29,5.0,35430.7265625,5.8,4.9
2025-10-04T02:28:30,3.0,35430.7265625,5.8,4.9
2025-10-04T02:28:31,5.0,35430.7265625,5.9,4.9
2025-10-04T02:28:32,4.0,35430.7265625,5.8,4.9
2025-10-04T02:28:33,4.0,35430.7265625,5.8,4.9
2025-10-04T02:28:34,5.0,35430.7265625,5.9,4.9
2025-10-04T02:28:35,7.0,35430.7265625,5.9,4.9
2025-10-04T02:28:36,3.0,35430.7265625,5.8,4.9
2025-10-04T02:28:37,5.0,35430.7265625,5.9,4.9
2025-10-04T02:28:38,5.0,35430.7265625,5.9,4.9
2025-10-04T02:28:39,4.0,35430.7265625,5.8,4.9
2025-10-04T02:28:40,5.0,35430.7265625,5.9,4.9
2025-10-04T02:28:41,5.0,35430.7265625,5.9,4.9
2025-10-04T02:28:42,5.0,35430.7265625,5.8,4.9
2025-10-04T02:28:43,5.0,35430.7265625,5.8,4.9
2025-10-04T02:28:44,5.0,35430.7265625,5.9,4.9
2025-10-04T02:28:45,4.0,35430.7265625,5.8,4.9
2025-10-04T02:28:46,5.0,35430.7265625,5.9,4.9
2025-10-04T02:28:47,5.0,35430.7265625,5.9,4.9
2025-10-04T02:28:48,3.0,35430.7265625,5.8,4.9
2025-10-04T02:28:49,6.0,35430.7265625,5.9,4.9
2025-10-04T02:28:50,4.0,35430.7265625,5.9,4.9
2025-10-04T02:28:51,4.0,35430.7265625,5.8,4.9
2025-10-04T02:28:52,7.0,35430.7265625,5.9,4.9
2025-10-04T02:28:53,4.0,35430.7265625,5.9,4.9
2025-10-04T02:28:54,4.0,35430.7265625,5.9,4.9
2025-10-04T02:28:55,6.0,35430.7265625,5.8,4.9
2025-10-04T02:28:56,4.0,35430.7265625,5.9,4.9
2025-10-04T02:28:57,4.0,35430.7265625,5.9,4.9
2025-10-04T02:28:58,5.0,35430.7265625,5.8,4.9
2025-10-04T02:28:59,5.0,35430.7265625,5.9,4.9
2025-10-04T02:29:00,6.0,35430.7265625,5.9,4.9
2025-10-04T02:29:01,3.0,35430.7265625,5.8,4.9
2025-10-04T02:29:02,5.0,35430.7265625,5.9,4.9
2025-10-04T02:29:03,5.0,35430.7265625,5.9,4.9
2025-10-04T02:29:04,3.0,35430.7265625,5.8,4.9
2025-10-04T02:29:05,4.0,35430.7265625,5.9,4.9
2025-10-04T02:29:06,4.0,35430.7265625,5.9,4.9
2025-10-04T02:29:07,6.0,35430.7265625,5.8,4.9
2025-10-04T02:29:08,3.0,35430.7265625,5.9,4.9
2025-10-04T02:29:09,4.0,35430.7265625,5.9,4.9
2025-10-04T02:29:10,4.0,35430.7265625,5.8,4.9
2025-10-04T02:29:11,7.0,35430.7265625,5.9,4.9
2025-10-04T02:29:12,3.0,35430.7265625,5.9,4.9
2025-10-04T02:29:13,4.0,35430.7265625,5.9,4.9
2025-10-04T02:29:14,4.0,35430.7265625,5.8,4.9
2025-10-04T02:29:15,4.0,35430.7265625,5.9,4.9
2025-10-04T02:29:16,6.0,35430.7265625,5.9,4.9
2025-10-04T02:29:17,4.0,35430.7265625,5.8,4.9
2025-10-04T02:29:18,5.0,35430.7265625,5.9,4.9
2025-10-04T02:29:19,4.0,35430.7265625,5.9,4.9
2025-10-04T02:29:20,5.0,35430.7265625,5.8,4.9
2025-10-04T02:29:21,3.0,35430.7265625,5.8,4.9
2025-10-04T02:29:22,6.0,35430.7265625,5.9,4.9
2025-10-04T02:29:23,5.0,35430.7265625,5.8,4.9
2025-10-04T02:29:24,5.0,35430.7265625,5.9,4.9
2025-10-04T02:29:25,4.0,35430.7265625,5.9,4.9
2025-10-04T02:29:26,5.0,35430.7265625,5.9,4.9
2025-10-04T02:29:27,5.0,35430.7265625,5.8,4.9
2025-10-04T02:29:28,4.0,35430.7265625,5.9,4.9
2025-10-04T02:29:29,6.0,35430.7265625,5.9,4.9
2025-10-04T02:29:30,4.0,35430.7265625,5.8,4.9
2025-10-04T02:29:31,5.0,35430.7265625,5.9,4.9
2025-10-04T02:29:32,4.0,35430.7265625,5.9,4.9
2025-10-04T02:29:33,5.0,35430.7265625,5.8,4.9
2025-10-04T02:29:34,4.0,35430.7265625,5.9,4.9
2025-10-04T02:29:35,5.0,35430.7265625,5.8,4.9
2025-10-04T02:29:36,6.0,35430.7265625,5.8,4.9
2025-10-04T02:29:37,5.0,35430.7265625,5.9,4.9
2025-10-04T02:29:38,6.0,35430.7265625,6.0,4.9
2025-10-04T02:29:39,3.0,35430.7265625,5.8,4.9
2025-10-04T02:29:40,4.0,35430.7265625,5.9,4.9
2025-10-04T02:29:41,5.0,35430.7265625,5.9,4.9
2025-10-04T02:29:42,5.0,35430.7265625,5.9,4.9
2025-10-04T02:29:43,6.0,35430.7265625,5.9,4.9
2025-10-04T02:29:44,5.0,35430.7265625,5.9,4.9
2025-10-04T02:29:45,4.0,35430.7265625,5.8,4.9
2025-10-04T02:29:46,4.0,35430.7265625,5.9,4.9
2025-10-04T02:29:47,5.0,35430.7265625,5.9,4.9
2025-10-04T02:29:48,4.0,35430.7265625,5.9,4.9
2025-10-04T02:29:49,5.0,35430.7265625,5.9,4.9
2025-10-04T02:29:50,4.0,35430.7265625,5.9,4.9
2025-10-04T02:29:51,5.0,35430.7265625,5.9,4.9
2025-10-04T02:29:52,6.0,35430.7265625,5.8,4.9
2025-10-04T02:29:53,4.0,35430.7265625,5.9,4.9
2025-10-04T02:29:54,4.0,35430.7265625,5.9,4.9
2025-10-04T02:29:55,6.0,35430.7265625,5.8,4.9
2025-10-04T02:29:56,3.0,35430.7265625,5.9,4.9
2025-10-04T02:29:57,5.0,35430.7265625,5.9,4.9
2025-10-04T02:29:58,4.0,35430.7265625,5.8,4.9
2025-10-04T02:29:59,5.0,35430.7265625,5.9,4.9
2025-10-04T02:30:00,5.0,35430.7265625,5.9,4.9
2025-10-04T02:30:01,6.0,35430.7265625,5.8,4.9
2025-10-04T02:30:02,3.0,35430.7265625,5.8,4.9
2025-10-04T02:30:03,5.0,35430.7265625,5.9,4.9
2025-10-04T02:30:04,5.0,35430.7265625,5.9,4.9
2025-10-04T02:30:05,5.0,35430.7265625,5.8,4.9
2025-10-04T02:30:06,5.0,35430.7265625,5.9,4.9
2025-10-04T02:30:07,6.0,35430.7265625,5.9,4.9
2025-10-04T02:30:08,4.0,35430.7265625,5.8,4.9
2025-10-04T02:30:09,5.0,35430.7265625,5.9,4.9
2025-10-04T02:30:10,4.0,35430.7265625,5.8,4.9
2025-10-04T02:30:11,5.0,35430.7265625,5.8,4.9
2025-10-04T02:30:12,6.0,35430.7265625,5.9,4.9
2025-10-04T02:30:13,6.0,35430.7265625,5.9,4.9
2025-10-04T02:30:14,4.0,35430.7265625,5.8,4.9
2025-10-04T02:30:15,4.0,35430.7265625,5.9,4.9
2025-10-04T02:30:16,4.0,35430.7265625,5.9,4.9
2025-10-04T02:30:17,5.0,35430.7265625,5.8,4.9
2025-10-04T02:30:18,5.0,35430.7265625,5.9,4.9
2025-10-04T02:30:19,6.0,35430.7265625,5.9,4.9
2025-10-04T02:30:20,4.0,35430.7265625,5.8,4.9
2025-10-04T02:30:21,5.0,35430.7265625,5.9,4.9
2025-10-04T02:30:22,4.0,35430.7265625,5.9,4.9
2025-10-04T02:30:23,4.0,35430.7265625,5.8,4.9
2025-10-04T02:30:24,4.0,35430.7265625,5.8,4.9
2025-10-04T02:30:25,4.0,35430.7265625,5.9,4.9
2025-10-04T02:30:26,6.0,35430.7265625,5.9,4.9
2025-10-04T02:30:27,6.0,35430.7265625,5.9,4.9
2025-10-04T02:30:28,5.0,35430.7265625,5.9,4.9
2025-10-04T02:30:29,4.0,35430.7265625,5.9,4.9
2025-10-04T02:30:30,5.0,35430.7265625,5.8,4.9
2025-10-04T02:30:31,3.0,35430.7265625,5.9,4.9
2025-10-04T02:30:32,4.0,35430.7265625,5.9,4.9
2025-10-04T02:30:33,4.0,35430.7265625,5.8,4.9
2025-10-04T02:30:34,5.0,35430.7265625,5.9,4.9
2025-10-04T02:30:35,7.0,35430.7265625,5.9,4.9
2025-10-04T02:30:36,4.0,35430.7265625,5.8,4.9
2025-10-04T02:30:37,4.0,35430.7265625,5.9,4.9
2025-10-04T02:30:38,5.0,35430.7265625,5.9,4.9
2025-10-04T02:30:39,3.0,35430.7265625,5.8,4.9
2025-10-04T02:30:40,4.0,35430.7265625,5.9,4.9
2025-10-04T02:30:41,5.0,35430.7265625,5.9,4.9
2025-10-04T02:30:42,5.0,35430.7265625,5.8,4.9
2025-10-04T02:30:43,5.0,35430.7265625,5.9,4.9
2025-10-04T02:30:44,4.0,35430.7265625,5.9,4.9
2025-10-04T02:30:45,4.0,35430.7265625,5.8,4.9
2025-10-04T02:30:46,4.0,35430.7265625,5.9,4.9
2025-10-04T02:30:47,5.0,35430.7265625,5.9,4.9
2025-10-04T02:30:48,5.0,35430.7265625,5.9,4.9
2025-10-04T02:30:49,3.0,35430.7265625,5.8,4.9
2025-10-04T02:30:50,6.0,35430.7265625,5.9,4.9
2025-10-04T02:30:51,21.0,35430.7265625,6.0,4.9
2025-10-04T02:30:52,4.0,35430.7265625,5.8,4.9
2025-10-04T02:30:53,6.0,35430.7265625,5.9,4.9
2025-10-04T02:30:54,3.0,35430.7265625,5.9,4.9
2025-10-04T02:30:55,5.0,35430.7265625,5.8,4.9
2025-10-04T02:30:56,4.0,35430.7265625,5.9,4.9
2025-10-04T02:30:57,4.0,35430.7265625,5.9,4.9
2025-10-04T02:30:58,4.0,35430.7265625,5.9,4.9
2025-10-04T02:30:59,5.0,35430.7265625,5.9,4.9
2025-10-04T02:31:00,5.0,35430.7265625,5.9,4.9
2025-10-04T02:31:01,3.0,35430.7265625,5.8,4.9
2025-10-04T02:31:02,4.0,35430.7265625,5.9,4.9
2025-10-04T02:31:03,5.0,35430.7265625,5.9,4.9
2025-10-04T02:31:04,4.0,35430.7265625,5.8,4.9
2025-10-04T02:31:05,6.0,35430.7265625,5.8,4.9
2025-10-04T02:31:06,4.0,35430.7265625,5.9,4.9
2025-10-04T02:31:07,5.0,35430.7265625,5.9,4.9
2025-10-04T02:31:08,4.0,35430.7265625,5.8,4.9
2025-10-04T02:31:09,4.0,35430.7265625,5.9,4.9
2025-10-04T02:31:10,5.0,35430.7265625,5.9,4.9
2025-10-04T02:31:11,4.0,35430.7265625,5.8,4.9
2025-10-04T02:31:12,4.0,35430.7265625,5.9,4.9
2025-10-04T02:31:13,5.0,35430.7265625,5.9,4.9
2025-10-04T02:31:14,4.0,35430.7265625,5.8,4.9
2025-10-04T02:31:15,5.0,35430.7265625,5.9,4.9
2025-10-04T02:31:16,4.0,35430.7265625,5.9,4.9
2025-10-04T02:31:17,3.0,35430.7265625,5.8,4.9
2025-10-04T02:31:18,4.0,35430.7265625,5.9,4.9
2025-10-04T02:31:19,5.0,35430.7265625,5.9,4.9
2025-10-04T02:31:20,5.0,35430.7265625,5.8,4.9
2025-10-04T02:31:21,4.0,35430.7265625,5.9,4.9
2025-10-04T02:31:22,4.0,35430.7265625,5.9,4.9
2025-10-04T02:31:23,4.0,35430.7265625,5.9,4.9
2025-10-04T02:31:24,4.0,35430.7265625,5.8,4.9
2025-10-04T02:31:25,5.0,35430.7265625,5.9,4.9
2025-10-04T02:31:26,4.0,35430.7265625,5.8,4.9
2025-10-04T02:31:27,5.0,35430.7265625,5.8,4.9
2025-10-04T02:31:28,4.0,35430.7265625,5.9,4.9
2025-10-04T02:31:29,3.0,35430.7265625,5.8,4.9
2025-10-04T02:31:30,6.0,35430.7265625,5.8,4.9
2025-10-04T02:31:31,5.0,35430.7265625,5.9,4.9
2025-10-04T02:31:32,4.0,35430.7265625,5.9,4.9
2025-10-04T02:31:33,4.0,35430.7265625,5.8,4.9
2025-10-04T02:31:34,4.0,35430.7265625,5.9,4.9
2025-10-04T02:31:35,5.0,35430.7265625,5.9,4.9
2025-10-04T02:31:36,4.0,35430.7265625,5.8,4.9
2025-10-04T02:31:37,6.0,35430.7265625,5.9,4.9
2025-10-04T02:31:38,4.0,35430.7265625,5.9,4.9
2025-10-04T02:31:39,5.0,35430.7265625,5.8,4.9
2025-10-04T02:31:40,4.0,35430.7265625,5.9,4.9
2025-10-04T02:31:41,4.0,35430.7265625,5.9,4.9
2025-10-04T02:31:42,5.0,35430.7265625,5.8,4.9
2025-10-04T02:31:43,5.0,35430.7265625,5.9,4.9
2025-10-04T02:31:44,4.0,35430.7265625,5.9,4.9
2025-10-04T02:31:45,5.0,35430.7265625,5.8,4.9
2025-10-04T02:31:46,3.0,35430.7265625,5.8,4.9
2025-10-04T02:31:47,5.0,35430.7265625,5.9,4.9
2025-10-04T02:31:48,4.0,35430.7265625,5.9,4.9
2025-10-04T02:31:49,3.0,35430.7265625,5.8,4.9
2025-10-04T02:31:50,5.0,35430.7265625,5.9,4.9
2025-10-04T02:31:51,6.0,35430.7265625,5.9,4.9
2025-10-04T02:31:52,4.0,35430.7265625,5.8,4.9
2025-10-04T02:31:53,5.0,35430.7265625,5.9,4.9
2025-10-04T02:31:54,5.0,35430.7265625,5.9,4.9
2025-10-04T02:31:55,4.0,35430.7265625,5.8,4.9
2025-10-04T02:31:56,3.0,35430.7265625,5.9,4.9
2025-10-04T02:31:57,5.0,35430.7265625,5.9,4.9
2025-10-04T02:31:58,5.0,35430.7265625,5.9,4.9
2025-10-04T02:31:59,4.0,35430.7265625,5.8,4.9
2025-10-04T02:32:00,5.0,35430.7265625,5.9,4.9
2025-10-04T02:32:01,5.0,35430.7265625,5.8,4.9
2025-10-04T02:32:02,3.0,35430.7265625,5.8,4.9
2025-10-04T02:32:03,4.0,35430.7265625,5.9,4.9
2025-10-04T02:32:04,4.0,35430.7265625,5.8,4.9
2025-10-04T02:32:05,4.0,35430.7265625,5.8,4.9
2025-10-04T02:32:06,5.0,35430.7265625,5.9,4.9
2025-10-04T02:32:07,4.0,35430.7265625,5.8,4.9
2025-10-04T02:32:08,4.0,35430.7265625,5.9,4.9
2025-10-04T02:32:09,6.0,35430.7265625,5.9,4.9
2025-10-04T02:32:10,3.0,35430.7265625,5.9,4.9
2025-10-04T02:32:11,5.0,35430.7265625,5.8,4.9
2025-10-04T02:32:12,5.0,35430.7265625,5.9,4.9
2025-10-04T02:32:13,4.0,35430.7265625,5.9,4.9
2025-10-04T02:32:14,5.0,35430.7265625,5.8,4.9
2025-10-04T02:32:15,5.0,35430.7265625,5.9,4.9
2025-10-04T02:32:16,4.0,35430.7265625,5.8,4.9
2025-10-04T02:32:17,2.0,35430.7265625,5.8,4.9
2025-10-04T02:32:18,5.0,35430.7265625,5.9,4.9
2025-10-04T02:32:19,5.0,35430.7265625,5.9,4.9
2025-10-04T02:32:20,4.0,35430.7265625,5.8,4.9
2025-10-04T02:32:21,5.0,35430.7265625,5.8,4.9
2025-10-04T02:32:22,4.0,35430.7265625,5.9,4.9
2025-10-04T02:32:23,5.0,35430.7265625,5.8,4.9
2025-10-04T02:32:24,4.0,35430.7265625,5.8,4.9
2025-10-04T02:32:25,5.0,35430.7265625,5.9,4.9
2025-10-04T02:32:26,3.0,35430.7265625,5.8,4.9
2025-10-04T02:32:27,5.0,35430.7265625,5.8,4.9
2025-10-04T02:32:28,5.0,35430.7265625,5.9,4.9
2025-10-04T02:32:29,5.0,35430.7265625,5.9,4.9
2025-10-04T02:32:30,4.0,35430.7265625,5.8,4.9
2025-10-04T02:32:31,4.0,35430.7265625,5.9,4.9
2025-10-04T02:32:32,4.0,35430.7265625,5.9,4.9
2025-10-04T02:32:33,6.0,35430.7265625,5.8,4.9
2025-10-04T02:32:34,4.0,35430.7265625,5.9,4.9
2025-10-04T02:32:35,4.0,35430.7265625,5.9,4.9
2025-10-04T02:32:36,6.0,35430.7265625,5.8,4.9
2025-10-04T02:32:37,4.0,35430.7265625,5.8,4.9
2025-10-04T02:32:38,5.0,35430.7265625,5.9,4.9
2025-10-04T02:32:39,4.0,35430.7265625,5.9,4.9
2025-10-04T02:32:40,5.0,35430.7265625,5.9,4.9
2025-10-04T02:32:41,5.0,35430.7265625,5.9,4.9
2025-10-04T02:32:42,3.0,35430.7265625,5.8,4.9
2025-10-04T02:32:43,5.0,35430.7265625,5.8,4.9
2025-10-04T02:32:44,5.0,35430.7265625,5.9,4.9
2025-10-04T02:32:45,4.0,35430.7265625,5.9,4.9
2025-10-04T02:32:46,5.0,35430.7265625,5.8,4.9
2025-10-04T02:32:47,7.0,35430.7265625,6.0,4.9
2025-10-04T02:32:48,5.0,35430.7265625,5.9,4.9
2025-10-04T02:32:49,3.0,35430.7265625,5.8,4.9
2025-10-04T02:32:50,4.0,35430.7265625,5.9,4.9
2025-10-04T02:32:51,5.0,35430.7265625,5.9,4.9
2025-10-04T02:32:52,6.0,35430.7265625,5.8,4.9
2025-10-04T02:32:53,5.0,35430.7265625,5.9,4.9
2025-10-04T02:32:54,5.0,35430.7265625,5.9,4.9
2025-10-04T02:32:55,5.0,35430.7265625,5.8,4.9
2025-10-04T02:32:56,4.0,35430.7265625,5.8,4.9
2025-10-04T02:32:57,4.0,35430.7265625,5.9,4.9
2025-10-04T02:32:58,5.0,35430.7265625,5.9,4.9
2025-10-04T02:32:59,6.0,35430.7265625,5.9,4.9
2025-10-04T02:33:00,5.0,35430.7265625,5.9,4.9
2025-10-04T02:33:01,5.0,35430.7265625,5.9,4.9
2025-10-04T02:33:02,5.0,35430.7265625,5.9,4.9
2025-10-04T02:33:03,4.0,35430.7265625,5.9,4.9
2025-10-04T02:33:04,4.0,35430.7265625,5.8,4.9
2025-10-04T02:33:05,4.0,35430.7265625,5.8,4.9
2025-10-04T02:33:06,6.0,35430.7265625,5.9,4.9
2025-10-04T02:33:07,5.0,35430.7265625,5.9,4.9
2025-10-04T02:33:08,4.0,35430.7265625,5.8,4.9
2025-10-04T02:33:09,5.0,35430.7265625,5.9,4.9
2025-10-04T02:33:10,3.0,35430.7265625,5.9,4.9
2025-10-04T02:33:11,5.0,35430.7265625,5.8,4.9
2025-10-04T02:33:12,5.0,35430.7265625,5.9,4.9
2025-10-04T02:33:13,5.0,35430.7265625,5.9,4.9
2025-10-04T02:33:14,4.0,35430.7265625,5.8,4.9
2025-10-04T02:33:15,5.0,35430.7265625,5.9,4.9
2025-10-04T02:33:16,4.0,35430.7265625,5.9,4.9
2025-10-04T02:33:17,5.0,35430.7265625,5.8,4.9
2025-10-04T02:33:18,3.0,35430.7265625,5.8,4.9
2025-10-04T02:33:19,4.0,35430.7265625,5.9,4.9
2025-10-04T02:33:20,3.0,35430.7265625,5.8,4.9
2025-10-04T02:33:21,7.0,35430.7265625,5.9,4.9
2025-10-04T02:33:22,5.0,35430.7265625,5.9,4.9
2025-10-04T02:33:23,3.0,35430.7265625,5.8,4.9
2025-10-04T02:33:24,5.0,35430.7265625,5.8,4.9
2025-10-04T02:33:25,4.0,35430.7265625,6.0,4.9
2025-10-04T02:33:26,4.0,35430.7265625,5.9,4.9
2025-10-04T02:33:27,3.0,35430.7265625,5.8,4.9
2025-10-04T02:33:28,4.0,35430.7265625,6.0,4.9
2025-10-04T02:33:29,6.0,35430.7265625,5.9,4.9
2025-10-04T02:33:30,5.0,35430.7265625,5.8,4.9
2025-10-04T02:33:31,4.0,35430.7265625,5.9,4.9
2025-10-04T02:33:32,5.0,35430.7265625,5.9,4.9
2025-10-04T02:33:33,4.0,35430.7265625,5.8,4.9
2025-10-04T02:33:34,3.0,35430.7265625,5.8,4.9
2025-10-04T02:33:35,5.0,35430.7265625,5.9,4.9
2025-10-04T02:33:36,4.0,35430.7265625,5.8,4.9
2025-10-04T02:33:37,5.0,35430.7265625,5.9,4.9
2025-10-04T02:33:38,7.0,35430.7265625,5.9,4.9
2025-10-04T02:33:39,3.0,35430.7265625,5.8,4.9
2025-10-04T02:33:40,4.0,35430.7265625,5.8,4.9
2025-10-04T02:33:41,6.0,35430.7265625,5.9,4.9
2025-10-04T02:33:42,4.0,35430.7265625,5.9,4.9
2025-10-04T02:33:43,3.0,35430.7265625,5.8,4.9
2025-10-04T02:33:44,4.0,35430.7265625,5.9,4.9
2025-10-04T02:33:45,7.0,35430.7265625,5.9,4.9
2025-10-04T02:33:46,6.0,35430.7265625,5.8,4.9
2025-10-04T02:33:47,5.0,35430.7265625,5.9,4.9
2025-10-04T02:33:48,4.0,35430.7265625,5.9,4.9
2025-10-04T02:33:49,5.0,35430.7265625,5.8,4.9
2025-10-04T02:33:50,4.0,35430.7265625,5.9,4.9
2025-10-04T02:33:51,5.0,35430.7265625,5.9,4.9
2025-10-04T02:33:52,5.0,35430.7265625,5.9,4.9
2025-10-04T02:33:53,4.0,35430.7265625,5.8,4.9
2025-10-04T02:33:54,5.0,35430.7265625,5.9,4.9
2025-10-04T02:33:55,5.0,35430.7265625,5.8,4.9
2025-10-04T02:33:56,4.0,35430.7265625,5.9,4.9
2025-10-04T02:33:57,4.0,35430.7265625,5.9,4.9
2025-10-04T02:33:58,5.0,35430.7265625,5.9,4.9
2025-10-04T02:33:59,7.0,35430.7265625,5.9,4.9
2025-10-04T02:34:00,4.0,35430.7265625,5.9,4.9
2025-10-04T02:34:01,3.0,35430.7265625,5.9,4.9
2025-10-04T02:34:02,4.0,35430.7265625,5.8,4.9
2025-10-04T02:34:03,4.0,35430.7265625,5.9,4.9
2025-10-04T02:34:04,6.0,35430.7265625,5.9,4.9
2025-10-04T02:34:05,5.0,35430.7265625,5.8,4.9
2025-10-04T02:34:06,4.0,35430.7265625,5.9,4.9
2025-10-04T02:34:07,4.0,35430.7265625,5.9,4.9
2025-10-04T02:34:08,5.0,35430.7265625,5.8,4.9
2025-10-04T02:34:09,6.0,35430.7265625,5.9,4.9
2025-10-04T02:34:10,3.0,35430.7265625,5.9,4.9
2025-10-04T02:34:11,5.0,35430.7265625,5.8,4.9
2025-10-04T02:34:12,4.0,35430.7265625,5.9,4.9
2025-10-04T02:34:13,4.0,35430.7265625,5.9,4.9
2025-10-04T02:34:14,5.0,35430.7265625,5.8,4.9
2025-10-04T02:34:15,6.0,35430.7265625,5.9,4.9
2025-10-04T02:34:16,2.0,35430.7265625,5.8,4.9
2025-10-04T02:34:17,5.0,35430.7265625,5.9,4.9
2025-10-04T02:34:18,4.0,35430.7265625,5.8,4.9
2025-10-04T02:34:19,3.0,35430.7265625,5.9,4.9
2025-10-04T02:34:20,5.0,35430.7265625,5.9,4.9
2025-10-04T02:34:21,5.0,35430.7265625,5.8,4.9
2025-10-04T02:34:22,2.0,35430.7265625,5.9,4.9
2025-10-04T02:34:23,5.0,35430.7265625,5.8,4.9
2025-10-04T02:34:24,5.0,35430.7265625,5.8,4.9
2025-10-04T02:34:25,4.0,35430.7265625,5.9,4.9
2025-10-04T02:34:26,5.0,35430.7265625,5.9,4.9
2025-10-04T02:34:27,5.0,35430.7265625,5.8,4.9
2025-10-04T02:34:28,4.0,35430.7265625,5.9,4.9
2025-10-04T02:34:29,4.0,35430.7265625,5.9,4.9
2025-10-04T02:34:30,5.0,35430.7265625,5.8,4.9
2025-10-04T02:34:31,4.0,35430.7265625,5.8,4.9
2025-10-04T02:34:32,4.0,35430.7265625,5.9,4.9
2025-10-04T02:34:33,7.0,35430.7265625,5.8,4.9
2025-10-04T02:34:34,6.0,35430.7265625,5.9,4.9
2025-10-04T02:34:35,3.0,35430.7265625,5.8,4.9
2025-10-04T02:34:36,4.0,35430.7265625,5.9,4.9
2025-10-04T02:34:37,5.0,35430.7265625,5.8,4.9
2025-10-04T02:34:38,5.0,35430.7265625,5.9,4.9
2025-10-04T02:34:39,4.0,35430.7265625,5.9,4.9
2025-10-04T02:34:40,5.0,35430.7265625,5.8,4.9
2025-10-04T02:34:41,5.0,35430.7265625,5.9,4.9
2025-10-04T02:34:42,5.0,35430.7265625,5.9,4.9
2025-10-04T02:34:43,4.0,35430.7265625,5.8,4.9
2025-10-04T02:34:44,4.0,35430.7265625,5.9,4.9
2025-10-04T02:34:45,5.0,35430.7265625,5.9,4.9
2025-10-04T02:34:46,5.0,35430.7265625,5.8,4.9
2025-10-04T02:34:47,3.0,35430.7265625,5.8,4.9
2025-10-04T02:34:48,4.0,35430.7265625,5.9,4.9
2025-10-04T02:34:49,5.0,35430.7265625,5.8,4.9
2025-10-04T02:34:50,5.0,35430.7265625,5.9,4.9
2025-10-04T02:34:51,3.0,35430.7265625,5.8,4.9
2025-10-04T02:34:52,5.0,35430.7265625,5.8,4.9
2025-10-04T02:34:53,5.0,35430.7265625,5.9,4.9
2025-10-04T02:34:54,4.0,35430.7265625,5.9,4.9
2025-10-04T02:34:55,5.0,35430.7265625,5.9,4.9
2025-10-04T02:34:56,7.0,35430.7265625,5.8,4.9
2025-10-04T02:34:57,20.3,35430.7265625,6.0,4.9
2025-10-04T02:34:58,4.1,35430.7265625,5.9,4.9
2025-10-04T02:34:59,5.0,35430.7265625,5.8,4.9
2025-10-04T02:35:00,3.0,35430.7265625,5.9,4.9
2025-10-04T02:35:01,5.0,35430.7265625,5.9,4.9
2025-10-04T02:35:02,5.0,35430.7265625,5.8,4.9
2025-10-04T02:35:03,6.0,35430.7265625,5.9,4.9
2025-10-04T02:35:04,3.0,35430.7265625,5.9,4.9
2025-10-04T02:35:05,5.0,35430.7265625,5.8,4.9
2025-10-04T02:35:06,7.0,35430.7265625,5.9,4.9
2025-10-04T02:35:07,4.0,35430.7265625,5.9,4.9
2025-10-04T02:35:08,4.0,35430.7265625,5.8,4.9
2025-10-04T02:35:09,5.0,35430.7265625,5.8,4.9
2025-10-04T02:35:10,5.0,35430.7265625,5.9,4.9
2025-10-04T02:35:11,4.0,35430.7265625,5.8,4.9
2025-10-04T02:35:12,5.0,35430.7265625,5.9,4.9
2025-10-04T02:35:13,6.0,35430.7265625,5.9,4.9
2025-10-04T02:35:14,6.0,35430.7265625,5.9,4.9
2025-10-04T02:35:15,5.0,35430.7265625,5.8,4.9
2025-10-04T02:35:16,4.0,35430.7265625,5.9,4.9
2025-10-04T02:35:17,5.0,35430.7265625,5.9,4.9
2025-10-04T02:35:18,5.0,35430.7265625,5.8,4.9
2025-10-04T02:35:19,3.0,35430.7265625,5.9,4.9
2025-10-04T02:35:20,7.0,35430.7265625,5.9,4.9
2025-10-04T02:35:21,4.0,35430.7265625,5.8,4.9
2025-10-04T02:35:22,4.0,35430.7265625,5.9,4.9
2025-10-04T02:35:23,5.0,35430.7265625,5.9,4.9
2025-10-04T02:35:24,3.0,35430.7265625,5.8,4.9
2025-10-04T02:35:25,5.0,35430.7265625,5.9,4.9
2025-10-04T02:35:26,5.0,35430.7265625,5.9,4.9
2025-10-04T02:35:27,5.0,35430.7265625,5.8,4.9
2025-10-04T02:35:28,4.0,35430.7265625,5.9,4.9
2025-10-04T02:35:29,4.0,35430.7265625,5.9,4.9
2025-10-04T02:35:30,6.0,35430.7265625,5.9,4.9
2025-10-04T02:35:31,3.0,35430.7265625,5.8,4.9
2025-10-04T02:35:32,5.0,35430.7265625,5.9,4.9
2025-10-04T02:35:33,4.0,35430.7265625,5.9,4.9
2025-10-04T02:35:34,5.0,35430.7265625,5.8,4.9
2025-10-04T02:35:35,4.0,35430.7265625,5.8,4.9
2025-10-04T02:35:36,4.0,35430.7265625,5.9,4.9
2025-10-04T02:35:37,5.0,35430.7265625,5.8,4.9
2025-10-04T02:35:38,6.0,35430.7265625,5.9,4.9
2025-10-04T02:35:39,4.0,35430.7265625,5.9,4.9
2025-10-04T02:35:40,5.0,35430.7265625,5.9,4.9
2025-10-04T02:35:41,5.0,35430.7265625,5.8,4.9
2025-10-04T02:35:42,5.0,35430.7265625,5.9,4.9
2025-10-04T02:35:43,6.0,35430.7265625,5.9,4.9
2025-10-04T02:35:44,4.0,35430.7265625,5.8,4.9
2025-10-04T02:35:45,5.0,35430.7265625,5.9,4.9
2025-10-04T02:35:46,4.0,35430.7265625,5.9,4.9
2025-10-04T02:35:47,3.0,35430.7265625,5.8,4.9
2025-10-04T02:35:48,5.0,35430.7265625,5.9,4.9
2025-10-04T02:35:49,6.0,35430.7265625,5.9,4.9
2025-10-04T02:35:50,3.0,35430.7265625,5.8,4.9
2025-10-04T02:35:51,5.0,35430.7265625,5.9,4.9
2025-10-04T02:35:52,5.0,35430.7265625,5.9,4.9
2025-10-04T02:35:53,5.0,35430.7265625,5.8,4.9
2025-10-04T02:35:54,5.0,35430.7265625,5.9,4.9
2025-10-04T02:35:55,5.0,35430.7265625,5.9,4.9
2025-10-04T02:35:56,4.0,35430.7265625,5.8,4.9
2025-10-04T02:35:57,7.0,35430.7265625,5.9,4.9
2025-10-04T02:35:58,3.0,35430.7265625,5.9,4.9
2025-10-04T02:35:59,4.0,35430.7265625,5.8,4.9
2025-10-04T02:36:00,5.0,35430.7265625,5.8,4.9
2025-10-04T02:36:01,5.0,35430.7265625,5.9,4.9
2025-10-04T02:36:02,4.0,35430.7265625,5.9,4.9
2025-10-04T02:36:03,4.0,35430.7265625,5.8,4.9
2025-10-04T02:36:04,5.0,35430.7265625,5.9,4.9
2025-10-04T02:36:05,4.0,35430.7265625,5.8,4.9
2025-10-04T02:36:06,5.0,35430.7265625,5.8,4.9
2025-10-04T02:36:07,6.0,35430.7265625,5.9,4.9
2025-10-04T02:36:08,2.0,35430.7265625,5.9,4.9
2025-10-04T02:36:09,5.0,35430.7265625,5.8,4.9
2025-10-04T02:36:10,5.0,35430.7265625,5.9,4.9
2025-10-04T02:36:11,6.0,35430.7265625,5.9,4.9
2025-10-04T02:36:12,5.0,35430.7265625,5.8,4.9
2025-10-04T02:36:13,4.0,35430.7265625,5.8,4.9
2025-10-04T02:36:14,4.0,35430.7265625,5.9,4.9
2025-10-04T02:36:15,4.0,35430.7265625,5.8,4.9
2025-10-04T02:36:16,4.0,35430.7265625,5.9,4.9
2025-10-04T02:36:17,5.0,35430.7265625,5.9,4.9
2025-10-04T02:36:18,4.0,35430.7265625,5.8,4.9
2025-10-04T02:36:19,6.0,35430.7265625,5.9,4.9
2025-10-04T02:36:20,4.0,35430.7265625,5.9,4.9
2025-10-04T02:36:21,4.0,35430.7265625,5.8,4.9
2025-10-04T02:36:22,4.0,35430.7265625,5.8,4.9
2025-10-04T02:36:23,4.0,35430.7265625,5.9,4.9
2025-10-04T02:36:24,4.0,35430.7265625,5.9,4.9
2025-10-04T02:36:25,6.0,35430.7265625,5.8,4.9
2025-10-04T02:36:26,4.0,35430.7265625,5.9,4.9
2025-10-04T02:36:27,3.0,35430.7265625,5.8,4.9
2025-10-04T02:36:28,4.0,35430.7265625,5.8,4.9
2025-10-04T02:36:29,5.0,35430.7265625,5.9,4.9
2025-10-04T02:36:30,4.0,35430.7265625,5.9,4.9
2025-10-04T02:36:31,4.0,35430.7265625,5.8,4.9
2025-10-04T02:36:32,6.0,35430.7265625,5.9,4.9
2025-10-04T02:36:33,5.0,35430.7265625,5.9,4.9
2025-10-04T02:36:34,4.0,35430.7265625,5.8,4.9
2025-10-04T02:36:35,4.0,35430.7265625,5.9,4.9
2025-10-04T02:36:36,4.0,35430.7265625,5.9,4.9
2025-10-04T02:36:37,6.0,35430.7265625,5.9,4.9
2025-10-04T02:36:38,5.0,35430.7265625,5.9,4.9
2025-10-04T02:36:39,4.0,35430.7265625,5.9,4.9
2025-10-04T02:36:40,4.0,35430.7265625,5.9,4.9
2025-10-04T02:36:41,7.0,35430.7265625,5.8,4.9
2025-10-04T02:36:42,3.0,35430.7265625,5.9,4.9
2025-10-04T02:36:43,5.0,35430.7265625,5.9,4.9
2025-10-04T02:36:44,5.0,35430.7265625,5.8,4.9
2025-10-04T02:36:45,5.0,35430.7265625,5.9,4.9
2025-10-04T02:36:46,4.0,35430.7265625,5.9,4.9
2025-10-04T02:36:47,4.0,35430.7265625,5.8,4.9
2025-10-04T02:36:48,5.0,35430.7265625,5.9,4.9
2025-10-04T02:36:49,3.0,35430.7265625,5.9,4.9
2025-10-04T02:36:50,6.0,35430.7265625,5.8,4.9
2025-10-04T02:36:51,4.0,35430.7265625,5.8,4.9
2025-10-04T02:36:52,5.0,35430.7265625,5.9,4.9
2025-10-04T02:36:53,5.0,35430.7265625,5.8,4.9
2025-10-04T02:36:54,4.0,35430.7265625,5.8,4.9
2025-10-04T02:36:55,4.0,35430.7265625,5.9,4.9
2025-10-04T02:36:56,4.0,35430.7265625,5.9,4.9
2025-10-04T02:36:57,4.0,35430.7265625,5.8,4.9
2025-10-04T02:36:58,6.0,35430.7265625,5.9,4.9
2025-10-04T02:36:59,4.0,35430.7265625,5.8,4.9
2025-10-04T02:37:00,4.0,35430.7265625,5.8,4.9
2025-10-04T02:37:01,5.0,35430.7265625,5.9,4.9
2025-10-04T02:37:02,3.0,35430.7265625,5.9,4.9
2025-10-04T02:37:03,6.0,35430.7265625,5.8,4.9
2025-10-04T02:37:04,4.0,35430.7265625,5.9,4.9
2025-10-04T02:37:05,6.0,35430.7265625,5.9,4.9
2025-10-04T02:37:06,5.0,35430.7265625,5.8,4.9
2025-10-04T02:37:07,2.0,35430.7265625,5.7,4.9
2025-10-04T02:37:08,4.0,35430.7265625,5.9,4.9
2025-10-04T02:37:09,4.0,35430.7265625,5.8,4.9
2025-10-04T02:37:10,5.0,35430.7265625,5.9,4.9
2025-10-04T02:37:11,3.0,35430.7265625,5.9,4.9
2025-10-04T02:37:12,5.0,35430.7265625,5.9,4.9
2025-10-04T02:37:13,6.0,35430.7265625,5.9,4.9
2025-10-04T02:37:14,5.0,35430.7265625,5.9,4.9
2025-10-04T02:37:15,2.0,35430.7265625,5.8,4.9
2025-10-04T02:37:16,5.0,35430.7265625,5.9,4.9
2025-10-04T02:37:17,5.0,35430.7265625,5.9,4.9
2025-10-04T02:37:18,4.0,35430.7265625,5.8,4.9
2025-10-04T02:37:19,5.0,35430.7265625,5.8,4.9
2025-10-04T02:37:20,3.0,35430.7265625,5.9,4.9
2025-10-04T02:37:21,3.0,35430.7265625,5.9,4.9
2025-10-04T02:37:22,5.0,35430.7265625,5.8,4.9
2025-10-04T02:37:23,4.0,35430.7265625,5.9,4.9
2025-10-04T02:37:24,4.0,35430.7265625,5.9,4.9
2025-10-04T02:37:25,6.0,35430.7265625,5.8,4.9
2025-10-04T02:37:26,5.0,35430.7265625,5.9,4.9
2025-10-04T02:37:27,5.0,35430.7265625,5.9,4.9
2025-10-04T02:37:28,3.0,35430.7265625,5.8,4.9
2025-10-04T02:37:29,5.0,35430.7265625,5.9,4.9
2025-10-04T02:37:30,4.0,35430.7265625,5.9,4.9
2025-10-04T02:37:31,5.0,35430.7265625,5.9,4.9
2025-10-04T02:37:32,4.0,35430.7265625,5.8,4.9
2025-10-04T02:37:33,5.0,35430.7265625,5.9,4.9
2025-10-04T02:37:34,4.0,35430.7265625,5.8,4.9
2025-10-04T02:37:35,3.0,35430.7265625,5.8,4.9
2025-10-04T02:37:36,4.0,35430.7265625,5.9,4.9
2025-10-04T02:37:37,5.0,35430.7265625,5.9,4.9
2025-10-04T02:37:38,5.0,35430.7265625,5.8,4.9
2025-10-04T02:37:39,4.0,35430.7265625,5.9,4.9
2025-10-04T02:37:40,4.0,35430.7265625,5.9,4.9
2025-10-04T02:37:41,4.0,35430.7265625,5.8,4.9
2025-10-04T02:37:42,5.0,35430.7265625,5.9,4.9
2025-10-04T02:37:43,3.0,35430.7265625,5.9,4.9
2025-10-04T02:37:44,5.0,35430.7265625,5.8,4.9
2025-10-04T02:37:45,5.0,35430.7265625,5.9,4.9
2025-10-04T02:37:46,4.0,35430.7265625,5.9,4.9
2025-10-04T02:37:47,4.0,35430.7265625,5.8,4.9
2025-10-04T02:37:48,5.0,35430.7265625,5.9,4.9
2025-10-04T02:37:49,5.0,35430.7265625,5.9,4.9
2025-10-04T02:37:50,4.0,35430.7265625,5.8,4.9
2025-10-04T02:37:51,3.0,35430.7265625,5.8,4.9
2025-10-04T02:37:52,5.0,35430.7265625,5.9,4.9
2025-10-04T02:37:53,6.0,35430.7265625,5.8,4.9
2025-10-04T02:37:54,4.0,35430.7265625,5.8,4.9
2025-10-04T02:37:55,5.0,35430.7265625,5.9,4.9
2025-10-04T02:37:56,4.0,35430.7265625,5.9,4.9
2025-10-04T02:37:57,3.0,35430.7265625,5.8,4.9
2025-10-04T02:37:58,4.0,35430.7265625,5.9,4.9
2025-10-04T02:37:59,5.0,35430.7265625,5.9,4.9
2025-10-04T02:38:00,5.0,35430.7265625,5.8,4.9
2025-10-04T02:38:01,5.0,35430.7265625,5.9,4.9
2025-10-04T02:38:02,3.0,35430.7265625,5.9,4.9
2025-10-04T02:38:03,5.0,35430.7265625,5.8,4.9
2025-10-04T02:38:04,5.0,35430.7265625,5.9,4.9
2025-10-04T02:38:05,4.0,35430.7265625,5.9,4.9
2025-10-04T02:38:06,4.0,35430.7265625,5.8,4.9
2025-10-04T02:38:07,5.0,35430.7265625,5.9,4.9
2025-10-04T02:38:08,6.0,35430.7265625,5.9,4.9
2025-10-04T02:38:09,4.0,35430.7265625,5.8,4.9
2025-10-04T02:38:10,6.0,35430.7265625,5.9,4.9
2025-10-04T02:38:11,4.0,35430.7265625,5.9,4.9
2025-10-04T02:38:12,5.0,35430.7265625,5.8,4.9
2025-10-04T02:38:13,4.0,35430.7265625,5.8,4.9
2025-10-04T02:38:14,4.0,35430.7265625,5.9,4.9
2025-10-04T02:38:15,6.0,35430.7265625,5.9,4.9
2025-10-04T02:38:16,4.0,35430.7265625,5.8,4.9
2025-10-04T02:38:17,5.0,35430.7265625,5.9,4.9
2025-10-04T02:38:18,5.0,35430.7265625,5.9,4.9
2025-10-04T02:38:19,5.0,35430.7265625,5.8,4.9
2025-10-04T02:38:20,5.0,35430.7265625,5.9,4.9
2025-10-04T02:38:21,3.0,35430.7265625,5.9,4.9
2025-10-04T02:38:22,6.0,35430.7265625,5.8,4.9
2025-10-04T02:38:23,6.0,35430.7265625,5.9,4.9
2025-10-04T02:38:24,4.0,35430.7265625,5.9,4.9
2025-10-04T02:38:25,4.0,35430.7265625,5.8,4.9
2025-10-04T02:38:26,4.0,35430.7265625,5.8,4.9
2025-10-04T02:38:27,4.0,35430.7265625,5.9,4.9
2025-10-04T02:38:28,5.0,35430.7265625,5.9,4.9
2025-10-04T02:38:29,4.0,35430.7265625,5.8,4.9
2025-10-04T02:38:30,4.0,35430.7265625,5.9,4.9
2025-10-04T02:38:31,7.0,35430.7265625,5.9,4.9
2025-10-04T02:38:32,4.0,35430.7265625,5.8,4.9
2025-10-04T02:38:33,4.0,35430.7265625,5.9,4.9
2025-10-04T02:38:34,5.0,35430.7265625,5.9,4.9
2025-10-04T02:38:35,5.0,35430.7265625,5.8,4.9
2025-10-04T02:38:36,4.0,35430.7265625,5.9,4.9
2025-10-04T02:38:37,5.0,35430.7265625,5.9,4.9
2025-10-04T02:38:38,6.0,35430.7265625,5.9,4.9
2025-10-04T02:38:39,3.0,35430.7265625,5.8,4.9
2025-10-04T02:38:40,5.0,35430.7265625,5.9,4.9
2025-10-04T02:38:41,4.0,35430.7265625,5.8,4.9
2025-10-04T02:38:42,6.0,35430.7265625,5.9,4.9
2025-10-04T02:38:43,5.0,35430.7265625,5.9,4.9
2025-10-04T02:38:44,5.0,35430.7265625,5.8,4.9
2025-10-04T02:38:45,4.0,35430.7265625,5.8,4.9
2025-10-04T02:38:46,4.0,35430.7265625,5.9,4.9
2025-10-04T02:38:47,5.0,35430.7265625,5.9,4.9
2025-10-04T02:38:48,4.0,35430.7265625,5.9,4.9
2025-10-04T02:38:49,4.0,35430.7265625,5.9,4.9
2025-10-04T02:38:50,4.0,35430.7265625,5.9,4.9
2025-10-04T02:38:51,6.0,35430.7265625,5.8,4.9
2025-10-04T02:38:52,4.0,35430.7265625,6.0,4.9
2025-10-04T02:38:53,6.0,35430.7265625,5.9,4.9
2025-10-04T02:38:54,18.8,35430.7265625,5.9,4.9
2025-10-04T02:38:55,4.8,35430.7265625,5.9,4.9
2025-10-04T02:38:56,5.0,35430.7265625,5.9,4.9
2025-10-04T02:38:57,4.0,35430.7265625,5.8,4.9
2025-10-04T02:38:58,4.0,35430.7265625,5.9,4.9
2025-10-04T02:38:59,5.0,35430.7265625,5.9,4.9
2025-10-04T02:39:00,4.0,35430.7265625,5.8,4.9
2025-10-04T02:39:01,5.0,35430.7265625,5.9,4.9
2025-10-04T02:39:02,5.0,35430.7265625,5.9,4.9
2025-10-04T02:39:03,4.0,35430.7265625,5.8,4.9
2025-10-04T02:39:04,4.0,35430.7265625,5.8,4.9
2025-10-04T02:39:05,5.0,35430.7265625,5.9,4.9
2025-10-04T02:39:06,4.0,35430.7265625,5.8,4.9
2025-10-04T02:39:07,4.0,35430.7265625,5.8,4.9
2025-10-04T02:39:08,5.0,35430.7265625,5.9,4.9
2025-10-04T02:39:09,5.0,35430.7265625,5.9,4.9
2025-10-04T02:39:10,5.0,35430.7265625,5.8,4.9
2025-10-04T02:39:11,4.0,35430.7265625,5.9,4.9
2025-10-04T02:39:12,3.0,35430.7265625,5.8,4.9
2025-10-04T02:39:13,6.0,35430.7265625,5.8,4.9
2025-10-04T02:39:14,5.0,35430.7265625,5.9,4.9
2025-10-04T02:39:15,4.0,35430.7265625,5.9,4.9
2025-10-04T02:39:16,5.0,35430.7265625,5.8,4.9
2025-10-04T02:39:17,3.0,35430.7265625,5.8,4.9
2025-10-04T02:39:18,5.0,35430.7265625,5.9,4.9
2025-10-04T02:39:19,4.0,35430.7265625,5.8,4.9
2025-10-04T02:39:20,5.0,35430.7265625,5.9,4.9
2025-10-04T02:39:21,5.0,35430.7265625,5.9,4.9
2025-10-04T02:39:22,3.0,35430.7265625,5.8,4.9
2025-10-04T02:39:23,5.0,35430.7265625,5.9,4.9
2025-10-04T02:39:24,4.0,35430.7265625,5.9,4.9
2025-10-04T02:39:25,4.0,35430.7265625,5.8,4.9
2025-10-04T02:39:26,4.0,35430.7265625,5.8,4.9
2025-10-04T02:39:27,3.0,35430.7265625,5.9,4.9
2025-10-04T02:39:28,5.0,35430.7265625,5.9,4.9
2025-10-04T02:39:29,4.0,35430.7265625,5.9,4.9
2025-10-04T02:39:30,4.0,35430.7265625,5.9,4.9
2025-10-04T02:39:31,4.0,35430.7265625,5.9,4.9
2025-10-04T02:39:32,5.0,35430.7265625,5.8,4.9
2025-10-04T02:39:33,4.0,35430.7265625,5.9,4.9
2025-10-04T02:39:34,4.0,35430.7265625,5.9,4.9
2025-10-04T02:39:35,5.0,35430.7265625,5.8,4.9
2025-10-04T02:39:36,5.0,35430.7265625,5.9,4.9
2025-10-04T02:39:37,4.0,35430.7265625,5.9,4.9
2025-10-04T02:39:38,5.0,35430.7265625,5.8,4.9
2025-10-04T02:39:39,4.0,35430.7265625,5.9,4.9
2025-10-04T02:39:40,5.0,35430.7265625,5.9,4.9
2025-10-04T02:39:41,4.0,35430.7265625,5.8,4.9
2025-10-04T02:39:42,3.0,35430.7265625,5.8,4.9
2025-10-04T02:39:43,5.0,35430.7265625,5.9,4.9
2025-10-04T02:39:44,4.0,35430.7265625,5.9,4.9
2025-10-04T02:39:45,5.0,35430.7265625,5.9,4.9
2025-10-04T02:39:46,5.0,35430.7265625,5.9,4.9
2025-10-04T02:39:47,4.0,35430.7265625,5.8,4.9
2025-10-04T02:39:48,5.0,35430.7265625,5.9,4.9
2025-10-04T02:39:49,3.0,35430.7265625,5.9,4.9
2025-10-04T02:39:50,4.0,35430.7265625,5.9,4.9
2025-10-04T02:39:51,5.0,35430.7265625,5.8,4.9
2025-10-04T02:39:52,4.0,35430.7265625,5.9,4.9
2025-10-04T02:39:53,6.0,35430.7265625,5.9,4.9
2025-10-04T02:39:54,4.0,35430.7265625,5.8,4.9
2025-10-04T02:39:55,3.0,35430.7265625,5.9,4.9
2025-10-04T02:39:56,4.0,35430.7265625,5.9,4.9
2025-10-04T02:39:57,8.0,35430.7265625,5.9,4.9
2025-10-04T02:39:58,5.0,35430.7265625,5.9,4.9
2025-10-04T02:39:59,4.0,35430.7265625,5.9,4.9
2025-10-04T02:40:00,5.0,35430.7265625,5.8,4.9
2025-10-04T02:40:01,3.0,35430.7265625,5.8,4.9
2025-10-04T02:40:02,6.0,35430.7265625,5.9,4.9
2025-10-04T02:40:03,4.0,35430.7265625,5.8,4.9
2025-10-04T02:40:04,4.0,35430.7265625,5.8,4.9
2025-10-04T02:40:05,5.0,35430.7265625,5.9,4.9
2025-10-04T02:40:06,6.0,35430.7265625,5.8,4.9
2025-10-04T02:40:07,3.0,35430.7265625,5.8,4.9
2025-10-04T02:40:08,4.0,35430.7265625,5.9,4.9
2025-10-04T02:40:09,5.0,35430.7265625,5.9,4.9
2025-10-04T02:40:10,6.0,35430.7265625,5.9,4.9
2025-10-04T02:40:11,3.0,35430.7265625,5.8,4.9
2025-10-04T02:40:12,3.0,35430.7265625,5.9,4.9
2025-10-04T02:40:13,5.0,35430.7265625,5.8,4.9
2025-10-04T02:40:14,3.0,35430.7265625,5.8,4.9
2025-10-04T02:40:15,5.0,35430.7265625,5.9,4.9
2025-10-04T02:40:16,7.0,35430.7265625,5.9,4.9
2025-10-04T02:40:17,3.0,35430.7265625,5.9,4.9
2025-10-04T02:40:18,5.0,35430.7265625,5.9,4.9
2025-10-04T02:40:19,4.0,35430.7265625,5.8,4.9
2025-10-04T02:40:20,4.0,35430.7265625,5.9,4.9
2025-10-04T02:40:21,6.0,35430.7265625,5.9,4.9
2025-10-04T02:40:22,5.0,35430.7265625,5.8,4.9
2025-10-04T02:40:23,4.0,35430.7265625,5.9,4.9
2025-10-04T02:40:24,5.0,35430.7265625,5.9,4.9
2025-10-04T02:40:25,4.0,35430.7265625,5.8,4.9
2025-10-04T02:40:26,4.0,35430.7265625,5.9,4.9
2025-10-04T02:40:27,5.0,35430.7265625,5.9,4.9
2025-10-04T02:40:28,6.0,35430.7265625,5.9,4.9
2025-10-04T02:40:29,4.0,35430.7265625,5.8,4.9
2025-10-04T02:40:30,4.0,35430.7265625,5.9,4.9
2025-10-04T02:40:31,4.0,35430.7265625,5.9,4.9
2025-10-04T02:40:32,5.0,35430.7265625,5.8,4.9
2025-10-04T02:40:33,5.0,35430.7265625,5.9,4.9
2025-10-04T02:40:34,5.0,35430.7265625,5.9,4.9
2025-10-04T02:40:35,4.0,35430.7265625,5.8,4.9
2025-10-04T02:40:36,5.0,35430.7265625,5.9,4.9
2025-10-04T02:40:37,5.0,35430.7265625,5.9,4.9
2025-10-04T02:40:38,4.0,35430.7265625,5.9,4.9
2025-10-04T02:40:39,4.0,35430.7265625,5.8,4.9
2025-10-04T02:40:40,6.0,35430.7265625,6.0,4.9
2025-10-04T02:40:41,5.0,35430.7265625,5.8,4.9
2025-10-04T02:40:42,5.0,35430.7265625,5.9,4.9
2025-10-04T02:40:43,4.0,35430.7265625,5.9,4.9
2025-10-04T02:40:44,7.0,35430.7265625,5.9,4.9
2025-10-04T02:40:45,3.0,35430.7265625,5.8,4.9
2025-10-04T02:40:46,4.0,35430.7265625,5.9,4.9
2025-10-04T02:40:47,5.0,35430.7265625,5.9,4.9
2025-10-04T02:40:48,4.0,35430.7265625,5.9,4.9
2025-10-04T02:40:49,5.0,35430.7265625,5.9,4.9
2025-10-04T02:40:50,3.0,35430.7265625,5.9,4.9
2025-10-04T02:40:51,5.0,35430.7265625,5.8,4.9
2025-10-04T02:40:52,4.0,35430.7265625,5.9,4.9
2025-10-04T02:40:53,6.0,35430.7265625,5.9,4.9
2025-10-04T02:40:54,3.0,35430.7265625,5.8,4.9
2025-10-04T02:40:55,5.0,35430.7265625,5.9,4.9
2025-10-04T02:40:56,5.0,35430.7265625,5.9,4.9
2025-10-04T02:40:57,5.0,35430.7265625,5.8,4.9
2025-10-04T02:40:58,5.0,35430.7265625,5.9,4.9
2025-10-04T02:40:59,3.0,35430.7265625,5.8,4.9
2025-10-04T02:41:00,4.0,35430.7265625,5.8,4.9
2025-10-04T02:41:01,4.0,35430.7265625,5.9,4.9
2025-10-04T02:41:02,6.0,35430.7265625,5.9,4.9
2025-10-04T02:41:03,6.0,35430.7265625,5.9,4.9
2025-10-04T02:41:04,4.0,35430.7265625,5.8,4.9
2025-10-04T02:41:05,4.0,35430.7265625,5.9,4.9
2025-10-04T02:41:06,5.0,35430.7265625,5.8,4.9
2025-10-04T02:41:07,4.0,35430.7265625,5.8,4.9
2025-10-04T02:41:08,4.0,35430.7265625,5.9,4.9
2025-10-04T02:41:09,5.0,35430.7265625,5.9,4.9
2025-10-04T02:41:10,3.0,35430.7265625,5.8,4.9
2025-10-04T02:41:11,6.0,35430.7265625,5.9,4.9
2025-10-04T02:41:12,4.0,35430.7265625,5.9,4.9
2025-10-04T02:41:13,3.0,35430.7265625,5.8,4.9
2025-10-04T02:41:14,5.0,35430.7265625,5.9,4.9
2025-10-04T02:41:15,5.0,35430.7265625,5.9,4.9
2025-10-04T02:41:16,4.0,35430.7265625,5.9,4.9
2025-10-04T02:41:17,5.0,35430.7265625,5.9,4.9
2025-10-04T02:41:18,4.0,35430.7265625,5.9,4.9
2025-10-04T02:41:19,5.0,35430.7265625,5.8,4.9
2025-10-04T02:41:20,5.0,35430.7265625,5.9,4.9
2025-10-04T02:41:21,4.0,35430.7265625,5.9,4.9
2025-10-04T02:41:22,4.0,35430.7265625,5.8,4.9
2025-10-04T02:41:23,5.0,35430.7265625,5.8,4.9
2025-10-04T02:41:24,5.0,35430.7265625,5.9,4.9
2025-10-04T02:41:25,6.0,35430.7265625,5.9,4.9
2025-10-04T02:41:26,5.0,35430.7265625,5.8,4.9
2025-10-04T02:41:27,3.0,35430.7265625,5.8,4.9
2025-10-04T02:41:28,6.0,35430.7265625,5.9,4.9
2025-10-04T02:41:29,4.0,35430.7265625,5.8,4.9
2025-10-04T02:41:30,4.0,35430.7265625,5.9,4.9
2025-10-04T02:41:31,6.0,35430.7265625,5.9,4.9
2025-10-04T02:41:32,4.0,35430.7265625,5.8,4.9
2025-10-04T02:41:33,6.0,35430.7265625,5.9,4.9
2025-10-04T02:41:34,4.0,35430.7265625,5.9,4.9
2025-10-04T02:41:35,4.0,35430.7265625,5.8,4.9
2025-10-04T02:41:36,5.0,35430.7265625,5.9,4.9
2025-10-04T02:41:37,5.0,35430.7265625,5.9,4.9
2025-10-04T02:41:38,6.0,35430.7265625,5.9,4.9
2025-10-04T02:41:39,3.0,35430.7265625,5.8,4.9
2025-10-04T02:41:40,5.0,35430.7265625,5.9,4.9
2025-10-04T02:41:41,4.0,35430.7265625,5.8,4.9
2025-10-04T02:41:42,4.0,35430.7265625,5.8,4.9
2025-10-04T02:41:43,5.0,35430.7265625,5.9,4.9
2025-10-04T02:41:44,6.0,35430.7265625,5.9,4.9
2025-10-04T02:41:45,4.0,35430.7265625,5.8,4.9
2025-10-04T02:41:46,5.0,35430.7265625,5.9,4.9
2025-10-04T02:41:47,5.0,35430.7265625,5.9,4.9
2025-10-04T02:41:48,3.0,35430.7265625,5.8,4.9
2025-10-04T02:41:49,5.0,35430.7265625,5.8,4.9
2025-10-04T02:41:50,6.0,35430.7265625,5.9,4.9
2025-10-04T02:41:51,4.0,35430.7265625,5.8,4.9
2025-10-04T02:41:52,6.0,35430.7265625,5.9,4.9
2025-10-04T02:41:53,4.0,35430.7265625,5.9,4.9
2025-10-04T02:41:54,4.0,35430.7265625,5.8,4.9
2025-10-04T02:41:55,4.0,35430.7265625,5.8,4.9
2025-10-04T02:41:56,3.0,35430.7265625,5.9,4.9
2025-10-04T02:41:57,5.0,35430.7265625,5.9,4.9
2025-10-04T02:41:58,6.0,35430.7265625,5.9,4.9
2025-10-04T02:41:59,3.0,35430.7265625,5.9,4.9
2025-10-04T02:42:00,4.0,35430.7265625,5.9,4.9
2025-10-04T02:42:01,5.0,35430.7265625,5.8,4.9
2025-10-04T02:42:02,4.0,35430.7265625,5.9,4.9
2025-10-04T02:42:03,4.0,35430.7265625,5.9,4.9
2025-10-04T02:42:04,5.0,35430.7265625,5.8,4.9
2025-10-04T02:42:05,4.0,35430.7265625,5.9,4.9
2025-10-04T02:42:06,5.0,35430.7265625,5.9,4.9
2025-10-04T02:42:07,6.0,35430.7265625,5.8,4.9
2025-10-04T02:42:08,4.0,35430.7265625,5.9,4.9
2025-10-04T02:42:09,4.0,35430.7265625,6.0,4.9
2025-10-04T02:42:10,4.0,35430.7265625,5.8,4.9
2025-10-04T02:42:11,6.0,35430.7265625,5.9,4.9
2025-10-04T02:42:12,4.0,35430.7265625,5.9,4.9
2025-10-04T02:42:13,6.0,35430.7265625,5.9,4.9
2025-10-04T02:42:14,4.0,35430.7265625,5.8,4.9
2025-10-04T02:42:15,5.0,35430.7265625,5.9,4.9
2025-10-04T02:42:16,4.0,35430.7265625,5.9,4.9
2025-10-04T02:42:17,3.0,35430.7265625,5.8,4.9
2025-10-04T02:42:18,6.0,35430.7265625,5.9,4.9
2025-10-04T02:42:19,6.0,35430.7265625,5.9,4.9
2025-10-04T02:42:20,3.0,35430.7265625,5.8,4.9
2025-10-04T02:42:21,4.0,35430.7265625,5.9,4.9
2025-10-04T02:42:22,5.0,35430.7265625,5.9,4.9
2025-10-04T02:42:23,4.0,35430.7265625,5.8,4.9
2025-10-04T02:42:24,4.0,35430.7265625,5.9,4.9
2025-10-04T02:42:25,5.0,35430.7265625,5.9,4.9
2025-10-04T02:42:26,5.0,35430.7265625,5.8,4.9
2025-10-04T02:42:27,4.0,35430.7265625,5.9,4.9
2025-10-04T02:42:28,4.0,35430.7265625,5.9,4.9
2025-10-04T02:42:29,5.0,35430.7265625,5.8,4.9
2025-10-04T02:42:30,4.0,35430.7265625,5.8,4.9
2025-10-04T02:42:31,5.0,35430.7265625,5.9,4.9
2025-10-04T02:42:32,5.0,35430.7265625,5.9,4.9
2025-10-04T02:42:33,5.0,35430.7265625,5.9,4.9
2025-10-04T02:42:34,5.0,35430.7265625,5.9,4.9
2025-10-04T02:42:35,5.0,35430.7265625,5.9,4.9
2025-10-04T02:42:36,3.0,35430.7265625,5.8,4.9
2025-10-04T02:42:37,4.0,35430.7265625,5.9,4.9
2025-10-04T02:42:38,6.0,35430.7265625,5.9,4.9
2025-10-04T02:42:39,4.0,35430.7265625,5.8,4.9
2025-10-04T02:42:40,6.0,35430.7265625,5.9,4.9
2025-10-04T02:42:41,5.0,35430.7265625,5.9,4.9
2025-10-04T02:42:42,5.0,35430.7265625,5.8,4.9
2025-10-04T02:42:43,4.0,35430.7265625,5.9,4.9
2025-10-04T02:42:44,4.0,35430.7265625,5.9,4.9
2025-10-04T02:42:45,5.0,35430.7265625,5.8,4.9
2025-10-04T02:42:46,5.0,35430.7265625,5.9,4.9
2025-10-04T02:42:47,5.0,35430.7265625,5.9,4.9
2025-10-04T02:42:48,5.0,35430.7265625,5.9,4.9
2025-10-04T02:42:49,4.0,35430.7265625,5.9,4.9
2025-10-04T02:42:50,5.0,35430.7265625,5.9,4.9
2025-10-04T02:42:51,6.0,35430.7265625,5.8,4.9
2025-10-04T02:42:52,3.0,35430.7265625,5.8,4.9
2025-10-04T02:42:53,5.0,35430.7265625,5.9,4.9
2025-10-04T02:42:54,20.0,35430.7265625,5.9,4.9
2025-10-04T02:42:55,6.0,35430.7265625,5.9,4.9
2025-10-04T02:42:56,4.0,35430.7265625,5.9,4.9
2025-10-04T02:42:57,5.0,35430.7265625,5.9,4.9
2025-10-04T02:42:58,4.0,35430.7265625,5.8,4.9
2025-10-04T02:42:59,3.0,35430.7265625,5.9,4.9
2025-10-04T02:43:00,4.0,35430.7265625,5.9,4.9
2025-10-04T02:43:01,4.0,35430.7265625,5.8,4.9
2025-10-04T02:43:02,7.0,35430.7265625,5.9,4.9
2025-10-04T02:43:03,5.0,35430.7265625,5.9,4.9
2025-10-04T02:43:04,4.0,35430.7265625,5.8,4.9
2025-10-04T02:43:05,4.0,35430.7265625,5.8,4.9
2025-10-04T02:43:06,4.0,35430.7265625,5.9,4.9
2025-10-04T02:43:07,5.0,35430.7265625,5.8,4.9
2025-10-04T02:43:08,4.0,35430.7265625,5.9,4.9
2025-10-04T02:43:09,4.0,35430.7265625,5.9,4.9
2025-10-04T02:43:10,7.0,35430.7265625,5.9,4.9
2025-10-04T02:43:11,4.0,35430.7265625,5.9,4.9
2025-10-04T02:43:12,6.0,35430.7265625,5.9,4.9
2025-10-04T02:43:13,5.0,35430.7265625,5.9,4.9
2025-10-04T02:43:14,4.0,35430.7265625,5.8,4.9
2025-10-04T02:43:15,6.0,35430.7265625,5.9,4.9
2025-10-04T02:43:16,6.0,35430.7265625,6.0,4.9
2025-10-04T02:43:17,4.0,35430.7265625,5.8,4.9
2025-10-04T02:43:18,5.0,35430.7265625,5.9,4.9
2025-10-04T02:43:19,5.0,35430.7265625,5.9,4.9
2025-10-04T02:43:20,4.0,35430.7265625,5.8,4.9
2025-10-04T02:43:21,6.0,35430.7265625,5.8,4.9
2025-10-04T02:43:22,5.0,35430.7265625,5.9,4.9
2025-10-04T02:43:23,6.0,35430.7265625,5.8,4.9
2025-10-04T02:43:24,4.0,35430.7265625,5.9,4.9
2025-10-04T02:43:25,5.0,35430.7265625,5.9,4.9
2025-10-04T02:43:26,4.0,35430.7265625,5.8,4.9
2025-10-04T02:43:27,4.0,35430.7265625,5.9,4.9
2025-10-04T02:43:28,6.0,35430.7265625,6.0,4.9
2025-10-04T02:43:29,3.0,35430.7265625,5.8,4.9
2025-10-04T02:43:30,5.0,35430.7265625,5.8,4.9
2025-10-04T02:43:31,5.0,35430.7265625,5.9,4.9
2025-10-04T02:43:32,7.0,35430.7265625,5.9,4.9
2025-10-04T02:43:33,3.0,35430.7265625,5.8,4.9
2025-10-04T02:43:34,4.0,35430.7265625,5.9,4.9
2025-10-04T02:43:35,5.0,35430.7265625,5.9,4.9
2025-10-04T02:43:36,3.0,35430.7265625,5.8,4.9
2025-10-04T02:43:37,5.0,35430.7265625,5.9,4.9
2025-10-04T02:43:38,5.0,35430.7265625,5.9,4.9
2025-10-04T02:43:39,6.0,35430.7265625,5.8,4.9
2025-10-04T02:43:40,5.0,35430.7265625,5.9,4.9
2025-10-04T02:43:41,5.0,35430.7265625,5.9,4.9
2025-10-04T02:43:42,3.0,35430.7265625,5.8,4.9
2025-10-04T02:43:43,4.0,35430.7265625,5.8,4.9
2025-10-04T02:43:44,4.0,35430.7265625,5.9,4.9
2025-10-04T02:43:45,5.0,35430.7265625,5.8,4.9
2025-10-04T02:43:46,4.0,35430.7265625,5.9,4.9
2025-10-04T02:43:47,4.0,35430.7265625,5.9,4.9
2025-10-04T02:43:48,5.0,35430.7265625,5.9,4.9
2025-10-04T02:43:49,4.0,35430.7265625,5.9,4.9
2025-10-04T02:43:50,2.0,35430.7265625,5.9,4.9
2025-10-04T02:43:51,2.0,35430.7265625,5.8,4.9
2025-10-04T02:43:52,2.0,35430.7265625,5.8,4.9
2025-10-04T02:43:53,2.0,35430.7265625,5.9,4.9
2025-10-04T02:43:54,2.0,35430.7265625,5.9,4.9
2025-10-04T02:43:55,2.0,35430.7265625,5.8,4.9
2025-10-04T02:43:56,3.0,35430.7265625,5.9,4.9
2025-10-04T02:43:57,2.0,35430.7265625,5.8,4.9
2025-10-04T02:43:58,4.0,35430.7265625,5.7,4.9
2025-10-04T02:43:59,4.0,35430.7265625,5.8,4.9
2025-10-04T02:44:00,4.0,35430.7265625,5.8,4.9
2025-10-04T02:44:01,26.9,35430.7265625,5.7,4.9
2025-10-04T02:44:02,99.3,35435.62890625,5.7,4.9
2025-10-04T02:44:03,99.2,35435.62890625,5.7,4.9
2025-10-04T02:44:04,100.7,35435.62890625,5.7,4.9
2025-10-04T02:44:05,99.4,35435.62890625,5.7,4.9
2025-10-04T02:44:06,99.8,35435.62890625,5.8,4.9
2025-10-04T02:44:07,99.1,35470.62890625,5.7,4.9
2025-10-04T02:44:08,100.9,35520.62890625,5.7,4.9
2025-10-04T02:44:09,98.3,35574.37890625,5.7,4.9
2025-10-04T02:44:10,100.3,35609.37890625,5.7,4.9
2025-10-04T02:44:11,99.6,35661.87890625,5.7,4.9
2025-10-04T02:44:12,99.7,35718.12890625,5.7,4.9
2025-10-04T02:44:13,99.0,35745.62890625,5.7,4.9
2025-10-04T02:44:14,100.1,35801.87890625,5.7,4.9
2025-10-04T02:44:15,99.1,35855.62890625,5.7,4.9
2025-10-04T02:44:16,100.8,35911.87890625,5.7,4.9
2025-10-04T02:44:17,98.8,35936.87890625,5.7,4.9
2025-10-04T02:44:18,100.3,35988.12890625,5.7,4.9
2025-10-04T02:44:19,98.4,36043.12890625,5.7,4.9
2025-10-04T02:44:20,100.6,36100.62890625,5.9,4.9
2025-10-04T02:44:21,99.3,36156.87890625,5.7,4.9
2025-10-04T02:44:22,100.4,36174.37890625,5.7,4.9
2025-10-04T02:44:23,98.0,36220.62890625,5.8,4.9
2025-10-04T02:44:34,101.3,37823.265625,5.7,5.5
2025-10-04T02:44:35,101.6,47319.83203125,5.7,5.5
2025-10-04T02:44:35,74.0,47539.83203125,5.6,5.5
2025-10-04T02:44:40,99.0,47538.3984375,5.7,5.6
2025-10-04T02:44:40,99.8,47554.0859375,5.7,5.6
2025-10-04T02:44:40,98.8,47556.8359375,5.8,5.6
2025-10-04T02:44:42,104.5,49648.87109375,5.7,5.8
2025-10-04T02:44:43,172.3,58767.796875,5.7,6.2
2025-10-04T02:44:43,14.6,59434.23046875,5.8,6.2
2025-10-04T02:44:43,100.3,60080.44921875,6.0,6.2
2025-10-04T02:44:43,110.6,60521.171875,5.7,6.3
2025-10-04T02:44:44,121.1,61341.90625,5.7,6.3
2025-10-04T02:44:44,116.7,62998.234375,5.7,6.5
2025-10-04T02:44:46,102.3,72438.55859375,5.7,6.9
2025-10-04T02:44:46,91.9,72832.71484375,5.7,7.0
2025-10-04T02:44:46,120.2,73515.984375,5.7,7.0
2025-10-04T02:44:47,55.2,73853.6328125,5.6,7.0
2025-10-04T02:44:47,111.4,74398.64453125,5.7,7.0
2025-10-04T02:44:47,99.2,75241.77734375,5.6,7.1
2025-10-04T02:44:48,95.0,76875.83984375,5.8,7.3
2025-10-04T02:44:49,125.5,82178.56640625,5.7,7.5
2025-10-04T02:44:49,49.0,82926.9765625,5.9,7.5
2025-10-04T02:44:49,149.2,83292.609375,5.8,7.5
2025-10-04T02:44:49,69.7,83650.2578125,5.6,7.5
2025-10-04T02:44:49,134.2,84658.359375,5.7,7.6
2025-10-04T02:44:50,125.4,86279.41796875,5.7,7.7
2025-10-04T02:44:54,79.7,89605.86328125,5.7,8.3
2025-10-04T02:44:54,104.2,103767.05859375,5.7,8.7
2025-10-04T02:44:54,72.6,104381.85546875,5.8,8.7
2025-10-04T02:44:54,102.2,104788.015625,5.7,8.7
2025-10-04T02:44:54,99.5,105238.67578125,5.8,8.7
2025-10-04T02:44:55,98.7,67214.7421875,5.7,6.7
2025-10-04T02:44:56,99.0,67214.7421875,5.7,6.7
2025-10-04T02:44:57,101.0,67214.7421875,5.7,6.7
2025-10-04T02:44:59,99.7,39587.4453125,5.7,5.2
2025-10-04T02:44:59,72.2,39494.1875,5.7,5.2
2025-10-04T02:45:00,102.1,39494.1875,5.7,5.2
2025-10-04T02:45:01,98.4,39494.1875,5.7,5.2
2025-10-04T02:45:02,100.7,39494.1875,5.7,5.2
2025-10-04T02:45:03,100.1,39494.1875,5.7,5.2
2025-10-04T02:45:04,97.9,39494.1875,5.7,5.2
2025-10-04T02:45:05,100.9,39520.4375,5.7,5.2
2025-10-04T02:45:06,99.6,39574.1875,5.8,5.2
2025-10-04T02:45:07,98.8,39635.4375,5.7,5.2
2025-10-04T02:45:08,99.5,39672.9375,5.8,5.2
2025-10-04T02:45:09,99.8,39736.6875,5.7,5.2
2025-10-04T02:45:10,98.8,39799.1875,5.7,5.2
2025-10-04T02:45:11,100.9,39831.6875,5.7,5.2
2025-10-04T02:45:12,98.5,39894.1875,5.7,5.2
2025-10-04T02:45:13,99.8,39956.6875,5.7,5.2
2025-10-04T02:45:14,99.8,40019.1875,5.7,5.2
2025-10-04T02:45:15,99.4,40045.4375,5.7,5.2
2025-10-04T02:45:16,100.5,40109.1875,5.7,5.2
2025-10-04T02:45:17,99.2,40171.6875,5.7,5.2
2025-10-04T02:45:18,99.8,40232.9375,5.7,5.2
2025-10-04T02:45:26,464.5,44375.73046875,5.7,5.4
2025-10-04T02:45:30,16.0,44613.49609375,5.8,5.4
2025-10-04T02:45:30,92.8,45004.99609375,5.7,5.4
2025-10-04T02:45:30,98.3,44996.08203125,5.7,5.4
2025-10-04T02:45:30,93.9,44995.52734375,5.9,5.4
2025-10-04T02:45:31,98.9,45003.55859375,5.8,5.5
2025-10-04T02:45:32,100.7,47095.83203125,5.7,5.7
2025-10-04T02:45:33,99.3,53960.63671875,5.7,6.1
2025-10-04T02:45:33,101.9,56496.58984375,5.8,6.1
2025-10-04T02:45:33,108.7,57086.0546875,5.6,6.1
2025-10-04T02:45:34,96.1,57592.01953125,5.7,6.1
2025-10-04T02:45:34,82.7,57969.0078125,5.6,6.2
2025-10-04T02:45:34,96.3,58788.16015625,5.7,6.2
2025-10-04T02:45:35,132.4,59452.1171875,5.7,6.3
2025-10-04T02:45:37,136.5,65854.1640625,5.7,6.8
2025-10-04T02:45:37,87.7,70343.90625,5.7,6.8
2025-10-04T02:45:37,97.4,70998.6015625,5.6,6.8
2025-10-04T02:45:37,118.1,71142.85546875,5.7,6.8
2025-10-04T02:45:37,119.0,71785.328125,5.7,6.9
2025-10-04T02:45:39,108.1,77156.734375,5.7,7.3
2025-10-04T02:45:39,93.1,80035.5390625,5.8,7.4
2025-10-04T02:45:41,107.3,83953.453125,5.7,7.6
2025-10-04T02:45:44,139.3,93397.33203125,5.7,8.3
2025-10-04T02:45:45,83.7,100735.36328125,5.7,8.5
2025-10-04T02:45:45,103.6,102169.3203125,5.8,8.6
2025-10-04T02:45:45,90.4,102486.7578125,5.8,8.6
2025-10-04T02:45:45,111.4,103595.66015625,5.6,8.7
2025-10-04T02:45:46,96.5,64748.37890625,5.7,6.6
2025-10-04T02:45:47,100.0,64748.37890625,5.7,6.6
2025-10-04T02:45:49,99.8,45005.96875,5.7,5.2
2025-10-04T02:45:49,99.1,39987.8515625,5.7,5.2
2025-10-04T02:45:50,104.0,39976.06640625,5.7,5.2
2025-10-04T02:45:51,98.4,39972.12890625,5.7,5.2
2025-10-04T02:45:52,98.6,39972.12890625,5.7,5.2
2025-10-04T02:45:53,99.4,39972.12890625,5.7,5.2
2025-10-04T02:45:54,100.0,39972.12890625,5.7,5.2
2025-10-04T02:45:55,99.0,39972.12890625,5.7,5.2
2025-10-04T02:45:56,101.0,39972.12890625,5.7,5.2
2025-10-04T02:45:57,98.4,39972.12890625,5.7,5.2
2025-10-04T02:45:58,100.1,39972.12890625,5.8,5.2
2025-10-04T02:45:59,100.6,39972.12890625,5.7,5.2
2025-10-04T02:46:00,99.3,39972.12890625,5.7,5.2
2025-10-04T02:46:01,99.6,39953.734375,5.7,5.2
2025-10-04T02:46:02,98.4,39953.734375,5.7,5.2
2025-10-04T02:46:03,101.6,39953.734375,5.7,5.2
2025-10-04T02:46:04,99.0,39953.734375,5.7,5.2
2025-10-04T02:46:05,100.0,39951.6875,5.7,5.2
2025-10-04T02:46:06,99.0,39951.6875,5.7,5.2
2025-10-04T02:46:07,101.0,39951.6875,5.7,5.2
2025-10-04T02:46:08,99.0,39951.6875,5.8,5.2
2025-10-04T02:46:09,99.0,39951.6875,5.7,5.2
2025-10-04T02:46:10,99.9,39951.6875,5.7,5.2
2025-10-04T02:46:11,98.0,39917.80078125,5.7,5.2
2025-10-04T02:46:12,101.0,39917.80078125,5.7,5.2
2025-10-04T02:46:13,99.0,39917.80078125,5.7,5.2
2025-10-04T02:46:14,100.0,39917.80078125,5.7,5.2
2025-10-04T02:46:15,100.0,39915.19140625,5.7,5.2
2025-10-04T02:46:16,100.0,39915.19140625,5.7,5.2
2025-10-04T02:46:17,99.0,39915.19140625,5.7,5.2
2025-10-04T02:46:18,99.3,39915.19140625,5.7,5.2
2025-10-04T02:46:20,153.0,40454.375,5.7,5.2
2025-10-04T02:46:20,7.6,40454.375,11.1,5.2
2025-10-04T02:46:21,100.3,40454.375,5.7,5.2
2025-10-04T02:46:22,109.2,40962.49609375,5.7,5.2
2025-10-04T02:46:23,89.1,40962.49609375,5.7,5.2
2025-10-04T02:46:24,98.5,41458.74609375,5.7,5.2
2025-10-04T02:46:25,99.8,41458.74609375,5.8,5.2
2025-10-04T02:46:26,106.1,41966.24609375,5.8,5.3
2025-10-04T02:46:27,91.0,41713.14453125,5.7,5.3
2025-10-04T02:46:28,99.2,42139.39453125,5.8,5.3
2025-10-04T02:46:29,100.0,42139.39453125,5.8,5.3
2025-10-04T02:46:31,99.5,42654.39453125,5.7,5.3
2025-10-04T02:46:31,99.9,42496.54296875,5.7,5.3
2025-10-04T02:46:33,99.9,42944.04296875,5.7,5.3
2025-10-04T02:46:34,99.7,42944.04296875,5.8,5.3
2025-10-04T02:46:35,100.0,43371.54296875,5.7,5.3
2025-10-04T02:46:35,106.2,43371.54296875,10.0,5.3
2025-10-04T02:46:37,100.3,43737.79296875,5.8,5.3
2025-10-04T02:46:37,99.0,43737.79296875,5.7,5.3
2025-10-04T02:46:38,99.5,43669.84375,5.8,5.3
2025-10-04T02:46:39,100.4,44167.34375,5.7,5.3
2025-10-04T02:46:40,98.7,44167.34375,5.7,5.3
2025-10-04T02:46:42,100.5,44540.87890625,5.7,5.3
2025-10-04T02:46:42,100.2,44540.87890625,5.8,5.3
2025-10-04T02:46:44,99.2,44859.89453125,5.7,5.4
2025-10-04T02:46:44,105.1,44859.89453125,5.7,5.4
2025-10-04T02:46:45,96.8,44864.89453125,5.7,5.4
2025-10-04T02:46:46,99.8,44864.89453125,5.7,5.4
2025-10-04T02:46:47,100.2,45246.6953125,5.7,5.4
2025-10-04T02:46:48,99.1,45222.53515625,5.8,5.4
2025-10-04T02:46:50,99.6,45618.78515625,5.7,5.4
2025-10-04T02:46:50,99.8,45490.7890625,5.7,5.4
2025-10-04T02:46:51,100.5,45515.7890625,5.7,5.4
2025-10-04T02:46:52,103.8,45451.95703125,5.8,5.4
2025-10-04T02:46:53,97.1,45476.95703125,5.7,5.4
2025-10-04T02:46:54,104.2,45142.40625,5.7,5.4
2025-10-04T02:46:55,97.1,45498.65625,5.7,5.4
2025-10-04T02:46:56,100.6,45498.65625,5.7,5.4
2025-10-04T02:46:58,80.8,45526.15625,5.6,5.4
2025-10-04T02:46:58,100.2,45526.15625,5.8,5.4
2025-10-04T02:47:00,104.9,45436.234375,5.7,5.4
2025-10-04T02:47:00,91.3,45436.234375,5.7,5.4
2025-10-04T02:47:02,100.5,45775.265625,5.8,5.4
2025-10-04T02:47:02,98.7,45775.265625,5.8,5.4
2025-10-04T02:47:04,100.0,46010.00390625,5.7,5.4
2025-10-04T02:47:05,103.0,46010.00390625,5.7,5.4
2025-10-04T02:47:05,97.5,46010.00390625,5.8,5.4
2025-10-04T02:47:06,85.2,46010.00390625,5.6,5.4
2025-10-04T02:47:07,2.0,46010.00390625,5.1,5.4
2025-10-04T02:47:08,2.0,46010.00390625,5.1,5.4
2025-10-04T02:47:09,1.0,46010.00390625,5.1,5.4
2025-10-04T02:47:10,3.0,46010.00390625,5.1,5.4
2025-10-04T02:47:11,11.1,46030.00390625,5.8,5.4
2025-10-04T02:47:12,0.0,46030.00390625,5.7,5.4
2025-10-04T02:47:13,0.0,46030.00390625,5.7,5.4
2025-10-04T02:47:14,0.0,46030.00390625,5.8,5.4
2025-10-04T02:47:15,0.0,46030.00390625,5.8,5.4
2025-10-04T02:47:16,0.0,46030.00390625,5.7,5.4
2025-10-04T02:47:17,0.0,46030.00390625,5.8,5.4
2025-10-04T02:47:18,0.0,46030.00390625,5.8,5.4
2025-10-04T02:47:19,1.0,46030.00390625,5.7,5.4
2025-10-04T02:47:20,0.0,46030.00390625,5.8,5.4
2025-10-04T02:47:21,0.0,46030.00390625,5.8,5.4
2025-10-04T02:47:22,0.0,46030.00390625,5.7,5.4
2025-10-04T02:47:23,0.0,46030.00390625,5.8,5.4
2025-10-04T02:47:24,0.0,46030.00390625,5.8,5.4
2025-10-04T02:47:25,0.0,46030.00390625,5.7,5.4
2025-10-04T02:47:26,0.0,46030.00390625,5.8,5.4
2025-10-04T02:47:27,0.0,46030.00390625,5.8,5.4
2025-10-04T02:47:28,0.0,46030.00390625,5.7,5.4
2025-10-04T02:47:29,2.0,46030.00390625,5.8,5.4
2025-10-04T02:47:30,0.0,46030.00390625,5.8,5.4
2025-10-04T02:47:31,1.0,46030.00390625,5.8,5.4
2025-10-04T02:47:32,1.0,46030.00390625,5.7,5.4
2025-10-04T02:47:33,0.0,46030.00390625,5.8,5.4
2025-10-04T02:47:34,3.0,46030.00390625,5.8,5.4
2025-10-04T02:47:35,0.0,46030.00390625,5.7,5.4
2025-10-04T02:47:36,0.0,46030.00390625,5.8,5.4
2025-10-04T02:47:37,0.0,46030.00390625,5.8,5.4
2025-10-04T02:47:38,0.0,46030.00390625,5.7,5.4
2025-10-04T02:47:39,0.0,46030.00390625,5.8,5.4
2025-10-04T02:47:40,0.0,46030.00390625,5.8,5.4
2025-10-04T02:47:41,0.0,46030.00390625,5.7,5.4
2025-10-04T02:47:42,0.0,46030.00390625,5.8,5.4
2025-10-04T02:47:43,0.0,46030.00390625,5.8,5.4
2025-10-04T02:47:44,0.0,46030.00390625,5.7,5.4
2025-10-04T02:47:45,0.0,46030.00390625,5.7,5.4
2025-10-04T02:47:46,0.0,46030.00390625,5.8,5.4
2025-10-04T02:47:47,0.0,46030.00390625,5.7,5.4
2025-10-04T02:47:48,1.0,46030.00390625,5.7,5.4
2025-10-04T02:47:49,0.0,46030.00390625,5.8,5.4
2025-10-04T02:47:50,0.0,46030.00390625,5.8,5.4
2025-10-04T02:47:51,0.0,46030.00390625,5.7,5.4
2025-10-04T02:47:52,0.0,46030.00390625,5.8,5.4
2025-10-04T02:47:53,0.0,46030.00390625,5.8,5.4
2025-10-04T02:47:54,0.0,46030.00390625,5.7,5.4
2025-10-04T02:47:55,0.0,46030.00390625,5.8,5.4
2025-10-04T02:47:56,1.0,46030.00390625,5.8,5.4
2025-10-04T02:47:57,2.0,46030.00390625,5.7,5.4
2025-10-04T02:47:58,1.0,46030.00390625,5.8,5.4
2025-10-04T02:47:59,0.0,46030.00390625,5.8,5.4
2025-10-04T02:48:00,0.0,46030.00390625,5.7,5.4
2025-10-04T02:48:01,2.0,46030.00390625,5.8,5.4
2025-10-04T02:48:02,0.0,46030.00390625,5.8,5.4
2025-10-04T02:48:03,0.0,46030.00390625,5.7,5.4
2025-10-04T02:48:04,0.0,46030.00390625,5.7,5.4
2025-10-04T02:48:05,0.0,46030.00390625,5.8,5.4
2025-10-04T02:48:06,0.0,46030.00390625,5.8,5.4
2025-10-04T02:48:07,0.0,46030.00390625,5.7,5.4
2025-10-04T02:48:08,1.0,46030.00390625,5.8,5.4
2025-10-04T02:48:09,0.0,46030.00390625,5.8,5.4
2025-10-04T02:48:10,0.0,46030.00390625,5.8,5.4
2025-10-04T02:48:11,0.0,46030.00390625,5.8,5.4
2025-10-04T02:48:12,0.0,46030.00390625,5.8,5.4
2025-10-04T02:48:13,0.0,46030.00390625,5.7,5.4
2025-10-04T02:48:14,0.0,46030.00390625,5.8,5.4
2025-10-04T02:48:15,0.0,46030.00390625,5.8,5.4
2025-10-04T02:48:16,0.0,46030.00390625,5.8,5.4
2025-10-04T02:48:17,0.0,46030.00390625,5.7,5.4
2025-10-04T02:48:18,0.0,46030.00390625,5.8,5.4
2025-10-04T02:48:19,0.0,46030.00390625,5.7,5.4
2025-10-04T02:48:20,3.0,45966.6640625,5.8,5.4
2025-10-04T02:48:21,0.0,45966.6640625,5.8,5.4
2025-10-04T02:48:22,0.0,45966.6640625,5.8,5.4
2025-10-04T02:48:23,1.0,45966.6640625,5.7,5.4
2025-10-04T02:48:24,0.0,45966.6640625,5.8,5.4
2025-10-04T02:48:25,0.0,45966.6640625,5.8,5.4
2025-10-04T02:48:26,0.0,45966.6640625,5.7,5.4
2025-10-04T02:48:27,2.0,45966.6640625,5.8,5.4
2025-10-04T02:48:28,0.0,45966.6640625,5.8,5.4
2025-10-04T02:48:29,0.0,45966.6640625,5.7,5.4
2025-10-04T02:48:30,0.0,45966.6640625,5.8,5.4
2025-10-04T02:48:31,0.0,45966.6640625,5.8,5.4
2025-10-04T02:48:32,0.0,45966.6640625,5.7,5.4
2025-10-04T02:48:33,1.0,45966.6640625,5.8,5.4
2025-10-04T02:48:34,0.0,45966.6640625,5.8,5.4
2025-10-04T02:48:35,0.0,45966.6640625,5.7,5.4
2025-10-04T02:48:36,0.0,45966.6640625,5.8,5.4
2025-10-04T02:48:37,0.0,45966.6640625,5.8,5.4
2025-10-04T02:48:38,0.0,45966.6640625,5.8,5.4
2025-10-04T02:48:39,0.0,45966.6640625,5.7,5.4
2025-10-04T02:48:40,0.0,45966.6640625,5.8,5.4
2025-10-04T02:48:41,0.0,45966.6640625,5.8,5.4
2025-10-04T02:48:42,2.0,45966.6640625,5.7,5.4
2025-10-04T02:48:43,0.0,45966.6640625,5.8,5.4
2025-10-04T02:48:44,0.0,45966.6640625,5.8,5.4
2025-10-04T02:48:45,0.0,45966.6640625,5.7,5.4
2025-10-04T02:48:46,0.0,45966.6640625,5.8,5.4
2025-10-04T02:48:47,0.0,45966.6640625,5.8,5.4
2025-10-04T02:48:48,0.0,45966.6640625,5.7,5.4
2025-10-04T02:48:49,1.0,45966.6640625,5.8,5.4
2025-10-04T02:48:50,1.0,45966.6640625,5.8,5.4
2025-10-04T02:48:51,1.0,45966.6640625,5.7,5.4
2025-10-04T02:48:52,0.0,45966.6640625,5.7,5.4
2025-10-04T02:48:53,0.0,45966.6640625,5.8,5.4
2025-10-04T02:48:54,1.0,45966.6640625,5.8,5.4
2025-10-04T02:48:55,0.0,45966.6640625,5.8,5.4
2025-10-04T02:48:56,1.0,45966.6640625,5.8,5.4
2025-10-04T02:48:57,0.0,45966.6640625,5.8,5.4
2025-10-04T02:48:58,0.0,45966.6640625,5.7,5.4
2025-10-04T02:48:59,0.0,45966.6640625,5.8,5.4
2025-10-04T02:49:00,0.0,45966.6640625,5.8,5.4
2025-10-04T02:49:01,0.0,45966.6640625,5.7,5.4
2025-10-04T02:49:02,0.0,45966.6640625,5.8,5.4
2025-10-04T02:49:03,0.0,45966.6640625,5.8,5.4
2025-10-04T02:49:04,0.0,45966.6640625,5.7,5.4
2025-10-04T02:49:05,0.0,45966.6640625,5.7,5.4
2025-10-04T02:49:06,0.0,45966.6640625,5.8,5.4
2025-10-04T02:49:07,2.0,45966.6640625,5.7,5.4
2025-10-04T02:49:08,0.0,45966.6640625,5.8,5.4
2025-10-04T02:49:09,0.0,45966.6640625,5.8,5.4
2025-10-04T02:49:10,0.0,45966.6640625,5.7,5.4
2025-10-04T02:49:11,0.0,45966.6640625,5.7,5.4
2025-10-04T02:49:12,0.0,45966.6640625,5.8,5.4
2025-10-04T02:49:13,0.0,45966.6640625,5.8,5.4
2025-10-04T02:49:14,0.0,45966.6640625,5.7,5.4
2025-10-04T02:49:15,1.0,45966.6640625,5.8,5.4
2025-10-04T02:49:16,2.0,45966.6640625,5.8,5.4
2025-10-04T02:49:17,2.0,45966.6640625,5.7,5.4
2025-10-04T02:49:18,0.0,45966.6640625,5.8,5.4
2025-10-04T02:49:19,0.0,45966.6640625,5.8,5.4
2025-10-04T02:49:20,0.0,45966.6640625,5.7,5.4
2025-10-04T02:49:21,0.0,45966.6640625,5.7,5.4
2025-10-04T02:49:22,0.0,45966.6640625,5.8,5.4
2025-10-04T02:49:23,0.0,45966.6640625,5.7,5.4
2025-10-04T02:49:24,0.0,45966.6640625,5.7,5.4
2025-10-04T02:49:25,0.0,45966.6640625,5.8,5.4
2025-10-04T02:49:26,0.0,45966.6640625,5.7,5.4
2025-10-04T02:49:27,0.0,45966.6640625,5.7,5.4
2025-10-04T02:49:28,0.0,45966.6640625,5.8,5.4
2025-10-04T02:49:29,0.0,45966.6640625,5.8,5.4
2025-10-04T02:49:30,1.0,45966.6640625,5.7,5.4
2025-10-04T02:49:31,0.0,45966.6640625,5.8,5.4
2025-10-04T02:49:32,0.0,45966.6640625,5.8,5.4
2025-10-04T02:49:33,0.0,45966.6640625,5.7,5.4
2025-10-04T02:49:34,1.0,45966.6640625,5.8,5.4
2025-10-04T02:49:35,0.0,45966.6640625,5.8,5.4
2025-10-04T02:49:36,0.0,45966.6640625,5.7,5.4
2025-10-04T02:49:37,0.0,45966.6640625,5.8,5.4
2025-10-04T02:49:38,0.0,45966.6640625,5.8,5.4
2025-10-04T02:49:39,0.0,45966.6640625,5.7,5.4
2025-10-04T02:49:40,0.0,45966.6640625,5.7,5.4
2025-10-04T02:49:41,3.0,45966.6640625,5.9,5.4
2025-10-04T02:49:42,2.0,45966.6640625,5.8,5.4
2025-10-04T02:49:43,0.0,45966.6640625,5.7,5.4
2025-10-04T02:49:44,0.0,45966.6640625,5.8,5.4
2025-10-04T02:49:45,0.0,45966.6640625,5.7,5.4
2025-10-04T02:49:46,0.0,45966.6640625,5.7,5.4
2025-10-04T02:49:47,0.0,45966.6640625,5.8,5.4
2025-10-04T02:49:48,1.0,45966.6640625,6.0,5.4
2025-10-04T02:49:49,0.0,45966.6640625,5.7,5.4
2025-10-04T02:49:50,0.0,45966.6640625,5.8,5.4
2025-10-04T02:49:51,0.0,45966.6640625,5.8,5.4
2025-10-04T02:49:52,0.0,45966.6640625,5.7,5.4
2025-10-04T02:49:53,0.0,45966.6640625,5.8,5.4
2025-10-04T02:49:54,0.0,45966.6640625,5.8,5.4
2025-10-04T02:49:55,0.0,45966.6640625,5.7,5.4
2025-10-04T02:49:56,0.0,45966.6640625,5.8,5.4
2025-10-04T02:49:57,0.0,45966.6640625,5.8,5.4
2025-10-04T02:49:58,2.0,45966.6640625,5.8,5.4
2025-10-04T02:49:59,0.0,45966.6640625,5.8,5.4
2025-10-04T02:50:00,0.0,45966.6640625,5.8,5.4
2025-10-04T02:50:01,0.0,45966.6640625,5.7,5.4
2025-10-04T02:50:02,0.0,45966.6640625,5.8,5.4
2025-10-04T02:50:03,0.0,45966.6640625,5.8,5.4
2025-10-04T02:50:04,0.0,45966.6640625,5.7,5.4
2025-10-04T02:50:05,1.0,45966.6640625,5.8,5.4
2025-10-04T02:50:06,0.0,45966.6640625,5.8,5.4
2025-10-04T02:50:07,2.0,45966.6640625,5.8,5.4
2025-10-04T02:50:08,1.0,45966.6640625,5.8,5.4
2025-10-04T02:50:09,0.0,45966.6640625,5.8,5.4
2025-10-04T02:50:10,0.0,45966.6640625,5.8,5.4
2025-10-04T02:50:11,0.0,45966.6640625,5.7,5.4
2025-10-04T02:50:12,0.0,45966.6640625,5.8,5.4
2025-10-04T02:50:13,0.0,45966.6640625,5.8,5.4
2025-10-04T02:50:14,0.0,45966.6640625,5.7,5.4
2025-10-04T02:50:15,1.0,45966.6640625,5.8,5.4
2025-10-04T02:50:16,0.0,45966.6640625,5.8,5.4
2025-10-04T02:50:17,0.0,45966.6640625,5.7,5.4
2025-10-04T02:50:18,0.0,45966.6640625,5.8,5.4
2025-10-04T02:50:19,0.0,45966.6640625,5.8,5.4
2025-10-04T02:50:20,0.0,45966.6640625,5.7,5.4
2025-10-04T02:50:21,0.0,45966.6640625,5.7,5.4
2025-10-04T02:50:22,0.0,45966.6640625,5.8,5.4
2025-10-04T02:50:23,0.0,45966.6640625,5.8,5.4
2025-10-04T02:50:24,0.0,45966.6640625,5.7,5.4
2025-10-04T02:50:25,1.0,45966.6640625,5.8,5.4
2025-10-04T02:50:26,0.0,45966.6640625,5.8,5.4
2025-10-04T02:50:27,1.0,45966.6640625,5.7,5.4
2025-10-04T02:50:28,1.0,45966.6640625,5.8,5.4
2025-10-04T02:50:29,0.0,45966.6640625,5.8,5.4
2025-10-04T02:50:30,0.0,45966.6640625,5.7,5.4
2025-10-04T02:50:31,3.0,45966.6640625,5.8,5.4
2025-10-04T02:50:32,0.0,45966.6640625,5.8,5.4
2025-10-04T02:50:33,0.0,45966.6640625,5.7,5.4
2025-10-04T02:50:34,0.0,45966.6640625,5.8,5.4
2025-10-04T02:50:35,0.0,45966.6640625,5.8,5.4
2025-10-04T02:50:36,1.0,45966.6640625,5.7,5.4
2025-10-04T02:50:37,0.0,45966.6640625,5.8,5.4
2025-10-04T02:50:38,0.0,45966.6640625,5.8,5.4
2025-10-04T02:50:39,0.0,45966.6640625,5.8,5.4
2025-10-04T02:50:40,0.0,45966.6640625,5.8,5.4
2025-10-04T02:50:41,0.0,45966.6640625,5.8,5.4
2025-10-04T02:50:42,0.0,45966.6640625,5.8,5.4
2025-10-04T02:50:43,0.0,45966.6640625,5.7,5.4
2025-10-04T02:50:44,0.0,45966.6640625,5.8,5.4
2025-10-04T02:50:45,0.0,45966.6640625,5.8,5.4
2025-10-04T02:50:46,0.0,45966.6640625,5.7,5.4
2025-10-04T02:50:47,1.0,45966.6640625,5.8,5.4
2025-10-04T02:50:48,0.0,45966.6640625,5.8,5.4
2025-10-04T02:50:49,0.0,45966.6640625,5.7,5.4
2025-10-04T02:50:50,0.0,45966.6640625,5.7,5.4
2025-10-04T02:50:51,2.0,45966.6640625,5.9,5.4
2025-10-04T02:50:52,0.0,45966.6640625,5.7,5.4
2025-10-04T02:50:53,0.0,45966.6640625,5.7,5.4
2025-10-04T02:50:54,0.0,45966.6640625,5.8,5.4
2025-10-04T02:50:55,2.0,45966.6640625,5.7,5.4
2025-10-04T02:50:56,0.0,45966.6640625,5.7,5.4
2025-10-04T02:50:57,1.0,45966.6640625,5.8,5.4
2025-10-04T02:50:58,0.0,45966.6640625,5.8,5.4
2025-10-04T02:50:59,0.0,45966.6640625,5.8,5.4
2025-10-04T02:51:00,0.0,45966.6640625,5.8,5.4
2025-10-04T02:51:01,0.0,45966.6640625,5.8,5.4
2025-10-04T02:51:02,0.0,45966.6640625,5.7,5.4
2025-10-04T02:51:03,0.0,45966.6640625,5.8,5.4
2025-10-04T02:51:04,1.0,45966.6640625,5.8,5.4
2025-10-04T02:51:05,0.0,45966.6640625,5.7,5.4
2025-10-04T02:51:06,0.0,45966.6640625,5.8,5.4
2025-10-04T02:51:07,0.0,45966.6640625,5.8,5.4
2025-10-04T02:51:08,0.0,45966.6640625,5.8,5.4
2025-10-04T02:51:09,0.0,45966.6640625,5.8,5.4
2025-10-04T02:51:10,0.0,45966.6640625,5.8,5.4
2025-10-04T02:51:11,0.0,45966.6640625,5.7,5.4
2025-10-04T02:51:12,0.0,45966.6640625,5.8,5.4
2025-10-04T02:51:13,0.0,45966.6640625,5.8,5.4
2025-10-04T02:51:14,0.0,45966.6640625,5.8,5.4
2025-10-04T02:51:15,0.0,45966.6640625,5.7,5.4
2025-10-04T02:51:16,2.0,45966.6640625,5.8,5.4
2025-10-04T02:51:17,1.0,45966.6640625,5.8,5.4
2025-10-04T02:51:18,1.0,45966.6640625,5.7,5.4
2025-10-04T02:51:19,1.0,45966.6640625,5.8,5.4
2025-10-04T02:51:20,0.0,45966.6640625,5.8,5.4
2025-10-04T02:51:21,2.0,45966.6640625,5.7,5.4
2025-10-04T02:51:22,0.0,45966.6640625,5.8,5.4
2025-10-04T02:51:23,0.0,45966.6640625,5.8,5.4
2025-10-04T02:51:24,0.0,45966.6640625,5.7,5.4
2025-10-04T02:51:25,0.0,45966.6640625,5.8,5.4
2025-10-04T02:51:26,0.0,45966.6640625,5.8,5.4
2025-10-04T02:51:27,0.0,45966.6640625,5.7,5.4
2025-10-04T02:51:28,0.0,45966.6640625,5.8,5.4
2025-10-04T02:51:29,0.0,45966.6640625,5.8,5.4
2025-10-04T02:51:30,0.0,45966.6640625,5.7,5.4
2025-10-04T02:51:31,0.0,45966.6640625,5.7,5.4
2025-10-04T02:51:32,1.0,45966.6640625,5.8,5.4
2025-10-04T02:51:33,0.0,45966.6640625,5.8,5.4
2025-10-04T02:51:34,0.0,45966.6640625,5.7,5.4
2025-10-04T02:51:35,0.0,45966.6640625,5.8,5.4
2025-10-04T02:51:36,0.0,45966.6640625,5.8,5.4
2025-10-04T02:51:37,0.0,45966.6640625,5.7,5.4
2025-10-04T02:51:38,0.0,45966.6640625,5.8,5.4
2025-10-04T02:51:39,0.0,45966.6640625,5.8,5.4
2025-10-04T02:51:40,0.0,45966.6640625,5.7,5.4
2025-10-04T02:51:41,2.0,45966.6640625,5.8,5.4
2025-10-04T02:51:42,1.0,45966.6640625,5.9,5.4
2025-10-04T02:51:43,0.0,45966.6640625,5.7,5.4
2025-10-04T02:51:44,0.0,45966.6640625,5.8,5.4
2025-10-04T02:51:45,1.0,45966.6640625,5.9,5.4
2025-10-04T02:51:46,1.0,45966.6640625,5.7,5.4
2025-10-04T02:51:47,0.0,45966.6640625,5.8,5.4
2025-10-04T02:51:48,0.0,45966.6640625,5.8,5.4
2025-10-04T02:51:49,1.0,45966.6640625,5.7,5.4
2025-10-04T02:51:50,0.0,45966.6640625,5.7,5.4
2025-10-04T02:51:51,0.0,45966.6640625,5.8,5.4
2025-10-04T02:51:52,0.0,45966.6640625,5.7,5.4
2025-10-04T02:51:53,0.0,45966.6640625,5.7,5.4
2025-10-04T02:51:54,0.0,45966.6640625,5.8,5.4
2025-10-04T02:51:55,1.0,45966.6640625,5.8,5.4
2025-10-04T02:51:56,0.0,45966.6640625,5.7,5.4
2025-10-04T02:51:57,0.0,45966.6640625,5.8,5.4
2025-10-04T02:51:58,0.0,45966.6640625,5.8,5.4
2025-10-04T02:51:59,0.0,45966.6640625,5.7,5.4
2025-10-04T02:52:00,0.0,45966.6640625,5.8,5.4
2025-10-04T02:52:01,0.0,45966.6640625,5.8,5.4
2025-10-04T02:52:02,0.0,45966.6640625,5.7,5.4
2025-10-04T02:52:03,0.0,45966.6640625,5.7,5.4
2025-10-04T02:52:04,0.0,45966.6640625,5.8,5.4
2025-10-04T02:52:05,0.0,45966.6640625,5.7,5.4
2025-10-04T02:52:06,1.0,45966.6640625,5.8,5.4
2025-10-04T02:52:07,2.0,45966.6640625,5.8,5.4
2025-10-04T02:52:08,0.0,45966.6640625,5.8,5.4
2025-10-04T02:52:09,0.0,45966.6640625,5.7,5.4
2025-10-04T02:52:10,0.0,45966.6640625,5.8,5.4
2025-10-04T02:52:11,0.0,45966.6640625,5.8,5.4
2025-10-04T02:52:12,1.0,45966.6640625,5.7,5.4
2025-10-04T02:52:13,2.0,45966.6640625,5.8,5.4
2025-10-04T02:52:14,0.0,45966.6640625,5.8,5.4
2025-10-04T02:52:15,0.0,45966.6640625,5.7,5.4
2025-10-04T02:52:16,0.0,45966.6640625,5.8,5.4
2025-10-04T02:52:17,0.0,45966.6640625,5.8,5.4
2025-10-04T02:52:18,0.0,45966.6640625,5.7,5.4
2025-10-04T02:52:19,0.0,45966.6640625,5.8,5.4
2025-10-04T02:52:20,0.0,45966.6640625,5.8,5.4
2025-10-04T02:52:21,0.0,45966.6640625,5.7,5.4
2025-10-04T02:52:22,0.0,45966.6640625,5.7,5.4
2025-10-04T02:52:23,0.0,45966.6640625,5.8,5.4
2025-10-04T02:52:24,0.0,45966.6640625,5.7,5.4
2025-10-04T02:52:25,2.0,45966.6640625,5.8,5.4
2025-10-04T02:52:26,0.0,45966.6640625,5.8,5.4
2025-10-04T02:52:27,1.0,45966.6640625,5.8,5.4
2025-10-04T02:52:28,0.0,45966.6640625,5.8,5.4
2025-10-04T02:52:29,0.0,45966.6640625,5.8,5.4
2025-10-04T02:52:30,0.0,45966.6640625,5.7,5.4
2025-10-04T02:52:31,0.0,45966.6640625,5.7,5.4
2025-10-04T02:52:32,2.0,45966.6640625,5.8,5.4
2025-10-04T02:52:33,1.0,45966.6640625,5.8,5.4
2025-10-04T02:52:34,0.0,45966.6640625,5.7,5.4
2025-10-04T02:52:35,0.0,45966.6640625,5.8,5.4
2025-10-04T02:52:36,1.0,45966.6640625,5.8,5.4
2025-10-04T02:52:37,0.0,45966.6640625,5.7,5.4
2025-10-04T02:52:38,1.0,45966.6640625,5.8,5.4
2025-10-04T02:52:39,0.0,45966.6640625,5.8,5.4
2025-10-04T02:52:40,0.0,45966.6640625,5.7,5.4
2025-10-04T02:52:41,0.0,45966.6640625,5.8,5.4
2025-10-04T02:52:42,0.0,45966.6640625,5.8,5.4
2025-10-04T02:52:43,0.0,45966.6640625,5.7,5.4
2025-10-04T02:52:44,0.0,45966.6640625,5.8,5.4
2025-10-04T02:52:45,0.0,45966.6640625,5.8,5.4
2025-10-04T02:52:46,0.0,45966.6640625,5.7,5.4
2025-10-04T02:52:47,0.0,45966.6640625,5.7,5.4
2025-10-04T02:52:48,0.0,45966.6640625,5.8,5.4
2025-10-04T02:52:49,1.0,45966.6640625,5.7,5.4
2025-10-04T02:52:50,1.0,45966.6640625,5.7,5.4
2025-10-04T02:52:51,1.0,45966.6640625,5.8,5.4
2025-10-04T02:52:52,0.0,45966.6640625,5.8,5.4
2025-10-04T02:52:53,0.0,45966.6640625,5.7,5.4
2025-10-04T02:52:54,2.0,45966.6640625,5.8,5.4
2025-10-04T02:52:55,0.0,45966.6640625,5.8,5.4
2025-10-04T02:52:56,0.0,45966.6640625,5.7,5.4
2025-10-04T02:52:57,1.0,45966.6640625,5.8,5.4
2025-10-04T02:52:58,0.0,45966.6640625,5.8,5.4
2025-10-04T02:52:59,0.0,45966.6640625,5.7,5.4
2025-10-04T02:53:00,0.0,45966.6640625,5.8,5.4
2025-10-04T02:53:01,0.0,45966.6640625,5.8,5.4
2025-10-04T02:53:02,0.0,45966.6640625,5.7,5.4
2025-10-04T02:53:03,0.0,45966.6640625,5.8,5.4
2025-10-04T02:53:04,0.0,45966.6640625,5.8,5.4
2025-10-04T02:53:05,0.0,45966.6640625,5.7,5.4
2025-10-04T02:53:06,0.0,45966.6640625,5.8,5.4
2025-10-04T02:53:07,0.0,45966.6640625,5.8,5.4
2025-10-04T02:53:08,1.0,45966.6640625,5.8,5.4
2025-10-04T02:53:09,0.0,45966.6640625,5.7,5.4
2025-10-04T02:53:10,0.0,45966.6640625,5.8,5.4
2025-10-04T02:53:11,0.0,45966.6640625,5.8,5.4
2025-10-04T02:53:12,0.0,45966.6640625,5.7,5.4
2025-10-04T02:53:13,1.0,45966.6640625,5.8,5.4
2025-10-04T02:53:14,0.0,45966.6640625,5.8,5.4
2025-10-04T02:53:15,2.0,45966.6640625,5.7,5.4
2025-10-04T02:53:16,0.0,45966.6640625,5.8,5.4
2025-10-04T02:53:17,0.0,45966.6640625,5.8,5.4
2025-10-04T02:53:18,0.0,45966.6640625,5.7,5.4
2025-10-04T02:53:19,1.0,45966.6640625,5.8,5.4
2025-10-04T02:53:20,0.0,45966.6640625,5.8,5.4
2025-10-04T02:53:21,0.0,45966.6640625,5.7,5.4
2025-10-04T02:53:22,2.0,45966.6640625,5.8,5.4
2025-10-04T02:53:23,0.0,45966.6640625,5.8,5.4
2025-10-04T02:53:24,0.0,45966.6640625,5.7,5.4
2025-10-04T02:53:25,0.0,45966.6640625,5.8,5.4
2025-10-04T02:53:26,0.0,45966.6640625,5.8,5.4
2025-10-04T02:53:27,0.0,45966.6640625,5.7,5.4
2025-10-04T02:53:28,0.0,45966.6640625,5.8,5.4
2025-10-04T02:53:29,0.0,45966.6640625,5.8,5.4
2025-10-04T02:53:30,0.0,45966.6640625,5.7,5.4
2025-10-04T02:53:31,0.0,45966.6640625,5.8,5.4
2025-10-04T02:53:32,0.0,45966.6640625,5.8,5.4
2025-10-04T02:53:33,1.0,45966.6640625,5.8,5.4
2025-10-04T02:53:34,0.0,45966.6640625,5.7,5.4
2025-10-04T02:53:35,0.0,45966.6640625,5.8,5.4
2025-10-04T02:53:36,0.0,45966.6640625,5.8,5.4
2025-10-04T02:53:37,1.0,45966.6640625,5.7,5.4
2025-10-04T02:53:38,0.0,45966.6640625,5.8,5.4
2025-10-04T02:53:39,2.0,45966.6640625,5.8,5.4
2025-10-04T02:53:40,0.0,45966.6640625,5.7,5.4
2025-10-04T02:53:41,0.0,45966.6640625,5.8,5.4
2025-10-04T02:53:42,0.0,45966.6640625,5.8,5.4
2025-10-04T02:53:43,1.0,45966.6640625,5.7,5.4
2025-10-04T02:53:44,0.0,45966.6640625,5.8,5.4
2025-10-04T02:53:45,0.0,45966.6640625,5.8,5.4
2025-10-04T02:53:46,0.0,45966.6640625,5.7,5.4
2025-10-04T02:53:47,1.0,45966.6640625,5.7,5.4
2025-10-04T02:53:48,0.0,45966.6640625,5.8,5.4
2025-10-04T02:53:49,1.0,45966.6640625,5.8,5.4
2025-10-04T02:53:50,0.0,45966.6640625,5.7,5.4
2025-10-04T02:53:51,0.0,45966.6640625,5.8,5.4
2025-10-04T02:53:52,0.0,45966.6640625,5.8,5.4
2025-10-04T02:53:53,0.0,45966.6640625,5.7,5.4
2025-10-04T02:53:54,0.0,45966.6640625,5.8,5.4
2025-10-04T02:53:55,0.0,45966.6640625,5.8,5.4
2025-10-04T02:53:56,0.0,45966.6640625,5.7,5.4
2025-10-04T02:53:57,0.0,45966.6640625,5.8,5.4
2025-10-04T02:53:58,0.0,45966.6640625,5.8,5.4
2025-10-04T02:53:59,3.0,45966.6640625,5.7,5.4
2025-10-04T02:54:00,1.0,45966.6640625,5.8,5.4
2025-10-04T02:54:01,0.0,45966.6640625,5.8,5.4
2025-10-04T02:54:02,0.0,45966.6640625,5.7,5.4
2025-10-04T02:54:03,0.0,45966.6640625,5.7,5.4
2025-10-04T02:54:04,2.0,45966.6640625,5.8,5.4
2025-10-04T02:54:05,0.0,45966.6640625,5.8,5.4
2025-10-04T02:54:06,0.0,45966.6640625,5.7,5.4
2025-10-04T02:54:07,0.0,45966.6640625,5.8,5.4
2025-10-04T02:54:08,0.0,45966.6640625,5.8,5.4
2025-10-04T02:54:09,0.0,45966.6640625,5.7,5.4
2025-10-04T02:54:10,1.0,45966.6640625,5.8,5.4
2025-10-04T02:54:11,1.0,45966.6640625,5.8,5.4
2025-10-04T02:54:12,0.0,45966.6640625,5.7,5.4
2025-10-04T02:54:13,0.0,45966.6640625,5.8,5.4
2025-10-04T02:54:14,0.0,45966.6640625,5.8,5.4
2025-10-04T02:54:15,0.0,45966.6640625,5.7,5.4
2025-10-04T02:54:16,0.0,45966.6640625,5.8,5.4
2025-10-04T02:54:17,0.0,45966.6640625,5.8,5.4
2025-10-04T02:54:18,0.0,45966.6640625,5.7,5.4
2025-10-04T02:54:19,0.0,45966.6640625,5.7,5.4
2025-10-04T02:54:20,0.0,45966.6640625,5.8,5.4
2025-10-04T02:54:21,1.0,45966.6640625,5.8,5.4
2025-10-04T02:54:22,2.0,45966.6640625,5.8,5.4
2025-10-04T02:54:23,0.0,45966.6640625,5.8,5.4
2025-10-04T02:54:24,0.0,45966.6640625,5.7,5.4
2025-10-04T02:54:25,1.0,45966.6640625,5.7,5.4
2025-10-04T02:54:26,0.0,45966.6640625,5.8,5.4
2025-10-04T02:54:27,0.0,45966.6640625,5.8,5.4
2025-10-04T02:54:28,1.0,45966.6640625,5.7,5.4
2025-10-04T02:54:29,0.0,45966.6640625,5.8,5.4
2025-10-04T02:54:30,0.0,45966.6640625,5.8,5.4
2025-10-04T02:54:31,0.0,45966.6640625,5.7,5.4
2025-10-04T02:54:32,0.0,45966.6640625,5.8,5.4
2025-10-04T02:54:33,0.0,45966.6640625,5.8,5.4
2025-10-04T02:54:34,0.0,45966.6640625,5.7,5.4
2025-10-04T02:54:35,0.0,45966.6640625,5.7,5.4
2025-10-04T02:54:36,0.0,45966.6640625,5.8,5.4
2025-10-04T02:54:37,0.0,45966.6640625,5.7,5.4
2025-10-04T02:54:38,1.0,45966.6640625,5.8,5.4
2025-10-04T02:54:39,1.0,45966.6640625,5.8,5.4
2025-10-04T02:54:40,0.0,45966.6640625,5.8,5.4
2025-10-04T02:54:41,0.0,45966.6640625,5.7,5.4
2025-10-04T02:54:42,0.0,45966.6640625,5.8,5.4
2025-10-04T02:54:43,0.0,45966.6640625,5.8,5.4
2025-10-04T02:54:44,0.0,45966.6640625,5.7,5.4
2025-10-04T02:54:45,1.0,45966.6640625,5.8,5.4
2025-10-04T02:54:46,0.0,45966.6640625,5.8,5.4
2025-10-04T02:54:47,0.0,45966.6640625,5.7,5.4
2025-10-04T02:54:48,2.0,45966.6640625,5.8,5.4
2025-10-04T02:54:49,0.0,45966.6640625,5.8,5.4
2025-10-04T02:54:50,0.0,45966.6640625,5.7,5.4
2025-10-04T02:54:51,1.0,45966.6640625,5.8,5.4
2025-10-04T02:54:52,0.0,45966.6640625,5.8,5.4
2025-10-04T02:54:53,0.0,45966.6640625,5.7,5.4
2025-10-04T02:54:54,0.0,45966.6640625,5.7,5.4
2025-10-04T02:54:55,0.0,45966.6640625,5.8,5.4
2025-10-04T02:54:56,1.0,45966.6640625,5.7,5.4
2025-10-04T02:54:57,0.0,45966.6640625,5.7,5.4
2025-10-04T02:54:58,0.0,45966.6640625,5.8,5.4
2025-10-04T02:54:59,0.0,45966.6640625,5.8,5.4
2025-10-04T02:55:00,0.0,45966.6640625,5.7,5.4
2025-10-04T02:55:01,1.0,45966.6640625,5.8,5.4
2025-10-04T02:55:02,0.0,45966.6640625,5.8,5.4
2025-10-04T02:55:03,0.0,45966.6640625,5.7,5.4
2025-10-04T02:55:04,0.0,45966.6640625,5.8,5.4
2025-10-04T02:55:05,0.0,45966.6640625,5.8,5.4
2025-10-04T02:55:06,0.0,45966.6640625,5.7,5.4
2025-10-04T02:55:07,1.0,45966.6640625,5.8,5.4
2025-10-04T02:55:08,1.0,45966.6640625,5.8,5.4
2025-10-04T02:55:09,0.0,45966.6640625,5.7,5.4
2025-10-04T02:55:10,0.0,45966.6640625,5.7,5.4
2025-10-04T02:55:11,0.0,45966.6640625,5.8,5.4
2025-10-04T02:55:12,0.0,45966.6640625,5.7,5.4
2025-10-04T02:55:13,0.0,45966.6640625,5.7,5.4
2025-10-04T02:55:14,3.0,45966.6640625,5.9,5.4
2025-10-04T02:55:15,0.0,45966.6640625,5.9,5.4
2025-10-04T02:55:16,0.0,45966.6640625,5.8,5.4
2025-10-04T02:55:17,0.0,45966.6640625,5.8,5.4
2025-10-04T02:55:18,0.0,45966.6640625,5.8,5.4
2025-10-04T02:55:19,0.0,45966.6640625,5.7,5.4
2025-10-04T02:55:20,0.0,45966.6640625,5.8,5.4
2025-10-04T02:55:21,0.0,45966.6640625,5.8,5.4
2025-10-04T02:55:22,1.0,45966.6640625,5.7,5.4
2025-10-04T02:55:23,0.0,45966.6640625,5.8,5.4
2025-10-04T02:55:24,1.0,45966.6640625,5.8,5.4
2025-10-04T02:55:25,1.0,45966.6640625,5.7,5.4
2025-10-04T02:55:26,0.0,45966.6640625,5.8,5.4
2025-10-04T02:55:27,0.0,45966.6640625,5.8,5.4
2025-10-04T02:55:28,0.0,45966.6640625,5.7,5.4
2025-10-04T02:55:29,0.0,45966.6640625,5.8,5.4
2025-10-04T02:55:30,0.0,45966.6640625,5.8,5.4
2025-10-04T02:55:31,2.0,45966.6640625,5.8,5.4
2025-10-04T02:55:32,0.0,45966.6640625,5.8,5.4
2025-10-04T02:55:33,0.0,45966.6640625,5.8,5.4
2025-10-04T02:55:34,0.0,45966.6640625,5.7,5.4
2025-10-04T02:55:35,0.0,45966.6640625,5.8,5.4
2025-10-04T02:55:36,1.0,45966.6640625,5.8,5.4
2025-10-04T02:55:37,1.0,45966.6640625,5.8,5.4
2025-10-04T02:55:38,0.0,45966.6640625,5.7,5.4
2025-10-04T02:55:39,1.0,45966.6640625,5.8,5.4
2025-10-04T02:55:40,0.0,45966.6640625,5.8,5.4
2025-10-04T02:55:41,0.0,45966.6640625,5.7,5.4
2025-10-04T02:55:42,0.0,45966.6640625,5.8,5.4
2025-10-04T02:55:43,0.0,45966.6640625,5.8,5.4
2025-10-04T02:55:44,0.0,45966.6640625,5.7,5.4
2025-10-04T02:55:45,0.0,45966.6640625,5.8,5.4
2025-10-04T02:55:46,0.0,45966.6640625,5.8,5.4
2025-10-04T02:55:47,2.0,45966.6640625,5.7,5.4
2025-10-04T02:55:48,0.0,45966.6640625,5.8,5.4
2025-10-04T02:55:49,0.0,45966.6640625,5.8,5.4
2025-10-04T02:55:50,0.0,45966.6640625,5.7,5.4
2025-10-04T02:55:51,0.0,45966.6640625,5.7,5.4
2025-10-04T02:55:52,0.0,45966.6640625,5.8,5.4
2025-10-04T02:55:53,0.0,45966.6640625,5.7,5.4
2025-10-04T02:55:54,0.0,45966.6640625,5.7,5.4
2025-10-04T02:55:55,0.0,45966.6640625,5.8,5.4
2025-10-04T02:55:56,1.0,45966.6640625,5.8,5.4
2025-10-04T02:55:57,0.0,45966.6640625,5.7,5.4
2025-10-04T02:55:58,1.0,45966.6640625,5.8,5.4
2025-10-04T02:55:59,1.0,45966.6640625,5.8,5.4
2025-10-04T02:56:00,0.0,45966.6640625,5.7,5.4
2025-10-04T02:56:01,1.0,45966.6640625,5.8,5.4
2025-10-04T02:56:02,0.0,45966.6640625,5.8,5.4
2025-10-04T02:56:03,1.0,45966.6640625,5.7,5.4
2025-10-04T02:56:04,0.0,45966.6640625,5.8,5.4
2025-10-04T02:56:05,0.0,45966.6640625,5.8,5.4
2025-10-04T02:56:06,0.0,45966.6640625,5.7,5.4
2025-10-04T02:56:07,0.0,45966.6640625,5.8,5.4
2025-10-04T02:56:08,0.0,45966.6640625,5.8,5.4
2025-10-04T02:56:09,0.0,45966.6640625,5.7,5.4
2025-10-04T02:56:10,0.0,45966.6640625,5.8,5.4
2025-10-04T02:56:11,1.0,45966.6640625,5.8,5.4
2025-10-04T02:56:12,0.0,45966.6640625,5.7,5.4
2025-10-04T02:56:13,0.0,45966.6640625,5.7,5.4
2025-10-04T02:56:14,1.0,45966.6640625,5.8,5.4
2025-10-04T02:56:15,0.0,45966.6640625,5.8,5.4
2025-10-04T02:56:16,0.0,45966.6640625,5.7,5.4
2025-10-04T02:56:17,0.0,45966.6640625,5.8,5.4
2025-10-04T02:56:18,0.0,45966.6640625,5.8,5.4
2025-10-04T02:56:19,0.0,45966.6640625,5.7,5.4
2025-10-04T02:56:20,0.0,45966.6640625,5.8,5.4
2025-10-04T02:56:21,0.0,45966.6640625,5.8,5.4
2025-10-04T02:56:22,2.0,45966.6640625,5.7,5.4
2025-10-04T02:56:23,0.0,45966.6640625,5.8,5.4
2025-10-04T02:56:24,0.0,45966.6640625,5.8,5.4
2025-10-04T02:56:25,2.0,45966.6640625,5.8,5.4
2025-10-04T02:56:26,0.0,45966.6640625,5.8,5.4
2025-10-04T02:56:27,0.0,45966.6640625,5.8,5.4
2025-10-04T02:56:28,0.0,45966.6640625,5.7,5.4
2025-10-04T02:56:29,1.0,45966.6640625,5.7,5.4
2025-10-04T02:56:30,0.0,45966.6640625,5.8,5.4
2025-10-04T02:56:31,0.0,45966.6640625,5.7,5.4
2025-10-04T02:56:32,1.0,45966.6640625,5.7,5.4
2025-10-04T02:56:33,0.0,45966.6640625,5.8,5.4
2025-10-04T02:56:34,0.0,45966.6640625,5.8,5.4
2025-10-04T02:56:35,0.0,45966.6640625,5.7,5.4
2025-10-04T02:56:36,0.0,45966.6640625,5.8,5.4
2025-10-04T02:56:37,0.0,45966.6640625,5.8,5.4
2025-10-04T02:56:38,1.0,45966.6640625,5.7,5.4
2025-10-04T02:56:39,0.0,45966.6640625,5.8,5.4
2025-10-04T02:56:40,0.0,45966.6640625,5.8,5.4
2025-10-04T02:56:41,0.0,45966.6640625,5.7,5.4
2025-10-04T02:56:42,0.0,45966.6640625,5.8,5.4
2025-10-04T02:56:43,0.0,45966.6640625,5.8,5.4
2025-10-04T02:56:44,0.0,45966.6640625,5.7,5.4
2025-10-04T02:56:45,0.0,45966.6640625,5.7,5.4
2025-10-04T02:56:46,0.0,45966.6640625,5.8,5.4
2025-10-04T02:56:47,1.0,45966.6640625,5.7,5.4
2025-10-04T02:56:48,1.0,45966.6640625,5.8,5.4
2025-10-04T02:56:49,2.0,45966.6640625,5.9,5.4
2025-10-04T02:56:50,0.0,45966.6640625,5.7,5.4
2025-10-04T02:56:51,0.0,45966.6640625,5.7,5.4
2025-10-04T02:56:52,0.0,45966.6640625,5.8,5.4
2025-10-04T02:56:53,0.0,45966.6640625,5.7,5.4
2025-10-04T02:56:54,1.0,45966.6640625,5.7,5.4
2025-10-04T02:56:55,0.0,45966.6640625,5.8,5.4
2025-10-04T02:56:56,0.0,45966.6640625,5.8,5.4
2025-10-04T02:56:57,0.0,45966.6640625,5.7,5.4
2025-10-04T02:56:58,0.0,45966.6640625,5.8,5.4
2025-10-04T02:56:59,0.0,45966.6640625,5.8,5.4
2025-10-04T02:57:00,0.0,45966.6640625,5.7,5.4
2025-10-04T02:57:01,0.0,45966.6640625,5.8,5.4
2025-10-04T02:57:02,1.0,45966.6640625,5.8,5.4
2025-10-04T02:57:03,0.0,45966.6640625,5.7,5.4
2025-10-04T02:57:04,1.0,45966.6640625,5.8,5.4
2025-10-04T02:57:05,0.0,45966.6640625,5.8,5.4
2025-10-04T02:57:06,1.0,45966.6640625,5.7,5.4
2025-10-04T02:57:07,0.0,45966.6640625,5.8,5.4
2025-10-04T02:57:08,0.0,45966.6640625,5.8,5.4
2025-10-04T02:57:09,0.0,45966.6640625,5.7,5.4
2025-10-04T02:57:10,1.0,45966.6640625,5.7,5.4
2025-10-04T02:57:11,1.0,45966.6640625,5.8,5.4
2025-10-04T02:57:12,0.0,45966.6640625,5.7,5.4
2025-10-04T02:57:13,0.0,45966.6640625,5.7,5.4
2025-10-04T02:57:14,0.0,45966.6640625,5.8,5.4
2025-10-04T02:57:15,1.0,45966.6640625,5.8,5.4
2025-10-04T02:57:16,0.0,45966.6640625,5.7,5.4
2025-10-04T02:57:17,85.9,46082.73046875,5.8,5.4
2025-10-04T02:57:19,100.2,48311.67578125,5.7,5.6
2025-10-04T02:57:19,99.6,46092.33203125,5.7,5.4
2025-10-04T02:57:20,99.9,46092.33203125,5.7,5.4
2025-10-04T02:57:21,99.7,46092.33203125,5.8,5.4
2025-10-04T02:57:23,110.5,46108.3359375,5.7,5.4
2025-10-04T02:57:23,90.6,46147.9765625,5.7,5.4
2025-10-04T02:57:25,183.8,48378.91015625,5.8,5.6
2025-10-04T02:57:25,44.0,46148.94921875,5.8,5.5
2025-10-04T02:57:26,100.1,46139.75,5.7,5.5
2025-10-04T02:57:27,100.6,47285.57421875,5.7,5.5
2025-10-04T02:57:28,98.9,47285.57421875,5.7,5.5
2025-10-04T02:57:29,99.4,47285.57421875,5.7,5.5
2025-10-04T02:57:30,64.0,47285.57421875,5.9,5.5
2025-10-04T02:57:31,0.0,47285.57421875,5.9,5.5
2025-10-04T02:57:32,0.0,47285.57421875,5.7,5.5
2025-10-04T02:57:33,0.0,47285.57421875,5.7,5.5
2025-10-04T02:57:34,0.0,47285.57421875,5.8,5.5
2025-10-04T02:57:35,0.0,47285.57421875,5.7,5.5
2025-10-04T02:57:36,0.0,47285.57421875,5.8,5.5
2025-10-04T02:57:37,1.0,47285.57421875,5.8,5.5
2025-10-04T02:57:38,18.6,47285.57421875,6.2,5.5
2025-10-04T02:57:39,9.2,47285.57421875,6.0,5.5
2025-10-04T02:57:40,1.0,47285.57421875,5.8,5.5
2025-10-04T02:57:41,0.0,47285.57421875,5.7,5.5
2025-10-04T02:57:42,0.0,47285.57421875,5.8,5.5
2025-10-04T02:57:43,0.0,47285.57421875,5.8,5.5
2025-10-04T02:57:44,0.0,47285.57421875,5.7,5.5
2025-10-04T02:57:45,8.0,47285.57421875,5.8,5.5
2025-10-04T02:57:46,12.1,47285.57421875,6.1,5.5
2025-10-04T02:57:47,8.0,47285.57421875,5.9,5.5
2025-10-04T02:57:48,0.0,47285.57421875,5.7,5.5
2025-10-04T02:57:49,0.0,47285.57421875,5.8,5.5
2025-10-04T02:57:50,0.0,47285.57421875,5.7,5.5
2025-10-04T02:57:51,1.0,47285.57421875,5.7,5.5
2025-10-04T02:57:52,0.0,47285.57421875,5.8,5.5
2025-10-04T02:57:53,14.9,47285.57421875,6.1,5.5
2025-10-04T02:57:54,8.1,47285.57421875,5.9,5.5
2025-10-04T02:57:55,6.0,47285.57421875,5.9,5.5
2025-10-04T02:57:56,0.0,47285.57421875,5.8,5.5
2025-10-04T02:57:57,1.0,47285.57421875,5.7,5.5
2025-10-04T02:57:58,0.0,47285.57421875,5.8,5.5
2025-10-04T02:57:59,0.0,47285.57421875,5.8,5.5
2025-10-04T02:58:00,7.0,47285.57421875,5.9,5.5
2025-10-04T02:58:01,11.0,47285.57421875,6.1,5.5
2025-10-04T02:58:02,10.0,47285.57421875,6.0,5.5
2025-10-04T02:58:03,0.0,47285.57421875,5.7,5.5
2025-10-04T02:58:04,0.0,47285.57421875,5.8,5.5
2025-10-04T02:58:05,0.0,47285.57421875,5.8,5.5
2025-10-04T02:58:06,0.0,47285.57421875,5.7,5.5
2025-10-04T02:58:07,2.0,47285.57421875,5.8,5.5
2025-10-04T02:58:08,15.0,47285.57421875,6.1,5.5
2025-10-04T02:58:09,11.0,47285.57421875,6.0,5.5
2025-10-04T02:58:10,2.0,47285.57421875,5.8,5.5
2025-10-04T02:58:11,0.0,47285.57421875,5.8,5.5
2025-10-04T02:58:12,0.0,47285.57421875,5.7,5.5
2025-10-04T02:58:13,0.0,47285.57421875,5.7,5.5
2025-10-04T02:58:14,0.0,47285.57421875,5.8,5.5
2025-10-04T02:58:15,13.0,47285.57421875,6.0,5.5
2025-10-04T02:58:16,11.0,47285.57421875,6.0,5.5
2025-10-04T02:58:17,6.0,47285.57421875,5.9,5.5
2025-10-04T02:58:18,0.0,47285.57421875,5.8,5.5
2025-10-04T02:58:19,0.0,47285.57421875,5.7,5.5
2025-10-04T02:58:20,0.0,47285.57421875,5.8,5.5
2025-10-04T02:58:21,0.0,47285.57421875,5.7,5.5
2025-10-04T02:58:22,6.0,47285.57421875,5.8,5.5
2025-10-04T02:58:23,14.0,47285.57421875,6.1,5.5
2025-10-04T02:58:24,8.0,47285.57421875,5.9,5.5
2025-10-04T02:58:25,2.0,47285.57421875,5.7,5.5
2025-10-04T02:58:26,0.0,47285.57421875,5.8,5.5
2025-10-04T02:58:27,0.0,47285.57421875,5.8,5.5
2025-10-04T02:58:28,0.0,47285.57421875,5.7,5.5
2025-10-04T02:58:29,0.0,47285.57421875,5.8,5.5
2025-10-04T02:58:30,12.0,47285.57421875,6.0,5.5
2025-10-04T02:58:31,12.0,47285.57421875,6.0,5.5
2025-10-04T02:58:32,6.0,47285.57421875,5.9,5.5
2025-10-04T02:58:33,0.0,47285.57421875,5.8,5.5
2025-10-04T02:58:34,0.0,47285.57421875,5.7,5.5
2025-10-04T02:58:35,0.0,47285.57421875,5.8,5.5
2025-10-04T02:58:36,0.0,47285.57421875,5.8,5.5
2025-10-04T02:58:37,14.7,47285.57421875,6.0,5.5
2025-10-04T02:58:38,14.2,47285.57421875,6.1,5.5
2025-10-04T02:58:39,11.0,47285.57421875,6.0,5.5
2025-10-04T02:58:40,1.0,47285.57421875,5.7,5.5
2025-10-04T02:58:41,0.0,47285.57421875,5.8,5.5
2025-10-04T02:58:42,0.0,47285.57421875,5.8,5.5
2025-10-04T02:58:43,0.0,47285.57421875,5.7,5.5
2025-10-04T02:58:44,1.0,47285.57421875,5.8,5.5
2025-10-04T02:58:45,16.0,47285.57421875,6.2,5.5
2025-10-04T02:58:46,9.0,47285.57421875,5.9,5.5
2025-10-04T02:58:47,3.0,47285.57421875,5.8,5.5
2025-10-04T02:58:48,0.0,47285.57421875,5.8,5.5
2025-10-04T02:58:49,0.0,47285.57421875,5.8,5.5
2025-10-04T02:58:50,0.0,47285.57421875,5.7,5.5
2025-10-04T02:58:51,1.0,47285.57421875,5.8,5.5
2025-10-04T02:58:52,10.0,47285.57421875,6.0,5.5
2025-10-04T02:58:53,11.0,47285.57421875,5.9,5.5
2025-10-04T02:58:54,7.0,47285.57421875,5.9,5.5
2025-10-04T02:58:55,0.0,47285.57421875,5.8,5.5
2025-10-04T02:58:56,0.0,47285.57421875,5.7,5.5
2025-10-04T02:58:57,0.0,47285.57421875,5.8,5.5
2025-10-04T02:58:58,0.0,47285.57421875,5.8,5.5
2025-10-04T02:58:59,8.0,47285.57421875,5.9,5.5
2025-10-04T02:59:00,11.0,47285.57421875,6.1,5.5
2025-10-04T02:59:01,12.0,47285.57421875,6.1,5.5
2025-10-04T02:59:02,0.0,47285.57421875,5.7,5.5
2025-10-04T02:59:03,0.0,47285.57421875,5.8,5.5
2025-10-04T02:59:04,0.0,47285.57421875,5.8,5.5
2025-10-04T02:59:05,0.0,47285.57421875,5.7,5.5
2025-10-04T02:59:06,0.0,47285.57421875,5.8,5.5
2025-10-04T02:59:07,14.0,47285.57421875,6.1,5.5
2025-10-04T02:59:08,12.0,47285.57421875,6.0,5.5
2025-10-04T02:59:09,4.0,47285.57421875,5.8,5.5
2025-10-04T02:59:10,0.0,47285.57421875,5.8,5.5
2025-10-04T02:59:11,0.0,47285.57421875,5.7,5.5
2025-10-04T02:59:12,0.0,47285.57421875,5.8,5.5
2025-10-04T02:59:13,1.0,47285.57421875,5.8,5.5
2025-10-04T02:59:14,9.0,47285.57421875,5.9,5.5
2025-10-04T02:59:15,11.0,47285.57421875,6.0,5.5
2025-10-04T02:59:16,9.0,47285.57421875,6.0,5.5
2025-10-04T02:59:17,0.0,47285.57421875,5.7,5.5
2025-10-04T02:59:18,0.0,47285.57421875,5.8,5.5
2025-10-04T02:59:19,0.0,47285.57421875,5.8,5.5
2025-10-04T02:59:20,0.0,47285.57421875,5.7,5.5
2025-10-04T02:59:21,1.0,47285.57421875,5.7,5.5
2025-10-04T02:59:22,14.0,47285.57421875,6.2,5.5
2025-10-04T02:59:23,11.0,47285.57421875,6.0,5.5
2025-10-04T02:59:24,4.0,47285.57421875,5.8,5.5
2025-10-04T02:59:25,0.0,47285.57421875,5.8,5.5
2025-10-04T02:59:26,0.0,47285.57421875,5.8,5.5
2025-10-04T02:59:27,0.0,47285.57421875,5.7,5.5
2025-10-04T02:59:28,0.0,47285.57421875,5.8,5.5
2025-10-04T02:59:29,8.0,47285.57421875,6.0,5.5
2025-10-04T02:59:30,14.0,47285.57421875,6.0,5.5
2025-10-04T02:59:31,8.0,47285.57421875,6.0,5.5
2025-10-04T02:59:32,0.0,47285.57421875,5.8,5.5
2025-10-04T02:59:33,0.0,47285.57421875,5.7,5.5
2025-10-04T02:59:34,0.0,47285.57421875,5.8,5.5
2025-10-04T02:59:35,0.0,47285.57421875,5.8,5.5
2025-10-04T02:59:36,4.0,47285.57421875,5.8,5.5
2025-10-04T02:59:37,15.0,47285.57421875,6.1,5.5
2025-10-04T02:59:38,11.0,47285.57421875,6.1,5.5
2025-10-04T02:59:39,0.0,47285.57421875,5.7,5.5
2025-10-04T02:59:40,1.0,47285.57421875,5.8,5.5
2025-10-04T02:59:41,0.0,47285.57421875,5.8,5.5
2025-10-04T02:59:42,0.0,47285.57421875,5.7,5.5
2025-10-04T02:59:43,0.0,47285.57421875,5.8,5.5
2025-10-04T02:59:44,14.0,47285.57421875,6.1,5.5
2025-10-04T02:59:45,11.0,47285.57421875,6.0,5.5
2025-10-04T02:59:46,4.0,47285.57421875,5.8,5.5
2025-10-04T02:59:47,0.0,47285.57421875,5.8,5.5
2025-10-04T02:59:48,0.0,47285.57421875,5.8,5.5
2025-10-04T02:59:49,0.0,47285.57421875,5.7,5.5
2025-10-04T02:59:50,0.0,47285.57421875,5.8,5.5
2025-10-04T02:59:51,8.0,47285.57421875,5.9,5.5
2025-10-04T02:59:52,20.0,47285.57421875,6.0,5.5
2025-10-04T02:59:53,12.0,47285.57421875,6.0,5.5
2025-10-04T02:59:54,0.0,47285.57421875,5.8,5.5
2025-10-04T02:59:55,0.0,47285.57421875,5.7,5.5
2025-10-04T02:59:56,0.0,47285.57421875,5.8,5.5
2025-10-04T02:59:57,0.0,47285.57421875,5.8,5.5
2025-10-04T02:59:58,1.0,47285.57421875,5.7,5.5
2025-10-04T02:59:59,16.9,47285.57421875,6.1,5.5
2025-10-04T03:00:00,12.0,47285.57421875,6.1,5.5
2025-10-04T03:00:01,0.0,47285.57421875,5.7,5.5
2025-10-04T03:00:02,0.0,47285.57421875,5.8,5.5
2025-10-04T03:00:03,0.0,47285.57421875,5.8,5.5
2025-10-04T03:00:04,0.0,47285.57421875,5.7,5.5
2025-10-04T03:00:05,1.0,47285.57421875,5.8,5.5
2025-10-04T03:00:06,10.0,47285.57421875,6.0,5.5
2025-10-04T03:00:07,15.0,47285.57421875,6.0,5.5
2025-10-04T03:00:08,4.0,47285.57421875,5.9,5.5
2025-10-04T03:00:09,0.0,47285.57421875,5.8,5.5
2025-10-04T03:00:10,0.0,47285.57421875,5.7,5.5
2025-10-04T03:00:11,0.0,47285.57421875,5.8,5.5
2025-10-04T03:00:12,1.0,47285.57421875,5.8,5.5
2025-10-04T03:00:13,7.0,47285.57421875,5.9,5.5
2025-10-04T03:00:14,11.0,47285.57421875,5.9,5.5
2025-10-04T03:00:15,11.0,47285.57421875,6.0,5.5
2025-10-04T03:00:16,0.0,47285.57421875,5.8,5.5
2025-10-04T03:00:17,1.0,47285.57421875,5.7,5.5
2025-10-04T03:00:18,0.0,47285.57421875,5.8,5.5
2025-10-04T03:00:19,0.0,47285.57421875,5.8,5.5
2025-10-04T03:00:20,0.0,47285.57421875,5.7,5.5
2025-10-04T03:00:21,14.0,47285.57421875,6.1,5.5
2025-10-04T03:00:22,12.0,47285.57421875,6.0,5.5
2025-10-04T03:00:23,4.0,47285.57421875,5.8,5.5
2025-10-04T03:00:24,0.0,47285.57421875,5.8,5.5
2025-10-04T03:00:25,0.0,47285.57421875,5.8,5.5
2025-10-04T03:00:26,0.0,47285.57421875,5.7,5.5
2025-10-04T03:00:27,0.0,47285.57421875,5.8,5.5
2025-10-04T03:00:28,12.0,47285.57421875,6.1,5.5
2025-10-04T03:00:29,10.0,47285.57421875,6.0,5.5
2025-10-04T03:00:30,8.0,47285.57421875,5.9,5.5
2025-10-04T03:00:31,0.0,47285.57421875,5.8,5.5
2025-10-04T03:00:32,0.0,47285.57421875,5.7,5.5
2025-10-04T03:00:33,0.0,47285.57421875,5.8,5.5
2025-10-04T03:00:34,0.0,47285.57421875,5.8,5.5
2025-10-04T03:00:35,5.0,47285.57421875,5.8,5.5
2025-10-04T03:00:36,14.0,47285.57421875,6.1,5.5
2025-10-04T03:00:37,11.0,47285.57421875,6.0,5.5
2025-10-04T03:00:38,1.0,47285.57421875,5.8,5.5
2025-10-04T03:00:39,0.0,47285.57421875,5.7,5.5
2025-10-04T03:00:40,0.0,47285.57421875,5.8,5.5
2025-10-04T03:00:41,0.0,47285.57421875,5.8,5.5
2025-10-04T03:00:42,0.0,47285.57421875,5.7,5.5
2025-10-04T03:00:43,15.0,47285.57421875,6.3,5.5
2025-10-04T03:00:44,10.0,47285.57421875,6.0,5.5
2025-10-04T03:00:45,4.0,47285.57421875,5.8,5.5
2025-10-04T03:00:46,0.0,47285.57421875,5.8,5.5
2025-10-04T03:00:47,1.0,47285.57421875,5.8,5.5
2025-10-04T03:00:48,0.0,47285.57421875,5.7,5.5
2025-10-04T03:00:49,0.0,47285.57421875,5.8,5.5
2025-10-04T03:00:50,11.0,47285.57421875,6.0,5.5
2025-10-04T03:00:51,11.0,47285.57421875,6.0,5.5
2025-10-04T03:00:52,7.0,47285.57421875,5.9,5.5
2025-10-04T03:00:53,0.0,47285.57421875,5.8,5.5
2025-10-04T03:00:54,0.0,47285.57421875,5.7,5.5
2025-10-04T03:00:55,0.0,47285.57421875,5.7,5.5
2025-10-04T03:00:56,1.0,47285.57421875,5.8,5.5
2025-10-04T03:00:57,1.0,47285.57421875,5.8,5.5
2025-10-04T03:00:58,16.0,47285.57421875,6.2,5.5
2025-10-04T03:00:59,11.0,47285.57421875,6.0,5.5
2025-10-04T03:01:00,1.0,47285.57421875,5.7,5.5
2025-10-04T03:01:01,0.0,47285.57421875,5.8,5.5
2025-10-04T03:01:02,0.0,47285.57421875,5.8,5.5
2025-10-04T03:01:03,0.0,47285.57421875,5.7,5.5
2025-10-04T03:01:04,1.0,47285.57421875,5.7,5.5
2025-10-04T03:01:05,11.0,47285.57421875,6.0,5.5
2025-10-04T03:01:06,20.0,47285.57421875,6.1,5.5
2025-10-04T03:01:07,8.0,47285.57421875,5.9,5.5
2025-10-04T03:01:08,0.0,47285.57421875,5.8,5.5
2025-10-04T03:01:09,0.0,47285.57421875,5.8,5.5
2025-10-04T03:01:10,0.0,47285.57421875,5.7,5.5
2025-10-04T03:01:11,0.0,47285.57421875,5.8,5.5
2025-10-04T03:01:12,7.0,47285.57421875,5.9,5.5
2025-10-04T03:01:13,12.0,47285.57421875,6.0,5.5
2025-10-04T03:01:14,10.0,47285.57421875,6.0,5.5
2025-10-04T03:01:15,1.0,47285.57421875,5.8,5.5
2025-10-04T03:01:16,0.0,47285.57421875,5.7,5.5
2025-10-04T03:01:17,0.0,47285.57421875,5.8,5.5
2025-10-04T03:01:18,0.0,47285.57421875,5.8,5.5
2025-10-04T03:01:19,1.0,47285.57421875,5.7,5.5
2025-10-04T03:01:20,12.9,47285.57421875,6.0,5.5
2025-10-04T03:01:21,12.1,47285.57421875,6.0,5.5
2025-10-04T03:01:22,4.0,47285.57421875,5.8,5.5
2025-10-04T03:01:23,0.0,47285.57421875,5.8,5.5
2025-10-04T03:01:24,0.0,47285.57421875,5.8,5.5
2025-10-04T03:01:25,0.0,47285.57421875,5.7,5.5
2025-10-04T03:01:26,0.0,47285.57421875,5.7,5.5
2025-10-04T03:01:27,7.0,47285.57421875,5.9,5.5
2025-10-04T03:01:28,11.0,47285.57421875,6.0,5.5
2025-10-04T03:01:29,11.0,47285.57421875,6.0,5.5
2025-10-04T03:01:30,0.0,47285.57421875,5.8,5.5
2025-10-04T03:01:31,1.0,47285.57421875,5.8,5.5
2025-10-04T03:01:32,0.0,47285.57421875,5.7,5.5
2025-10-04T03:01:33,0.0,47285.57421875,5.8,5.5
2025-10-04T03:01:34,0.0,47285.57421875,5.8,5.5
2025-10-04T03:01:35,15.0,47285.57421875,6.0,5.5
2025-10-04T03:01:36,10.0,47285.57421875,6.0,5.5
2025-10-04T03:01:37,4.0,47285.57421875,5.9,5.5
2025-10-04T03:01:38,0.0,47285.57421875,5.7,5.5
2025-10-04T03:01:39,0.0,47285.57421875,5.8,5.5
2025-10-04T03:01:40,0.0,47285.57421875,5.8,5.5
2025-10-04T03:01:41,1.0,47285.57421875,5.7,5.5
2025-10-04T03:01:42,8.0,47285.57421875,5.9,5.5
2025-10-04T03:01:43,10.0,47285.57421875,6.1,5.5
2025-10-04T03:01:44,11.0,47285.57421875,6.0,5.5
2025-10-04T03:01:45,1.0,47285.57421875,5.7,5.5
2025-10-04T03:01:46,0.0,47285.57421875,5.8,5.5
2025-10-04T03:01:47,0.0,47285.57421875,5.7,5.5
2025-10-04T03:01:48,0.0,47285.57421875,5.8,5.5
2025-10-04T03:01:49,0.0,47285.57421875,5.8,5.5
2025-10-04T03:01:50,14.0,47285.57421875,6.1,5.5
2025-10-04T03:01:51,14.9,47285.57421875,6.0,5.5
2025-10-04T03:01:52,1.0,47285.57421875,5.8,5.5
2025-10-04T03:01:53,0.0,47285.57421875,5.8,5.5
2025-10-04T03:01:54,0.0,47285.57421875,5.7,5.5
2025-10-04T03:01:55,0.0,47285.57421875,5.8,5.5
2025-10-04T03:01:56,0.0,47285.57421875,5.8,5.5
2025-10-04T03:01:57,12.0,47285.57421875,6.0,5.5
2025-10-04T03:01:58,13.0,47285.57421875,6.1,5.5
2025-10-04T03:01:59,5.0,47285.57421875,5.9,5.5
2025-10-04T03:02:00,0.0,47285.57421875,5.7,5.5
2025-10-04T03:02:01,0.0,47285.57421875,5.8,5.5
2025-10-04T03:02:02,0.0,47285.57421875,5.8,5.5
2025-10-04T03:02:03,0.0,47285.57421875,5.7,5.5
2025-10-04T03:02:04,7.0,47285.57421875,5.9,5.5
2025-10-04T03:02:05,11.0,47285.57421875,6.0,5.5
2025-10-04T03:02:06,11.0,47285.57421875,6.0,5.5
2025-10-04T03:02:07,0.0,47285.57421875,5.8,5.5
2025-10-04T03:02:08,0.0,47285.57421875,5.8,5.5
2025-10-04T03:02:09,0.0,47285.57421875,5.7,5.5
2025-10-04T03:02:10,0.0,47285.57421875,5.7,5.5
2025-10-04T03:02:11,1.0,47285.57421875,5.8,5.5
2025-10-04T03:02:12,14.0,47285.57421875,6.1,5.5
2025-10-04T03:02:13,12.0,47285.57421875,6.1,5.5
2025-10-04T03:02:14,5.0,47285.57421875,5.9,5.5
2025-10-04T03:02:15,0.0,47285.57421875,5.8,5.5
2025-10-04T03:02:16,0.0,47285.57421875,5.8,5.5
2025-10-04T03:02:17,0.0,47285.57421875,5.8,5.5
2025-10-04T03:02:18,0.0,47285.57421875,5.8,5.5
2025-10-04T03:02:19,1.0,47285.57421875,5.8,5.5
2025-10-04T03:02:20,6.0,47285.57421875,6.1,5.5
2025-10-04T03:02:21,22.0,47285.57421875,6.2,5.5
2025-10-04T03:02:22,9.0,47285.57421875,5.9,5.5
2025-10-04T03:02:23,8.0,47285.57421875,5.9,5.5
2025-10-04T03:02:24,0.0,47285.57421875,5.8,5.5
2025-10-04T03:02:25,0.0,47285.57421875,5.7,5.5
2025-10-04T03:02:26,0.0,47285.57421875,5.8,5.5
2025-10-04T03:02:27,0.0,47285.57421875,5.8,5.5
2025-10-04T03:02:28,1.0,47285.57421875,5.8,5.5
2025-10-04T03:02:29,0.0,47285.57421875,5.8,5.5
2025-10-04T03:02:30,1.0,47285.57421875,5.8,5.5
2025-10-04T03:02:31,17.0,47285.57421875,6.0,5.5
2025-10-04T03:02:32,22.0,47285.57421875,6.1,5.5
2025-10-04T03:02:33,7.0,47285.57421875,5.9,5.5
2025-10-04T03:02:34,0.0,47285.57421875,5.7,5.5
2025-10-04T03:02:35,0.0,47285.57421875,5.7,5.5
2025-10-04T03:02:36,1.0,47285.57421875,5.8,5.5
2025-10-04T03:02:37,0.0,47285.57421875,5.7,5.5
2025-10-04T03:02:38,4.0,47285.57421875,5.9,5.5
2025-10-04T03:02:39,10.0,47285.57421875,6.0,5.5
2025-10-04T03:02:40,15.0,47285.57421875,6.1,5.5
2025-10-04T03:02:41,0.0,47285.57421875,5.7,5.5
2025-10-04T03:02:42,0.0,47285.57421875,5.8,5.5
2025-10-04T03:02:43,0.0,47285.57421875,5.8,5.5
2025-10-04T03:02:44,0.0,47285.57421875,5.7,5.5
2025-10-04T03:02:45,1.0,47285.57421875,5.8,5.5
2025-10-04T03:02:46,10.0,47285.57421875,6.0,5.5
2025-10-04T03:02:47,12.0,47285.57421875,6.0,5.5
2025-10-04T03:02:48,6.0,47285.57421875,5.9,5.5
2025-10-04T03:02:49,0.0,47285.57421875,5.8,5.5
2025-10-04T03:02:50,0.0,47285.57421875,5.7,5.5
2025-10-04T03:02:51,0.0,47285.57421875,5.8,5.5
2025-10-04T03:02:52,0.0,47285.57421875,5.8,5.5
2025-10-04T03:02:53,8.0,47285.57421875,5.9,5.5
2025-10-04T03:02:54,7.0,47285.57421875,6.0,5.5
2025-10-04T03:02:55,15.0,47285.57421875,6.1,5.5
2025-10-04T03:02:56,1.0,47285.57421875,5.7,5.5
2025-10-04T03:02:57,0.0,47285.57421875,5.8,5.5
2025-10-04T03:02:58,0.0,47285.57421875,5.8,5.5
2025-10-04T03:02:59,0.0,47285.57421875,5.7,5.5
2025-10-04T03:03:00,0.0,47285.57421875,5.8,5.5
2025-10-04T03:03:01,14.0,47285.57421875,6.1,5.5
2025-10-04T03:03:02,13.0,47285.57421875,6.0,5.5
2025-10-04T03:03:03,3.0,47285.57421875,5.8,5.5
2025-10-04T03:03:04,0.0,47285.57421875,5.8,5.5
2025-10-04T03:03:05,0.0,47285.57421875,5.7,5.5
2025-10-04T03:03:06,0.0,47285.57421875,5.7,5.5
2025-10-04T03:03:07,0.0,47285.57421875,5.8,5.5
2025-10-04T03:03:08,7.0,47285.57421875,5.9,5.5
2025-10-04T03:03:09,8.0,47285.57421875,5.9,5.5
2025-10-04T03:03:10,14.0,47285.57421875,6.1,5.5
2025-10-04T03:03:11,0.0,47285.57421875,5.8,5.5
2025-10-04T03:03:12,0.0,47285.57421875,5.7,5.5
2025-10-04T03:03:13,0.0,47285.57421875,5.8,5.5
2025-10-04T03:03:14,0.0,47285.57421875,5.8,5.5
2025-10-04T03:03:15,1.0,47285.57421875,5.7,5.5
2025-10-04T03:03:16,10.0,47285.57421875,6.1,5.5
2025-10-04T03:03:17,19.0,47285.57421875,6.2,5.5
2025-10-04T03:03:18,0.0,47285.57421875,5.8,5.5
2025-10-04T03:03:19,0.0,47285.57421875,5.8,5.5
2025-10-04T03:03:20,0.0,47285.57421875,5.8,5.5
2025-10-04T03:03:21,0.0,47285.57421875,5.7,5.5
2025-10-04T03:03:22,0.0,47285.57421875,5.8,5.5
2025-10-04T03:03:23,4.0,47285.57421875,5.9,5.5
2025-10-04T03:03:24,11.0,47285.57421875,6.0,5.5
2025-10-04T03:03:25,14.0,47285.57421875,6.1,5.5
2025-10-04T03:03:26,0.0,47285.57421875,5.8,5.5
2025-10-04T03:03:27,1.0,47285.57421875,5.7,5.5
2025-10-04T03:03:28,0.0,47285.57421875,5.8,5.5
2025-10-04T03:03:29,0.0,47285.57421875,5.8,5.5
2025-10-04T03:03:30,0.0,47285.57421875,5.7,5.5
2025-10-04T03:03:31,4.0,47285.57421875,5.9,5.5
2025-10-04T03:03:32,3.0,47285.57421875,5.9,5.5
2025-10-04T03:03:33,5.0,47285.57421875,6.0,5.5
2025-10-04T03:03:34,0.0,47285.57421875,5.7,5.5
2025-10-04T03:03:35,0.0,47285.57421875,5.8,5.5
2025-10-04T03:03:36,0.0,47285.57421875,5.8,5.5
2025-10-04T03:03:37,0.0,47285.57421875,5.7,5.5
2025-10-04T03:03:38,5.0,47285.57421875,5.9,5.5
2025-10-04T03:03:39,77.8,47290.63671875,5.8,5.5
2025-10-04T03:03:40,100.1,47290.63671875,5.7,5.5
2025-10-04T03:03:41,99.6,47290.63671875,5.7,5.5
2025-10-04T03:03:43,103.8,47371.90234375,5.7,5.5
2025-10-04T03:03:43,95.9,47371.76171875,5.7,5.5
2025-10-04T03:03:44,99.6,49711.640625,5.7,5.6
2025-10-04T03:03:45,98.8,46206.08984375,5.8,5.4
2025-10-04T03:03:46,100.8,46206.08984375,5.7,5.4
2025-10-04T03:03:47,99.2,46206.08984375,5.7,5.4
2025-10-04T03:03:50,100.3,51432.8828125,5.7,5.7
2025-10-04T03:03:53,87.4,51511.6796875,5.8,5.9
2025-10-04T03:03:53,100.0,55141.83203125,5.7,5.9
2025-10-04T03:03:53,96.1,55141.83203125,5.8,5.9
2025-10-04T03:03:55,118.9,56760.5859375,5.7,6.4
2025-10-04T03:03:56,98.7,63060.44140625,5.7,6.4
2025-10-04T03:03:56,91.4,63250.44140625,5.8,6.4
2025-10-04T03:03:56,99.0,64337.93359375,5.8,6.5
2025-10-04T03:03:58,163.9,71645.2734375,5.7,6.9
2025-10-04T03:03:58,85.8,71925.2578125,5.7,6.9
2025-10-04T03:03:59,85.8,73045.765625,5.7,7.0
2025-10-04T03:04:02,112.2,80885.41796875,5.7,7.7
2025-10-04T03:04:02,95.6,87670.11328125,5.7,7.7
2025-10-04T03:04:02,94.7,87900.1171875,5.7,7.8
2025-10-04T03:04:02,96.4,68245.59375,5.6,6.7
2025-10-04T03:04:03,98.7,68245.59375,5.7,6.7
2025-10-04T03:04:04,101.0,68245.59375,5.7,6.7
2025-10-04T03:04:05,98.9,55079.84375,5.8,6.0
2025-10-04T03:04:06,100.1,55093.734375,5.7,6.0
2025-10-04T03:04:07,99.0,57502.00390625,5.7,6.1
2025-10-04T03:04:08,99.9,58695.28125,5.8,6.1
2025-10-04T03:04:09,100.1,60769.08203125,5.7,6.2
2025-10-04T03:04:10,99.0,59615.90234375,5.7,6.2
2025-10-04T03:04:11,101.9,60728.49609375,5.7,6.2
2025-10-04T03:04:12,98.1,60728.49609375,5.7,6.2
2025-10-04T03:04:13,99.7,60728.49609375,5.7,6.2
2025-10-04T03:04:14,100.0,60728.49609375,5.7,6.2
2025-10-04T03:04:15,99.2,60728.49609375,5.7,6.2
2025-10-04T03:04:16,100.6,60775.99609375,5.7,6.2
2025-10-04T03:04:17,98.6,60833.49609375,5.7,6.2
2025-10-04T03:04:18,99.2,60905.99609375,5.8,6.3
2025-10-04T03:04:19,100.2,60953.49609375,5.7,6.3
2025-10-04T03:04:20,99.7,61028.49609375,5.7,6.3
2025-10-04T03:04:22,99.7,61098.49609375,5.7,6.3
2025-10-04T03:04:22,101.4,61134.74609375,5.8,6.3
2025-10-04T03:04:23,98.0,61208.49609375,5.7,6.3
2025-10-04T03:04:24,100.7,61284.74609375,5.7,6.3
2025-10-04T03:04:25,99.6,61322.24609375,5.7,6.3
2025-10-04T03:04:26,98.6,61383.49609375,5.7,6.3
2025-10-04T03:04:27,100.5,61457.24609375,5.7,6.3
2025-10-04T03:04:28,99.0,60767.125,5.7,6.3
2025-10-04T03:04:29,57.3,60767.125,6.0,6.3
2025-10-04T03:04:30,0.0,60767.125,5.8,6.3
2025-10-04T03:04:31,0.0,60767.125,5.8,6.3
2025-10-04T03:04:32,0.0,60767.125,5.8,6.3
2025-10-04T03:04:33,0.0,60767.125,5.7,6.3
2025-10-04T03:04:34,1.0,60767.125,5.8,6.3
2025-10-04T03:04:35,2.0,60767.125,5.9,6.3
2025-10-04T03:04:36,4.0,60767.125,5.8,6.3
2025-10-04T03:04:37,4.0,60767.125,5.8,6.3
2025-10-04T03:04:38,6.0,60767.125,5.9,6.3
2025-10-04T03:04:39,6.0,60767.125,5.9,6.3
2025-10-04T03:04:40,23.0,60767.125,6.0,6.3
2025-10-04T03:04:41,3.0,60767.125,5.9,6.3
2025-10-04T03:04:42,2.0,60767.125,5.8,6.3
2025-10-04T03:04:43,4.0,60767.125,5.8,6.3
2025-10-04T03:04:44,4.0,60767.125,5.9,6.3
2025-10-04T03:04:45,5.0,60767.125,5.8,6.3
2025-10-04T03:04:46,6.0,60767.125,5.9,6.3
2025-10-04T03:04:47,4.0,60767.125,5.9,6.3
2025-10-04T03:04:48,5.0,60767.125,5.9,6.3
2025-10-04T03:04:49,3.0,60767.125,5.8,6.3
2025-10-04T03:04:50,3.0,60767.125,5.8,6.3
2025-10-04T03:04:51,5.0,60767.125,5.9,6.3
2025-10-04T03:04:52,2.0,60767.125,5.8,6.3
2025-10-04T03:04:53,4.0,60767.125,5.9,6.3
2025-10-04T03:04:54,3.0,60767.125,5.8,6.3
2025-10-04T03:04:55,4.0,60767.125,5.8,6.3
2025-10-04T03:04:56,4.0,60767.125,5.9,6.3
2025-10-04T03:04:57,5.0,60767.125,5.9,6.3
2025-10-04T03:04:58,3.0,60767.125,5.8,6.3
2025-10-04T03:04:59,2.0,60767.125,5.8,6.3
2025-10-04T03:05:00,4.0,60767.125,5.9,6.3
2025-10-04T03:05:01,2.0,60767.125,5.8,6.3
2025-10-04T03:05:02,5.0,60767.125,5.9,6.3
2025-10-04T03:05:03,4.0,60767.125,5.9,6.3
2025-10-04T03:05:04,5.0,60767.125,5.8,6.3
2025-10-04T03:05:05,4.0,60767.125,5.8,6.3
2025-10-04T03:05:06,2.0,60767.125,5.8,6.3
2025-10-04T03:05:07,4.0,60767.125,5.8,6.3
2025-10-04T03:05:08,3.0,60767.125,5.9,6.3
2025-10-04T03:05:09,4.0,60767.125,5.8,6.3
2025-10-04T03:05:10,2.0,60767.125,5.8,6.3
2025-10-04T03:05:11,3.0,60767.125,5.8,6.3
2025-10-04T03:05:12,3.0,60767.125,5.9,6.3
2025-10-04T03:05:13,4.0,60767.125,5.9,6.3
2025-10-04T03:05:14,4.0,60767.125,5.8,6.3
2025-10-04T03:05:15,3.0,60767.125,5.8,6.3
2025-10-04T03:05:16,4.0,60767.125,5.9,6.3
2025-10-04T03:05:17,5.0,60767.125,5.8,6.3
2025-10-04T03:05:18,4.0,60767.125,5.9,6.3
2025-10-04T03:05:19,3.0,60767.125,5.8,6.3
2025-10-04T03:05:20,1.0,60767.125,5.7,6.3
2025-10-04T03:05:21,3.0,60767.125,5.8,6.3
2025-10-04T03:05:22,3.0,60767.125,5.8,6.3
2025-10-04T03:05:23,3.0,60767.125,5.8,6.3
2025-10-04T03:05:24,3.0,60767.125,5.8,6.3
2025-10-04T03:05:25,2.0,60767.125,5.9,6.3
2025-10-04T03:05:26,3.0,60767.125,5.8,6.3
2025-10-04T03:05:27,7.0,60767.125,5.9,6.3
2025-10-04T03:05:28,3.0,60767.125,5.9,6.3
2025-10-04T03:05:29,3.0,60767.125,5.8,6.3
2025-10-04T03:05:30,3.0,60767.125,5.8,6.3
2025-10-04T03:05:31,3.0,60767.125,5.9,6.3
2025-10-04T03:05:32,4.0,60767.125,5.8,6.3
2025-10-04T03:05:33,2.0,60767.125,5.8,6.3
2025-10-04T03:05:34,5.0,60767.125,5.9,6.3
2025-10-04T03:05:35,5.0,60767.125,5.9,6.3
2025-10-04T03:05:36,2.0,60767.125,5.8,6.3
2025-10-04T03:05:37,4.0,60767.125,5.8,6.3
2025-10-04T03:05:38,4.0,60767.125,5.9,6.3
2025-10-04T03:05:39,2.0,60767.125,5.8,6.3
2025-10-04T03:05:40,5.0,60767.125,5.9,6.3
2025-10-04T03:05:41,3.0,60767.125,5.9,6.3
2025-10-04T03:05:42,5.0,60767.125,5.8,6.3
2025-10-04T03:05:43,4.0,60767.125,5.8,6.3
2025-10-04T03:05:44,4.0,60767.125,5.8,6.3
2025-10-04T03:05:45,2.0,60767.125,5.8,6.3
2025-10-04T03:05:46,4.0,60767.125,5.9,6.3
2025-10-04T03:05:47,2.0,60767.125,5.8,6.3
2025-10-04T03:05:48,5.0,60767.125,5.8,6.3
2025-10-04T03:05:49,4.0,60767.125,5.8,6.3
2025-10-04T03:05:50,4.0,60767.125,5.9,6.3
2025-10-04T03:05:51,6.0,60767.125,5.9,6.3
2025-10-04T03:05:52,3.0,60767.125,5.8,6.3
2025-10-04T03:05:53,2.0,60767.125,5.8,6.3
2025-10-04T03:05:54,4.0,60767.125,5.9,6.3
2025-10-04T03:05:55,4.0,60767.125,5.8,6.3
2025-10-04T03:05:56,3.0,60767.125,5.8,6.3
2025-10-04T03:05:57,3.0,60767.125,5.9,6.3
2025-10-04T03:05:58,6.0,60767.125,5.9,6.3
2025-10-04T03:05:59,6.0,60767.125,5.9,6.3
2025-10-04T03:06:00,4.0,60767.125,5.9,6.3
2025-10-04T03:06:01,3.0,60767.125,5.8,6.3
2025-10-04T03:06:02,4.0,60767.125,5.9,6.3
2025-10-04T03:06:03,4.0,60767.125,5.9,6.3
2025-10-04T03:06:04,2.0,60767.125,5.8,6.3
2025-10-04T03:06:05,2.0,60767.125,5.8,6.3
2025-10-04T03:06:06,7.0,60767.125,5.9,6.3
2025-10-04T03:06:07,4.0,60767.125,5.8,6.3
2025-10-04T03:06:08,3.0,60767.125,5.8,6.3
2025-10-04T03:06:09,4.0,60767.125,5.8,6.3
2025-10-04T03:06:10,3.0,60767.125,5.9,6.3
2025-10-04T03:06:11,2.0,60767.125,5.9,6.3
2025-10-04T03:06:12,3.0,60767.125,5.9,6.3
2025-10-04T03:06:13,5.0,60767.125,5.9,6.3
2025-10-04T03:06:14,3.0,60767.125,5.8,6.3
2025-10-04T03:06:15,4.0,60767.125,5.9,6.3
2025-10-04T03:06:16,4.0,60767.125,5.9,6.3
2025-10-04T03:06:17,2.0,60767.125,5.8,6.3
2025-10-04T03:06:18,4.0,60767.125,5.9,6.3
2025-10-04T03:06:19,6.0,60767.125,5.9,6.3
2025-10-04T03:06:20,3.0,60767.125,5.8,6.3
2025-10-04T03:06:21,3.0,60767.125,5.9,6.3
2025-10-04T03:06:22,3.0,60767.125,5.9,6.3
2025-10-04T03:06:23,3.0,60767.125,5.8,6.3
2025-10-04T03:06:24,3.0,60768.375,5.8,6.3
2025-10-04T03:06:25,3.0,60768.375,5.9,6.3
2025-10-04T03:06:26,3.0,60768.375,5.8,6.3
2025-10-04T03:06:27,3.0,60768.375,5.8,6.3
2025-10-04T03:06:28,6.0,60768.375,5.9,6.3
2025-10-04T03:06:29,4.0,60768.375,5.8,6.3
2025-10-04T03:06:30,4.0,60768.375,5.8,6.3
2025-10-04T03:06:31,2.0,60768.375,5.8,6.3
2025-10-04T03:06:32,4.0,60768.375,5.9,6.3
2025-10-04T03:06:33,2.0,60768.375,5.7,6.3
2025-10-04T03:06:34,3.0,60768.375,5.8,6.3
2025-10-04T03:06:35,3.0,60768.375,5.9,6.3
2025-10-04T03:06:36,5.0,60768.375,5.8,6.3
2025-10-04T03:06:37,4.0,60768.375,5.9,6.3
2025-10-04T03:06:38,4.0,60768.375,5.9,6.3
2025-10-04T03:06:39,4.0,60768.375,5.8,6.3
2025-10-04T03:06:40,3.0,60768.375,5.8,6.3
2025-10-04T03:06:41,3.0,60768.375,5.9,6.3
2025-10-04T03:06:42,4.0,60768.375,5.8,6.3
2025-10-04T03:06:43,2.0,60768.375,5.8,6.3
2025-10-04T03:06:44,2.0,60768.375,5.8,6.3
2025-10-04T03:06:45,4.0,60768.375,5.8,6.3
2025-10-04T03:06:46,2.0,60768.375,5.8,6.3
2025-10-04T03:06:47,4.0,60768.375,5.9,6.3
2025-10-04T03:06:48,6.0,60768.375,5.9,6.3
2025-10-04T03:06:49,3.0,60768.375,5.8,6.3
2025-10-04T03:06:50,3.0,60768.375,5.8,6.3
2025-10-04T03:06:51,3.0,60768.375,5.8,6.3
2025-10-04T03:06:52,4.0,60768.375,5.8,6.3
2025-10-04T03:06:53,3.0,60768.375,5.8,6.3
2025-10-04T03:06:54,3.0,60768.375,5.9,6.3
2025-10-04T03:06:55,1.0,60768.375,5.7,6.3
2025-10-04T03:06:56,3.0,60768.375,5.8,6.3
2025-10-04T03:06:57,3.0,60768.375,5.9,6.3
2025-10-04T03:06:58,5.0,60768.375,5.8,6.3
2025-10-04T03:06:59,4.0,60768.375,5.8,6.3
2025-10-04T03:07:00,5.0,60768.375,5.9,6.3
2025-10-04T03:07:01,4.0,60768.375,5.8,6.3
2025-10-04T03:07:02,2.0,60768.375,5.8,6.3
2025-10-04T03:07:03,3.0,60768.375,5.9,6.3
2025-10-04T03:07:04,3.0,60768.375,5.8,6.3
2025-10-04T03:07:05,3.0,60768.375,5.8,6.3
2025-10-04T03:07:06,4.0,60768.375,5.9,6.3
2025-10-04T03:07:07,4.0,60768.375,5.8,6.3
2025-10-04T03:07:08,2.0,60768.375,5.8,6.3
2025-10-04T03:07:09,3.0,60768.375,5.9,6.3
2025-10-04T03:07:10,4.0,60768.375,5.8,6.3
2025-10-04T03:07:11,4.0,60768.375,5.8,6.3
2025-10-04T03:07:12,5.0,60768.375,5.9,6.3
2025-10-04T03:07:13,2.0,60768.375,5.8,6.3
2025-10-04T03:07:14,3.0,60768.375,5.8,6.3
2025-10-04T03:07:15,2.0,60768.375,5.8,6.3
2025-10-04T03:07:16,5.0,60768.375,5.9,6.3
2025-10-04T03:07:17,3.0,60768.375,5.8,6.3
2025-10-04T03:07:18,3.0,60768.375,5.9,6.3
2025-10-04T03:07:19,4.0,60768.375,5.9,6.3
2025-10-04T03:07:20,3.0,60768.375,5.8,6.3
2025-10-04T03:07:21,4.0,60768.375,5.8,6.3
2025-10-04T03:07:22,3.0,60768.375,5.9,6.3
2025-10-04T03:07:23,5.0,60768.375,5.8,6.3
2025-10-04T03:07:24,4.0,60768.375,5.8,6.3
2025-10-04T03:07:25,3.0,60768.375,5.9,6.3
2025-10-04T03:07:26,2.0,60768.375,5.8,6.3
2025-10-04T03:07:27,4.0,60768.375,5.8,6.3
2025-10-04T03:07:28,3.0,60768.375,5.9,6.3
2025-10-04T03:07:29,5.0,60768.375,5.8,6.3
2025-10-04T03:07:30,4.0,60768.375,5.8,6.3
2025-10-04T03:07:31,2.0,60768.375,5.8,6.3
2025-10-04T03:07:32,4.0,60768.375,5.9,6.3
2025-10-04T03:07:33,5.0,60768.375,5.8,6.3
2025-10-04T03:07:34,4.0,60768.375,5.9,6.3
2025-10-04T03:07:35,2.0,60768.375,5.8,6.3
2025-10-04T03:07:36,3.0,60768.375,5.8,6.3
2025-10-04T03:07:37,3.0,60768.375,5.9,6.3
2025-10-04T03:07:38,4.0,60768.375,5.9,6.3
2025-10-04T03:07:39,4.0,60768.375,5.8,6.3
2025-10-04T03:07:40,3.0,60768.375,5.8,6.3
2025-10-04T03:07:41,3.0,60768.375,5.9,6.3
2025-10-04T03:07:42,5.0,60768.375,5.8,6.3
2025-10-04T03:07:43,3.0,60768.375,5.8,6.3
2025-10-04T03:07:44,5.0,60768.375,5.9,6.3
2025-10-04T03:07:45,3.0,60768.375,5.8,6.3
2025-10-04T03:07:46,2.0,60768.375,5.8,6.3
2025-10-04T03:07:47,4.0,60768.375,5.9,6.3
2025-10-04T03:07:48,3.0,60768.375,5.8,6.3
2025-10-04T03:07:49,5.0,60768.375,5.8,6.3
2025-10-04T03:07:50,4.0,60766.5078125,5.9,6.3
2025-10-04T03:07:51,2.0,60766.5078125,5.8,6.3
2025-10-04T03:07:52,3.0,60766.5078125,5.8,6.3
2025-10-04T03:07:53,2.0,60766.5078125,5.8,6.3
2025-10-04T03:07:54,7.0,60766.5078125,5.9,6.3
2025-10-04T03:07:55,4.0,60766.5078125,5.8,6.3
2025-10-04T03:07:56,3.0,60766.5078125,5.9,6.3
2025-10-04T03:07:57,3.0,60766.5078125,5.9,6.3
2025-10-04T03:07:58,2.0,60766.5078125,5.8,6.3
2025-10-04T03:07:59,4.0,60766.5078125,5.9,6.3
2025-10-04T03:08:00,4.0,60766.5078125,5.9,6.3
2025-10-04T03:08:01,4.0,60766.5078125,5.9,6.3
2025-10-04T03:08:02,3.0,60766.5078125,5.8,6.3
2025-10-04T03:08:03,5.0,60766.5078125,5.9,6.3
2025-10-04T03:08:04,4.0,60766.5078125,5.8,6.3
2025-10-04T03:08:05,3.0,60766.5078125,5.8,6.3
2025-10-04T03:08:06,2.0,60766.5078125,5.8,6.3
2025-10-04T03:08:07,4.0,60766.5078125,5.8,6.3
2025-10-04T03:08:08,4.0,60766.5078125,5.9,6.3
2025-10-04T03:08:09,3.0,60766.5078125,5.8,6.3
2025-10-04T03:08:10,3.0,60766.5078125,5.8,6.3
2025-10-04T03:08:11,4.0,60766.5078125,5.8,6.3
2025-10-04T03:08:12,4.0,60766.5078125,5.9,6.3
2025-10-04T03:08:13,3.0,60766.5078125,5.9,6.3
2025-10-04T03:08:14,5.0,60766.5078125,5.8,6.3
2025-10-04T03:08:15,2.0,60766.5078125,5.8,6.3
2025-10-04T03:08:16,4.0,60766.5078125,5.9,6.3
2025-10-04T03:08:17,4.0,60766.5078125,5.8,6.3
2025-10-04T03:08:18,2.0,60766.5078125,5.8,6.3
2025-10-04T03:08:19,4.0,60766.5078125,5.9,6.3
2025-10-04T03:08:20,4.0,60766.5078125,5.8,6.3
2025-10-04T03:08:21,5.0,60766.5078125,5.9,6.3
2025-10-04T03:08:22,2.0,60766.5078125,5.9,6.3
2025-10-04T03:08:23,3.0,60766.5078125,5.8,6.3
2025-10-04T03:08:24,2.0,60766.5078125,5.8,6.3
2025-10-04T03:08:25,5.0,60764.5390625,5.9,6.3
2025-10-04T03:08:26,3.0,60764.5390625,5.8,6.3
2025-10-04T03:08:27,5.0,60764.5390625,5.8,6.3
2025-10-04T03:08:28,4.0,60764.5390625,5.9,6.3
2025-10-04T03:08:29,4.0,60764.5390625,5.9,6.3
2025-10-04T03:08:30,3.0,60764.5390625,5.8,6.3
2025-10-04T03:08:31,4.0,60764.5390625,5.8,6.3
2025-10-04T03:08:32,1.0,60764.5390625,5.8,6.3
2025-10-04T03:08:33,3.0,60764.5390625,5.8,6.3
2025-10-04T03:08:34,4.0,60764.5390625,5.9,6.3
2025-10-04T03:08:35,3.0,60764.5390625,5.9,6.3
2025-10-04T03:08:36,6.0,60764.5390625,5.8,6.3
2025-10-04T03:08:37,3.0,60764.5390625,5.9,6.3
2025-10-04T03:08:38,3.0,60764.5390625,5.9,6.3
2025-10-04T03:08:39,4.0,60764.5390625,5.8,6.3
2025-10-04T03:08:40,4.0,60764.5390625,5.9,6.3
2025-10-04T03:08:41,3.0,60764.5390625,5.9,6.3
2025-10-04T03:08:42,5.0,60764.5390625,5.9,6.3
2025-10-04T03:08:43,4.0,60764.5390625,5.8,6.3
2025-10-04T03:08:44,3.0,60764.5390625,5.8,6.3
2025-10-04T03:08:45,2.0,60764.5390625,5.8,6.3
2025-10-04T03:08:46,3.0,60764.5390625,5.8,6.3
2025-10-04T03:08:47,2.0,60764.5390625,5.8,6.3
2025-10-04T03:08:48,3.0,60764.5390625,5.8,6.3
2025-10-04T03:08:49,5.0,60764.5390625,5.8,6.3
2025-10-04T03:08:50,3.0,60764.5390625,5.9,6.3
2025-10-04T03:08:51,5.0,60764.5390625,5.8,6.3
2025-10-04T03:08:52,3.0,60764.5390625,5.8,6.3
2025-10-04T03:08:53,4.0,60764.5390625,5.9,6.3
2025-10-04T03:08:54,3.0,60762.5703125,5.9,6.3
2025-10-04T03:08:55,3.0,60762.5703125,5.8,6.3
2025-10-04T03:08:56,6.0,60762.5703125,5.9,6.3
2025-10-04T03:08:57,2.0,60762.5703125,5.8,6.3
2025-10-04T03:08:58,4.0,60762.5703125,5.8,6.3
2025-10-04T03:08:59,4.0,60762.5703125,5.9,6.3
2025-10-04T03:09:00,4.0,60762.5703125,5.9,6.3
2025-10-04T03:09:01,6.0,60762.5703125,5.8,6.3
2025-10-04T03:09:02,3.0,60762.5703125,5.8,6.3
2025-10-04T03:09:03,3.0,60762.5703125,5.9,6.3
2025-10-04T03:09:04,4.0,60762.5703125,5.8,6.3
2025-10-04T03:09:05,5.0,60762.5703125,5.9,6.3
2025-10-04T03:09:06,3.0,60762.5703125,5.9,6.3
2025-10-04T03:09:07,3.0,60762.5703125,5.8,6.3
2025-10-04T03:09:08,4.0,60762.5703125,5.9,6.3
2025-10-04T03:09:09,3.0,60762.5703125,5.9,6.3
2025-10-04T03:09:10,4.0,60762.5703125,5.8,6.3
2025-10-04T03:09:11,5.0,60762.5703125,5.8,6.3
2025-10-04T03:09:12,3.0,60762.5703125,5.9,6.3
2025-10-04T03:09:13,4.0,60762.5703125,5.8,6.3
2025-10-04T03:09:14,4.0,60762.5703125,5.8,6.3
2025-10-04T03:09:15,4.0,60762.5703125,5.8,6.3
2025-10-04T03:09:16,3.0,60762.5703125,5.9,6.3
2025-10-04T03:09:17,2.0,60762.5703125,5.8,6.3
2025-10-04T03:09:18,2.0,60762.5703125,5.8,6.3
2025-10-04T03:09:19,4.0,60762.5703125,5.9,6.3
2025-10-04T03:09:20,2.0,60762.5703125,5.7,6.3
2025-10-04T03:09:21,3.0,60762.5703125,5.8,6.3
2025-10-04T03:09:22,4.0,60762.5703125,5.9,6.3
2025-10-04T03:09:23,2.0,60762.5703125,5.8,6.3
2025-10-04T03:09:24,4.0,60762.5703125,5.9,6.3
2025-10-04T03:09:25,4.0,60762.5703125,5.9,6.3
2025-10-04T03:09:26,4.0,60762.5703125,5.8,6.3
2025-10-04T03:09:27,4.0,60762.5703125,5.9,6.3
2025-10-04T03:09:28,3.0,60762.5703125,5.9,6.3
2025-10-04T03:09:29,3.0,60762.5703125,5.8,6.3
2025-10-04T03:09:30,2.0,60762.5703125,5.8,6.3
2025-10-04T03:09:31,5.0,60762.5703125,5.9,6.3
2025-10-04T03:09:32,4.0,60762.5703125,5.9,6.3
2025-10-04T03:09:33,2.0,60762.5703125,5.8,6.3
2025-10-04T03:09:34,3.0,60762.5703125,5.8,6.3
2025-10-04T03:09:35,3.0,60762.5703125,5.9,6.3
2025-10-04T03:09:36,5.0,60762.5703125,5.8,6.3
2025-10-04T03:09:37,5.0,60762.5703125,5.9,6.3
2025-10-04T03:09:38,2.0,60762.5703125,5.8,6.3
2025-10-04T03:09:39,4.0,60762.5703125,5.8,6.3
2025-10-04T03:09:40,3.0,60762.5703125,5.8,6.3
2025-10-04T03:09:41,4.0,60760.6015625,5.9,6.3
2025-10-04T03:09:42,2.0,60760.6015625,5.8,6.3
2025-10-04T03:09:43,3.0,60760.6015625,5.8,6.3
2025-10-04T03:09:44,4.0,60760.6015625,5.9,6.3
2025-10-04T03:09:45,4.0,60760.6015625,5.8,6.3
2025-10-04T03:09:46,4.0,60760.6015625,5.9,6.3
2025-10-04T03:09:47,5.0,60760.6015625,5.9,6.3
2025-10-04T03:09:48,3.0,60760.6015625,5.8,6.3
2025-10-04T03:09:49,3.0,60760.6015625,5.8,6.3
2025-10-04T03:09:50,2.0,60760.6015625,5.8,6.3
2025-10-04T03:09:51,4.0,60760.6015625,5.8,6.3
2025-10-04T03:09:52,2.0,60760.6015625,5.8,6.3
2025-10-04T03:09:53,4.0,60760.6015625,5.9,6.3
2025-10-04T03:09:54,5.0,60760.6015625,5.9,6.3
2025-10-04T03:09:55,2.0,60760.6015625,5.8,6.3
2025-10-04T03:09:56,5.0,60760.6015625,5.9,6.3
2025-10-04T03:09:57,3.0,60760.6015625,5.9,6.3
2025-10-04T03:09:58,5.0,60760.6015625,5.8,6.3
2025-10-04T03:09:59,3.0,60760.6015625,5.9,6.3
2025-10-04T03:10:00,3.0,60760.6015625,5.8,6.3
2025-10-04T03:10:01,3.0,60760.6015625,5.8,6.3
2025-10-04T03:10:02,3.0,60760.6015625,5.8,6.3
2025-10-04T03:10:03,2.0,60760.6015625,5.8,6.3
2025-10-04T03:10:04,3.0,60760.6015625,5.8,6.3
2025-10-04T03:10:05,5.0,60760.6015625,5.9,6.3
2025-10-04T03:10:06,4.0,60760.6015625,5.9,6.3
2025-10-04T03:10:07,4.0,60760.6015625,5.8,6.3
2025-10-04T03:10:08,4.0,60760.6015625,5.8,6.3
2025-10-04T03:10:09,2.0,60760.6015625,5.8,6.3
2025-10-04T03:10:10,4.0,60760.6015625,5.8,6.3
2025-10-04T03:10:11,4.0,60760.6015625,5.8,6.3
2025-10-04T03:10:12,19.0,60760.6015625,6.0,6.3
2025-10-04T03:10:13,3.0,60760.6015625,5.9,6.3
2025-10-04T03:10:14,4.0,60760.6015625,5.8,6.3
2025-10-04T03:10:15,3.0,60760.6015625,5.9,6.3
2025-10-04T03:10:16,4.0,60760.6015625,5.9,6.3
2025-10-04T03:10:17,3.0,60760.6015625,5.8,6.3
2025-10-04T03:10:18,4.0,60760.6015625,5.9,6.3
2025-10-04T03:10:19,4.0,60760.6015625,5.9,6.3
2025-10-04T03:10:20,3.0,60760.6015625,5.8,6.3
2025-10-04T03:10:21,4.0,60760.6015625,5.8,6.3
2025-10-04T03:10:22,4.0,60760.6015625,5.9,6.3
2025-10-04T03:10:23,4.0,60760.6015625,5.8,6.3
2025-10-04T03:10:24,2.0,60760.6015625,5.8,6.3
2025-10-04T03:10:25,2.0,60760.6015625,5.9,6.3
2025-10-04T03:10:26,5.0,60760.6015625,5.8,6.3
2025-10-04T03:10:27,4.0,60760.6015625,5.9,6.3
2025-10-04T03:10:28,3.0,60760.6015625,5.9,6.3
2025-10-04T03:10:29,4.0,60760.6015625,5.8,6.3
2025-10-04T03:10:30,3.0,60760.6015625,5.8,6.3
2025-10-04T03:10:31,3.0,60760.6015625,5.9,6.3
2025-10-04T03:10:32,5.0,60760.6015625,5.9,6.3
2025-10-04T03:10:33,2.0,60760.6015625,5.8,6.3
2025-10-04T03:10:34,2.0,60760.6015625,5.8,6.3
2025-10-04T03:10:35,5.0,60760.6015625,5.9,6.3
2025-10-04T03:10:36,4.0,60760.6015625,5.8,6.3
2025-10-04T03:10:37,4.0,60760.6015625,5.9,6.3
2025-10-04T03:10:38,5.0,60760.6015625,5.9,6.3
2025-10-04T03:10:39,2.0,60760.6015625,5.8,6.3
2025-10-04T03:10:40,4.0,60760.6015625,5.9,6.3
2025-10-04T03:10:41,2.0,60760.6015625,5.9,6.3
2025-10-04T03:10:42,5.0,60760.6015625,5.8,6.3
2025-10-04T03:10:43,3.0,60760.6015625,5.8,6.3
2025-10-04T03:10:44,2.0,60760.6015625,5.8,6.3
2025-10-04T03:10:45,4.0,60760.6015625,5.8,6.3
2025-10-04T03:10:46,3.0,60760.6015625,5.9,6.3
2025-10-04T03:10:47,2.0,60760.6015625,5.8,6.3
2025-10-04T03:10:48,5.0,60760.6015625,5.9,6.3
2025-10-04T03:10:49,4.0,60760.6015625,5.8,6.3
2025-10-04T03:10:50,5.0,60760.6015625,5.9,6.3
2025-10-04T03:10:51,4.0,60760.6015625,5.9,6.3
2025-10-04T03:10:52,4.0,60760.6015625,5.7,6.3
2025-10-04T03:10:53,4.0,60760.6015625,5.9,6.3
2025-10-04T03:10:54,1.0,60760.6015625,5.8,6.3
2025-10-04T03:10:55,3.0,60760.6015625,5.7,6.3
2025-10-04T03:10:56,3.0,60760.6015625,5.9,6.3
2025-10-04T03:10:57,4.0,60760.6015625,5.9,6.3
2025-10-04T03:10:58,4.0,60760.6015625,5.9,6.3
2025-10-04T03:10:59,4.0,60760.6015625,5.8,6.3
2025-10-04T03:11:00,3.0,60760.6015625,5.9,6.3
2025-10-04T03:11:01,4.0,60760.6015625,5.8,6.3
2025-10-04T03:11:02,3.0,60760.6015625,5.8,6.3
2025-10-04T03:11:03,4.0,60760.6015625,5.9,6.3
2025-10-04T03:11:04,4.0,60760.6015625,5.8,6.3
2025-10-04T03:11:05,3.0,60760.6015625,5.8,6.3
2025-10-04T03:11:06,5.0,60760.6015625,5.9,6.3
2025-10-04T03:11:07,3.0,60760.6015625,5.8,6.3
2025-10-04T03:11:08,3.0,60760.6015625,5.8,6.3
2025-10-04T03:11:09,4.0,60760.6015625,5.9,6.3
2025-10-04T03:11:10,3.0,60760.6015625,5.8,6.3
2025-10-04T03:11:11,3.0,60760.6015625,5.8,6.3
2025-10-04T03:11:12,3.0,60760.6015625,5.8,6.3
2025-10-04T03:11:13,5.0,60760.6015625,5.9,6.3
2025-10-04T03:11:14,3.0,60760.6015625,5.8,6.3
2025-10-04T03:11:15,5.0,60760.6015625,5.9,6.3
2025-10-04T03:11:16,1.0,60760.6015625,5.8,6.3
2025-10-04T03:11:17,4.0,60760.6015625,5.8,6.3
2025-10-04T03:11:18,4.0,60760.6015625,5.9,6.3
2025-10-04T03:11:19,3.0,60760.6015625,5.9,6.3
2025-10-04T03:11:20,5.0,60760.6015625,5.8,6.3
2025-10-04T03:11:21,2.0,60760.6015625,5.8,6.3
2025-10-04T03:11:22,4.0,60760.6015625,5.9,6.3
2025-10-04T03:11:23,5.0,60760.6015625,5.9,6.3
2025-10-04T03:11:24,3.0,60760.6015625,5.8,6.3
2025-10-04T03:11:25,5.0,60760.6015625,5.9,6.3
2025-10-04T03:11:26,3.0,60760.6015625,5.8,6.3
2025-10-04T03:11:27,3.0,60760.6015625,5.8,6.3
2025-10-04T03:11:28,2.0,60760.6015625,5.8,6.3
2025-10-04T03:11:29,3.0,60760.6015625,5.8,6.3
2025-10-04T03:11:30,4.0,60760.6015625,5.8,6.3
2025-10-04T03:11:31,3.0,60760.6015625,5.8,6.3
2025-10-04T03:11:32,6.0,60760.6015625,5.9,6.3
2025-10-04T03:11:33,3.0,60760.6015625,5.8,6.3
2025-10-04T03:11:34,3.0,60760.6015625,5.8,6.3
2025-10-04T03:11:35,2.0,60760.6015625,5.9,6.3
2025-10-04T03:11:36,5.0,60760.6015625,5.8,6.3
2025-10-04T03:11:37,3.0,60760.6015625,5.8,6.3
2025-10-04T03:11:38,5.0,60760.6015625,6.1,6.3
2025-10-04T03:11:39,3.0,60760.6015625,5.8,6.3
2025-10-04T03:11:40,2.0,60760.6015625,5.8,6.3
2025-10-04T03:11:41,3.0,60760.6015625,5.8,6.3
2025-10-04T03:11:42,3.0,60760.6015625,5.8,6.3
2025-10-04T03:11:43,4.0,60760.6015625,5.8,6.3
2025-10-04T03:11:44,5.0,60760.6015625,5.9,6.3
2025-10-04T03:11:45,3.0,60760.6015625,5.8,6.3
2025-10-04T03:11:46,2.0,60760.6015625,5.8,6.3
2025-10-04T03:11:47,2.0,60760.6015625,5.8,6.3
2025-10-04T03:11:48,4.0,60760.6015625,5.9,6.3
2025-10-04T03:11:49,3.0,60760.6015625,5.8,6.3
2025-10-04T03:11:50,3.0,60760.6015625,5.8,6.3
2025-10-04T03:11:51,2.0,60760.6015625,5.8,6.3
2025-10-04T03:11:52,5.0,60760.6015625,5.8,6.3
2025-10-04T03:11:53,4.0,60760.6015625,5.8,6.3
2025-10-04T03:11:54,3.0,60760.6015625,5.9,6.3
2025-10-04T03:11:55,3.0,60760.6015625,5.8,6.3
2025-10-04T03:11:56,4.0,60760.6015625,5.9,6.3
2025-10-04T03:11:57,3.0,60760.6015625,5.9,6.3
2025-10-04T03:11:58,2.0,60760.6015625,5.8,6.3
2025-10-04T03:11:59,2.0,60760.6015625,5.8,6.3
2025-10-04T03:12:00,3.0,60760.6015625,5.8,6.3
2025-10-04T03:12:01,4.0,60760.6015625,5.8,6.3
2025-10-04T03:12:02,3.0,60760.6015625,5.8,6.3
2025-10-04T03:12:03,7.0,60760.6015625,5.9,6.3
2025-10-04T03:12:04,3.0,60760.6015625,5.8,6.3
2025-10-04T03:12:05,3.0,60760.6015625,5.8,6.3
2025-10-04T03:12:06,5.0,60760.6015625,5.9,6.3
2025-10-04T03:12:07,4.0,60760.6015625,5.8,6.3
2025-10-04T03:12:08,7.0,60760.6015625,5.9,6.3
2025-10-04T03:12:09,6.0,60760.6015625,5.9,6.3
2025-10-04T03:12:10,3.0,60760.6015625,5.8,6.3
2025-10-04T03:12:11,4.0,60760.6015625,5.8,6.3
2025-10-04T03:12:12,5.0,60760.6015625,5.9,6.3
2025-10-04T03:12:13,5.0,60760.6015625,5.9,6.3
2025-10-04T03:12:14,5.0,60760.6015625,5.8,6.3
2025-10-04T03:12:15,4.0,60760.6015625,5.9,6.3
2025-10-04T03:12:16,4.0,60760.6015625,5.9,6.3
2025-10-04T03:12:17,3.0,60760.6015625,5.8,6.3
2025-10-04T03:12:18,7.0,60760.6015625,5.9,6.3
2025-10-04T03:12:19,6.0,60760.6015625,5.9,6.3
2025-10-04T03:12:20,5.0,60760.6015625,5.8,6.3
2025-10-04T03:12:21,5.0,60760.6015625,5.9,6.3
2025-10-04T03:12:22,3.0,60760.6015625,5.9,6.3
2025-10-04T03:12:23,5.0,60760.6015625,5.9,6.3
2025-10-04T03:12:24,4.0,60760.6015625,5.8,6.3
2025-10-04T03:12:25,6.0,60760.6015625,5.9,6.3
2025-10-04T03:12:26,6.0,60760.6015625,5.9,6.3
2025-10-04T03:12:27,5.0,60760.6015625,5.8,6.3
2025-10-04T03:12:28,5.0,60760.6015625,5.9,6.3
2025-10-04T03:12:29,4.0,60760.6015625,5.8,6.3
2025-10-04T03:12:30,3.0,60760.6015625,5.8,6.3
2025-10-04T03:12:31,6.0,60760.6015625,5.8,6.3
2025-10-04T03:12:32,5.0,60760.6015625,5.9,6.3
2025-10-04T03:12:33,5.0,60760.6015625,5.8,6.3
2025-10-04T03:12:34,6.0,60760.6015625,5.9,6.3
2025-10-04T03:12:35,5.0,60760.6015625,5.9,6.3
2025-10-04T03:12:36,5.0,60760.6015625,5.8,6.3
2025-10-04T03:12:37,4.0,60760.6015625,5.9,6.3
2025-10-04T03:12:38,4.0,60760.6015625,5.9,6.3
2025-10-04T03:12:39,6.0,60760.6015625,5.8,6.3
2025-10-04T03:12:40,5.0,60760.6015625,5.9,6.3
2025-10-04T03:12:41,3.0,60760.6015625,5.9,6.3
2025-10-04T03:12:42,6.0,60760.6015625,5.8,6.3
2025-10-04T03:12:43,5.0,60760.6015625,5.9,6.3
2025-10-04T03:12:44,4.0,60760.6015625,5.9,6.3
2025-10-04T03:12:45,7.0,60760.6015625,5.9,6.3
2025-10-04T03:12:46,4.0,60760.6015625,5.8,6.3
2025-10-04T03:12:47,4.0,60760.6015625,5.9,6.3
2025-10-04T03:12:48,4.0,60760.6015625,5.8,6.3
2025-10-04T03:12:49,4.0,60760.6015625,5.8,6.3
2025-10-04T03:12:50,4.0,60760.6015625,5.9,6.3
2025-10-04T03:12:51,4.0,60760.6015625,5.9,6.3
2025-10-04T03:12:52,6.0,60760.6015625,5.8,6.3
2025-10-04T03:12:53,5.0,60760.6015625,5.9,6.3
2025-10-04T03:12:54,2.0,60760.6015625,5.8,6.3
2025-10-04T03:12:55,3.0,60760.6015625,5.8,6.3
2025-10-04T03:12:56,3.0,60760.6015625,5.8,6.3
2025-10-04T03:12:57,5.0,60760.6015625,5.9,6.3
2025-10-04T03:12:58,6.0,60760.6015625,5.8,6.3
2025-10-04T03:12:59,4.0,60760.6015625,5.9,6.3
2025-10-04T03:13:00,5.0,60760.6015625,5.9,6.3
2025-10-04T03:13:01,6.0,60760.6015625,5.9,6.3
2025-10-04T03:13:02,3.0,60760.6015625,5.8,6.3
2025-10-04T03:13:03,5.0,60760.6015625,5.9,6.3
2025-10-04T03:13:04,6.0,60760.6015625,5.9,6.3
2025-10-04T03:13:05,2.0,60760.6015625,5.8,6.3
2025-10-04T03:13:06,6.0,60760.6015625,5.9,6.3
2025-10-04T03:13:07,4.0,60760.6015625,5.8,6.3
2025-10-04T03:13:08,4.0,60760.6015625,5.8,6.3
2025-10-04T03:13:09,4.0,60760.6015625,5.8,6.3
2025-10-04T03:13:10,3.0,60760.6015625,5.8,6.3
2025-10-04T03:13:11,4.0,60760.6015625,5.8,6.3
2025-10-04T03:13:12,6.0,60760.6015625,5.9,6.3
2025-10-04T03:13:13,2.0,60760.6015625,5.8,6.3
2025-10-04T03:13:14,3.0,60760.6015625,5.7,6.3
2025-10-04T03:13:15,4.0,60760.6015625,5.8,6.3
2025-10-04T03:13:16,5.0,60760.6015625,5.9,6.3
2025-10-04T03:13:17,6.0,60760.6015625,5.8,6.3
2025-10-04T03:13:18,6.0,60760.6015625,5.9,6.3
2025-10-04T03:13:19,4.0,60760.6015625,5.9,6.3
2025-10-04T03:13:20,4.0,60760.6015625,5.8,6.3
2025-10-04T03:13:21,3.0,60760.6015625,5.8,6.3
2025-10-04T03:13:22,5.0,60760.6015625,5.9,6.3
2025-10-04T03:13:23,4.0,60760.6015625,5.8,6.3
2025-10-04T03:13:24,4.0,60760.6015625,5.8,6.3
2025-10-04T03:13:25,5.0,60760.6015625,5.9,6.3
2025-10-04T03:13:26,4.0,60760.6015625,5.8,6.3
2025-10-04T03:13:27,4.0,60760.6015625,5.8,6.3
2025-10-04T03:13:28,6.0,60760.6015625,6.0,6.3
2025-10-04T03:13:29,5.0,60760.6015625,5.8,6.3
2025-10-04T03:13:30,4.0,60760.6015625,5.8,6.3
2025-10-04T03:13:31,3.0,60760.6015625,5.8,6.3
2025-10-04T03:13:32,3.0,60760.6015625,5.8,6.2
2025-10-04T03:13:33,3.0,60760.6015625,5.8,6.2
2025-10-04T03:13:34,2.0,60760.6015625,5.8,6.2
2025-10-04T03:13:35,4.0,60760.6015625,5.9,6.2
2025-10-04T03:13:36,2.0,60760.6015625,5.8,6.2
2025-10-04T03:13:37,7.0,60760.6015625,5.9,6.2
2025-10-04T03:13:38,4.0,60760.6015625,5.9,6.2
2025-10-04T03:13:39,3.0,60760.6015625,5.8,6.2
2025-10-04T03:13:40,3.0,60760.6015625,5.8,6.2
2025-10-04T03:13:41,2.0,60760.6015625,5.9,6.2
2025-10-04T03:13:42,4.0,60760.6015625,5.8,6.2
2025-10-04T03:13:43,3.0,60760.6015625,5.8,6.2
2025-10-04T03:13:44,2.0,60760.6015625,5.8,6.2
2025-10-04T03:13:45,5.0,60760.6015625,5.8,6.2
2025-10-04T03:13:46,4.0,60760.6015625,5.8,6.2
2025-10-04T03:13:47,3.0,60760.6015625,5.9,6.2
2025-10-04T03:13:48,4.0,60760.6015625,5.9,6.2
2025-10-04T03:13:49,4.0,60760.6015625,5.8,6.2
2025-10-04T03:13:50,3.0,60760.6015625,5.9,6.2
2025-10-04T03:13:51,4.0,60760.6015625,5.9,6.2
2025-10-04T03:13:52,3.0,60760.6015625,5.8,6.2
2025-10-04T03:13:53,3.0,60760.6015625,5.9,6.2
2025-10-04T03:13:54,3.0,60760.6015625,5.8,6.2
2025-10-04T03:13:55,4.0,60760.6015625,5.8,6.2
2025-10-04T03:13:56,3.0,60760.6015625,5.9,6.2
2025-10-04T03:13:57,2.0,60760.6015625,5.8,6.2
2025-10-04T03:13:58,4.0,60760.6015625,5.8,6.2
2025-10-04T03:13:59,4.0,60760.6015625,5.8,6.2
2025-10-04T03:14:00,3.0,60760.6015625,5.9,6.2
2025-10-04T03:14:01,4.0,60760.6015625,5.8,6.2
2025-10-04T03:14:02,5.0,60760.6015625,5.9,6.2
2025-10-04T03:14:03,4.0,60760.6015625,5.9,6.2
2025-10-04T03:14:04,3.0,60760.6015625,5.8,6.2
2025-10-04T03:14:05,3.0,60760.6015625,5.8,6.2
2025-10-04T03:14:06,2.0,60760.6015625,5.8,6.2
2025-10-04T03:14:07,4.0,60760.6015625,5.9,6.2
2025-10-04T03:14:08,5.0,60760.6015625,5.8,6.2
2025-10-04T03:14:09,3.0,60760.6015625,5.8,6.2
2025-10-04T03:14:10,4.0,60760.6015625,5.9,6.2
2025-10-04T03:14:11,5.0,60760.6015625,5.8,6.2
2025-10-04T03:14:12,3.0,60760.6015625,5.8,6.2
2025-10-04T03:14:13,4.0,60760.6015625,5.9,6.2
2025-10-04T03:14:14,4.0,60760.6015625,5.8,6.2
2025-10-04T03:14:15,3.0,60760.6015625,5.8,6.2
2025-10-04T03:14:16,4.0,60760.6015625,5.9,6.2
2025-10-04T03:14:17,1.0,60760.6015625,5.8,6.2
2025-10-04T03:14:18,5.0,60760.6015625,5.9,6.2
2025-10-04T03:14:19,4.0,60760.6015625,5.9,6.2
2025-10-04T03:14:20,4.0,60760.6015625,5.8,6.2
2025-10-04T03:14:21,2.0,60760.6015625,5.8,6.2
2025-10-04T03:14:22,4.0,60760.6015625,5.9,6.2
2025-10-04T03:14:23,5.0,60760.6015625,5.9,6.2
2025-10-04T03:14:24,3.0,60760.6015625,5.8,6.2
2025-10-04T03:14:25,5.0,60760.6015625,5.9,6.2
2025-10-04T03:14:26,3.0,60760.6015625,5.9,6.2
2025-10-04T03:14:27,2.0,60760.6015625,5.8,6.2
2025-10-04T03:14:28,3.0,60760.6015625,5.9,6.2
2025-10-04T03:14:29,4.0,60760.6015625,5.9,6.2
2025-10-04T03:14:30,3.0,60760.6015625,5.8,6.2
2025-10-04T03:14:31,3.0,60760.6015625,5.8,6.2
2025-10-04T03:14:32,3.0,60760.6015625,5.9,6.2
2025-10-04T03:14:33,6.0,60760.6015625,5.8,6.2
2025-10-04T03:14:34,3.0,60760.6015625,5.8,6.2
2025-10-04T03:14:35,4.0,60760.6015625,5.9,6.2
2025-10-04T03:14:36,2.0,60760.6015625,5.8,6.2
2025-10-04T03:14:37,5.0,60760.6015625,5.9,6.2
2025-10-04T03:14:38,5.0,60760.6015625,5.9,6.2
2025-10-04T03:14:39,4.0,60760.6015625,5.8,6.2
2025-10-04T03:14:40,4.0,60760.6015625,5.8,6.2
2025-10-04T03:14:41,3.0,60760.6015625,5.9,6.2
2025-10-04T03:14:42,5.0,60760.6015625,5.9,6.2
2025-10-04T03:14:43,3.0,60760.6015625,5.8,6.2
2025-10-04T03:14:44,5.0,60760.6015625,5.9,6.2
2025-10-04T03:14:45,3.0,60760.6015625,5.9,6.2
2025-10-04T03:14:46,4.0,60760.6015625,5.8,6.2
2025-10-04T03:14:47,3.0,60760.6015625,5.9,6.2
2025-10-04T03:14:48,2.0,60760.6015625,5.9,6.2
2025-10-04T03:14:49,3.0,60760.6015625,5.8,6.2
2025-10-04T03:14:50,5.0,60760.6015625,5.9,6.2
2025-10-04T03:14:51,5.0,60760.6015625,5.9,6.2
2025-10-04T03:14:52,3.0,60760.6015625,5.8,6.2
2025-10-04T03:14:53,5.0,60760.6015625,5.9,6.2
2025-10-04T03:14:54,4.0,60760.6015625,5.9,6.2
2025-10-04T03:14:55,4.0,60760.6015625,5.8,6.2
2025-10-04T03:14:56,2.0,60760.6015625,5.8,6.2
2025-10-04T03:14:57,5.0,60760.6015625,5.8,6.2
2025-10-04T03:14:58,3.0,60760.6015625,5.9,6.2
2025-10-04T03:14:59,4.0,60760.6015625,5.8,6.2
2025-10-04T03:15:00,4.0,60760.6015625,5.9,6.2
2025-10-04T03:15:01,5.0,60760.6015625,5.9,6.2
2025-10-04T03:15:02,2.0,60760.6015625,5.8,6.2
2025-10-04T03:15:03,4.0,60760.6015625,5.9,6.2
2025-10-04T03:15:04,5.0,60760.6015625,5.9,6.2
2025-10-04T03:15:05,2.0,60760.6015625,5.7,6.2
2025-10-04T03:15:06,3.0,60760.6015625,5.9,6.2
2025-10-04T03:15:07,6.0,60760.6015625,5.9,6.2
2025-10-04T03:15:08,5.0,60760.6015625,5.9,6.2
2025-10-04T03:15:09,3.0,60760.6015625,5.8,6.2
2025-10-04T03:15:10,3.0,60760.6015625,5.9,6.2
2025-10-04T03:15:11,3.0,60760.6015625,5.8,6.2
2025-10-04T03:15:12,4.0,60760.6015625,5.8,6.2
2025-10-04T03:15:13,4.0,60760.6015625,5.9,6.2
2025-10-04T03:15:14,5.0,60760.6015625,5.8,6.2
2025-10-04T03:15:15,2.0,60760.6015625,5.8,6.2
2025-10-04T03:15:16,4.0,60760.6015625,5.9,6.2
2025-10-04T03:15:17,3.0,60760.6015625,5.8,6.2
2025-10-04T03:15:18,3.0,60760.6015625,5.8,6.2
2025-10-04T03:15:19,6.0,60760.6015625,5.9,6.2
2025-10-04T03:15:20,2.0,60760.6015625,5.9,6.2
2025-10-04T03:15:21,2.0,60760.6015625,5.7,6.2
2025-10-04T03:15:22,4.0,60760.6015625,5.9,6.2
2025-10-04T03:15:23,2.0,60760.6015625,5.8,6.2
2025-10-04T03:15:24,3.0,60760.6015625,5.8,6.2
2025-10-04T03:15:25,4.0,60760.6015625,5.9,6.2
2025-10-04T03:15:26,5.0,60760.6015625,5.9,6.2
2025-10-04T03:15:27,4.0,60760.6015625,5.8,6.2
2025-10-04T03:15:28,5.0,60760.6015625,5.9,6.2
2025-10-04T03:15:29,2.0,60760.6015625,5.8,6.2
2025-10-04T03:15:30,3.0,60760.6015625,5.8,6.2
2025-10-04T03:15:31,3.0,60760.6015625,5.8,6.2
2025-10-04T03:15:32,4.0,60760.6015625,5.9,6.2
2025-10-04T03:15:33,3.0,60760.6015625,5.8,6.2
2025-10-04T03:15:34,3.0,60760.6015625,5.8,6.2
2025-10-04T03:15:35,4.0,60760.6015625,5.9,6.2
2025-10-04T03:15:36,3.0,60760.6015625,5.8,6.2
2025-10-04T03:15:37,4.0,60760.6015625,5.8,6.2
2025-10-04T03:15:38,4.0,60760.6015625,5.9,6.2
2025-10-04T03:15:39,4.0,60760.6015625,5.9,6.2
2025-10-04T03:15:40,5.0,60760.6015625,5.8,6.2
2025-10-04T03:15:41,2.0,60760.6015625,5.8,6.2
2025-10-04T03:15:42,3.0,60760.6015625,5.9,6.2
2025-10-04T03:15:43,21.0,60760.6015625,5.9,6.2
2025-10-04T03:15:44,3.0,60760.6015625,5.8,6.2
2025-10-04T03:15:45,3.0,60760.6015625,5.9,6.2
2025-10-04T03:15:46,5.0,60760.6015625,5.8,6.2
2025-10-04T03:15:47,2.0,60760.6015625,5.8,6.2
2025-10-04T03:15:48,4.0,60760.6015625,5.9,6.2
2025-10-04T03:15:49,3.0,60760.6015625,5.8,6.2
2025-10-04T03:15:50,4.0,60760.6015625,5.8,6.2
2025-10-04T03:15:51,4.0,60760.6015625,5.9,6.2
2025-10-04T03:15:52,4.0,60760.6015625,5.8,6.2
2025-10-04T03:15:53,2.0,60760.6015625,5.8,6.2
2025-10-04T03:15:54,3.0,60760.6015625,5.9,6.2
2025-10-04T03:15:55,4.0,60760.6015625,5.8,6.2
2025-10-04T03:15:56,3.0,60760.6015625,5.8,6.2
2025-10-04T03:15:57,4.0,60760.6015625,5.8,6.2
2025-10-04T03:15:58,3.0,60760.6015625,5.9,6.2
2025-10-04T03:15:59,4.0,60760.6015625,5.8,6.2
2025-10-04T03:16:00,3.0,60760.6015625,5.8,6.2
2025-10-04T03:16:01,3.0,60760.6015625,5.9,6.2
2025-10-04T03:16:02,6.0,60760.6015625,5.8,6.2
2025-10-04T03:16:03,2.0,60760.6015625,5.8,6.2
2025-10-04T03:16:04,3.0,60760.6015625,5.9,6.2
2025-10-04T03:16:05,4.0,60760.6015625,5.8,6.2
2025-10-04T03:16:06,4.0,60760.6015625,5.9,6.2
2025-10-04T03:16:07,3.0,60760.6015625,5.9,6.2
2025-10-04T03:16:08,6.0,60760.6015625,5.9,6.2
2025-10-04T03:16:09,4.0,60760.6015625,5.8,6.2
2025-10-04T03:16:10,2.0,60760.6015625,5.8,6.2
2025-10-04T03:16:11,3.0,60760.6015625,5.8,6.2
2025-10-04T03:16:12,5.0,60760.6015625,5.8,6.2
2025-10-04T03:16:13,2.0,60760.6015625,5.8,6.2
2025-10-04T03:16:14,2.0,60760.6015625,5.8,6.2
2025-10-04T03:16:15,4.0,60760.6015625,5.8,6.2
2025-10-04T03:16:16,4.0,60760.6015625,5.9,6.2
2025-10-04T03:16:17,6.0,60760.6015625,5.9,6.2
2025-10-04T03:16:18,3.0,60760.6015625,5.8,6.2
2025-10-04T03:16:19,2.0,60760.6015625,5.8,6.2
2025-10-04T03:16:20,6.0,60760.6015625,5.9,6.2
2025-10-04T03:16:21,3.0,60760.6015625,5.8,6.2
2025-10-04T03:16:22,2.0,60760.6015625,5.8,6.2
2025-10-04T03:16:23,4.0,60760.6015625,5.9,6.2
2025-10-04T03:16:24,4.0,60760.6015625,5.8,6.2
2025-10-04T03:16:25,3.0,60760.6015625,5.8,6.2
2025-10-04T03:16:26,2.0,60760.6015625,5.8,6.2
2025-10-04T03:16:27,6.0,60760.6015625,5.9,6.2
2025-10-04T03:16:28,3.0,60760.6015625,5.9,6.2
2025-10-04T03:16:29,3.0,60760.6015625,5.9,6.2
2025-10-04T03:16:30,4.0,60760.6015625,5.8,6.2
2025-10-04T03:16:31,3.0,60760.6015625,5.8,6.2
2025-10-04T03:16:32,4.0,60760.6015625,5.9,6.2
2025-10-04T03:16:33,3.0,60760.6015625,5.8,6.2
2025-10-04T03:16:34,3.0,60760.6015625,5.8,6.2
2025-10-04T03:16:35,4.0,60760.6015625,5.9,6.2
2025-10-04T03:16:36,5.0,60760.6015625,5.9,6.2
2025-10-04T03:16:37,3.0,60760.6015625,5.8,6.2
2025-10-04T03:16:38,4.0,60760.6015625,5.9,6.2
2025-10-04T03:16:39,3.0,60760.6015625,5.9,6.2
2025-10-04T03:16:40,4.0,60760.6015625,5.8,6.2
2025-10-04T03:16:41,4.0,60760.6015625,5.9,6.2
2025-10-04T03:16:42,4.0,60760.6015625,5.9,6.2
2025-10-04T03:16:43,4.0,60760.6015625,5.8,6.2
2025-10-04T03:16:44,2.0,60760.6015625,5.8,6.2
2025-10-04T03:16:45,4.0,60760.6015625,5.9,6.2
2025-10-04T03:16:46,4.0,60760.6015625,5.8,6.2
2025-10-04T03:16:47,2.0,60760.6015625,5.8,6.2
2025-10-04T03:16:48,4.0,60760.6015625,5.9,6.2
2025-10-04T03:16:49,3.0,60760.6015625,5.8,6.2
2025-10-04T03:16:50,2.0,60760.6015625,5.8,6.2
2025-10-04T03:16:51,5.0,60760.6015625,5.9,6.2
2025-10-04T03:16:52,3.0,60760.6015625,5.8,6.2
2025-10-04T03:16:53,3.0,60760.6015625,5.8,6.2
2025-10-04T03:16:54,4.0,60760.6015625,5.8,6.2
2025-10-04T03:16:55,3.0,60760.6015625,5.9,6.2
2025-10-04T03:16:56,5.0,60760.6015625,5.8,6.2
2025-10-04T03:16:57,5.0,60760.6015625,5.9,6.2
2025-10-04T03:16:58,2.0,60760.6015625,5.9,6.2
2025-10-04T03:16:59,3.0,60760.6015625,5.8,6.2
2025-10-04T03:17:00,4.0,60760.6015625,5.8,6.2
2025-10-04T03:17:01,4.0,60760.6015625,5.9,6.2
2025-10-04T03:17:02,3.0,60760.6015625,5.8,6.2
2025-10-04T03:17:03,3.0,60760.6015625,5.8,6.2
2025-10-04T03:17:04,3.0,60760.6015625,5.9,6.2
2025-10-04T03:17:05,2.0,60760.6015625,5.8,6.2
2025-10-04T03:17:06,3.0,60760.6015625,6.0,6.2
2025-10-04T03:17:07,4.0,60760.6015625,5.8,6.2
2025-10-04T03:17:08,3.0,60760.6015625,5.8,6.2
2025-10-04T03:17:09,4.0,60760.6015625,5.8,6.2
2025-10-04T03:17:10,4.0,60760.6015625,5.9,6.2
2025-10-04T03:17:11,4.0,60760.6015625,5.9,6.2
2025-10-04T03:17:12,5.0,60760.6015625,5.8,6.2
2025-10-04T03:17:13,3.0,60760.6015625,5.8,6.2
2025-10-04T03:17:14,4.0,60760.6015625,5.8,6.2
2025-10-04T03:17:15,3.0,60760.6015625,5.8,6.2
2025-10-04T03:17:16,4.0,60760.6015625,5.9,6.2
2025-10-04T03:17:17,2.0,60760.6015625,5.8,6.2
2025-10-04T03:17:18,2.0,60760.6015625,5.8,6.2
2025-10-04T03:17:19,5.0,60760.6015625,5.9,6.2
2025-10-04T03:17:20,4.0,60760.6015625,5.9,6.2
2025-10-04T03:17:21,2.0,60760.6015625,5.8,6.2
2025-10-04T03:17:22,4.0,60760.6015625,5.8,6.2
2025-10-04T03:17:23,3.0,60760.6015625,5.9,6.2
2025-10-04T03:17:24,5.0,60760.6015625,5.8,6.2
2025-10-04T03:17:25,1.0,60760.6015625,5.8,6.2
2025-10-04T03:17:26,5.0,60760.6015625,5.9,6.2
2025-10-04T03:17:27,3.0,60760.6015625,5.8,6.2
2025-10-04T03:17:28,2.0,60760.6015625,5.8,6.2
2025-10-04T03:17:29,3.0,60760.6015625,5.9,6.2
2025-10-04T03:17:30,4.0,60760.6015625,5.8,6.2
2025-10-04T03:17:31,5.0,60760.6015625,5.8,6.2
2025-10-04T03:17:32,3.0,60760.6015625,5.8,6.2
2025-10-04T03:17:33,3.0,60760.6015625,5.9,6.2
2025-10-04T03:17:34,3.0,60760.6015625,5.8,6.2
2025-10-04T03:17:35,4.0,60760.6015625,5.9,6.2
2025-10-04T03:17:36,3.0,60760.6015625,5.8,6.2
2025-10-04T03:17:37,6.0,60760.6015625,5.8,6.2
2025-10-04T03:17:38,3.0,60760.6015625,5.9,6.2
2025-10-04T03:17:39,1.0,60760.6015625,5.8,6.2
2025-10-04T03:17:40,4.0,60760.6015625,5.8,6.2
2025-10-04T03:17:41,3.0,60760.6015625,5.8,6.2
2025-10-04T03:17:42,3.0,60760.6015625,5.9,6.2
2025-10-04T03:17:43,5.0,60760.6015625,5.8,6.2
2025-10-04T03:17:44,4.0,60760.6015625,5.9,6.2
2025-10-04T03:17:45,3.0,60760.6015625,5.8,6.2
2025-10-04T03:17:46,3.0,60760.6015625,5.8,6.2
2025-10-04T03:17:47,3.0,60760.6015625,5.8,6.2
2025-10-04T03:17:48,3.0,60760.6015625,5.9,6.2
2025-10-04T03:17:49,4.0,60760.6015625,5.9,6.2
2025-10-04T03:17:50,4.0,60760.6015625,5.8,6.2
2025-10-04T03:17:51,3.0,60760.6015625,5.9,6.2
2025-10-04T03:17:52,2.0,60760.6015625,5.9,6.2
2025-10-04T03:17:53,3.0,60760.6015625,5.8,6.2
2025-10-04T03:17:54,3.0,60760.6015625,5.8,6.2
2025-10-04T03:17:55,3.0,60760.6015625,5.9,6.2
2025-10-04T03:17:56,4.0,60760.6015625,5.8,6.2
2025-10-04T03:17:57,3.0,60760.6015625,5.8,6.2
2025-10-04T03:17:58,4.0,60760.6015625,5.9,6.2
2025-10-04T03:17:59,3.0,60760.6015625,5.8,6.2
2025-10-04T03:18:00,5.0,60760.6015625,5.9,6.2
2025-10-04T03:18:01,3.0,60760.6015625,5.9,6.2
2025-10-04T03:18:02,3.0,60760.6015625,5.8,6.2
2025-10-04T03:18:03,3.0,60760.6015625,5.8,6.2
2025-10-04T03:18:04,3.0,60760.6015625,5.8,6.2
2025-10-04T03:18:05,4.0,60760.6015625,5.9,6.2
2025-10-04T03:18:06,3.0,60760.6015625,5.8,6.2
2025-10-04T03:18:07,4.0,60760.6015625,5.9,6.2
2025-10-04T03:18:08,5.0,60760.6015625,5.9,6.2
2025-10-04T03:18:09,2.0,60760.6015625,5.8,6.2
2025-10-04T03:18:10,6.0,60760.6015625,5.9,6.2
2025-10-04T03:18:11,5.0,60760.6015625,5.9,6.2
2025-10-04T03:18:12,2.0,60760.6015625,5.7,6.2
2025-10-04T03:18:13,3.0,60760.6015625,5.8,6.2
2025-10-04T03:18:14,3.0,60760.6015625,5.9,6.2
2025-10-04T03:18:15,2.0,60760.6015625,5.8,6.2
2025-10-04T03:18:16,3.0,60760.6015625,5.9,6.2
2025-10-04T03:18:17,4.0,60760.6015625,5.9,6.2
2025-10-04T03:18:18,4.0,60760.6015625,5.8,6.2
2025-10-04T03:18:19,4.0,60760.6015625,5.8,6.2
2025-10-04T03:18:20,3.0,60760.6015625,5.8,6.2
2025-10-04T03:18:21,4.0,60760.6015625,5.8,6.2
2025-10-04T03:18:22,3.0,60760.6015625,5.8,6.2
2025-10-04T03:18:23,3.0,60760.6015625,5.9,6.2
2025-10-04T03:18:24,5.0,60760.6015625,5.8,6.2
2025-10-04T03:18:25,3.0,60760.6015625,5.8,6.2
2025-10-04T03:18:26,3.0,60760.6015625,5.9,6.2
2025-10-04T03:18:27,2.0,60760.6015625,5.8,6.2
2025-10-04T03:18:28,3.0,60760.6015625,5.9,6.2
2025-10-04T03:18:29,5.0,60760.6015625,5.9,6.2
2025-10-04T03:18:30,4.0,60760.6015625,5.8,6.2
2025-10-04T03:18:31,3.0,60760.6015625,5.8,6.2
2025-10-04T03:18:32,4.0,60760.6015625,5.9,6.2
2025-10-04T03:18:33,4.0,60760.6015625,5.9,6.2
2025-10-04T03:18:34,3.0,60760.6015625,5.8,6.2
2025-10-04T03:18:35,3.0,60760.6015625,5.8,6.2
2025-10-04T03:18:36,3.0,60760.6015625,5.9,6.2
2025-10-04T03:18:37,4.0,60760.6015625,5.8,6.2
2025-10-04T03:18:38,3.0,60760.6015625,5.9,6.2
2025-10-04T03:18:39,5.0,60760.6015625,5.9,6.2
2025-10-04T03:18:40,5.0,60760.6015625,5.8,6.2
2025-10-04T03:18:41,4.0,60760.6015625,5.9,6.2
2025-10-04T03:18:42,2.0,60760.6015625,5.8,6.2
2025-10-04T03:18:43,5.0,60760.6015625,5.8,6.2
2025-10-04T03:18:44,4.0,60760.6015625,5.8,6.2
2025-10-04T03:18:45,3.0,60760.6015625,5.9,6.2
2025-10-04T03:18:46,3.0,60760.6015625,5.8,6.2
2025-10-04T03:18:47,5.0,60760.6015625,5.8,6.2
2025-10-04T03:18:48,4.0,60760.6015625,5.9,6.2
2025-10-04T03:18:49,3.0,60760.6015625,5.8,6.2
2025-10-04T03:18:50,5.0,60760.6015625,5.8,6.2
2025-10-04T03:18:51,3.0,60760.6015625,5.9,6.2
2025-10-04T03:18:52,3.0,60760.6015625,5.9,6.2
2025-10-04T03:18:53,3.0,60760.6015625,5.8,6.2
2025-10-04T03:18:54,3.0,60760.6015625,5.8,6.2
2025-10-04T03:18:55,2.0,60760.6015625,5.9,6.2
2025-10-04T03:18:56,4.0,60760.6015625,5.8,6.2
2025-10-04T03:18:57,3.0,60760.6015625,5.9,6.2
2025-10-04T03:18:58,4.0,60760.6015625,5.9,6.2
2025-10-04T03:18:59,2.0,60760.6015625,5.8,6.2
2025-10-04T03:19:00,5.0,60760.6015625,5.9,6.2
2025-10-04T03:19:01,3.0,60760.6015625,5.9,6.2
2025-10-04T03:19:02,5.0,60760.6015625,5.8,6.2
2025-10-04T03:19:03,2.0,60760.6015625,5.8,6.2
2025-10-04T03:19:04,5.0,60760.6015625,5.9,6.2
2025-10-04T03:19:05,1.0,60760.6015625,5.8,6.2
2025-10-04T03:19:06,4.0,60760.6015625,5.8,6.2
2025-10-04T03:19:07,4.0,60760.6015625,5.9,6.2
2025-10-04T03:19:08,3.0,60760.6015625,5.8,6.2
2025-10-04T03:19:09,4.0,60760.6015625,5.8,6.2
2025-10-04T03:19:10,3.0,60760.6015625,5.8,6.2
2025-10-04T03:19:11,3.0,60760.6015625,5.8,6.2
2025-10-04T03:19:12,3.0,60760.6015625,5.8,6.2
2025-10-04T03:19:13,4.0,60760.6015625,5.9,6.2
2025-10-04T03:19:14,2.0,60760.6015625,5.8,6.2
2025-10-04T03:19:15,4.0,60760.6015625,5.8,6.2
2025-10-04T03:19:16,3.0,60760.6015625,5.9,6.2
2025-10-04T03:19:17,3.0,60760.6015625,5.8,6.2
2025-10-04T03:19:18,5.0,60760.6015625,5.8,6.2
2025-10-04T03:19:19,3.0,60760.6015625,5.9,6.2
2025-10-04T03:19:20,4.0,60760.6015625,5.9,6.2
2025-10-04T03:19:21,3.0,60760.6015625,5.8,6.2
2025-10-04T03:19:22,3.0,60760.6015625,5.8,6.2
2025-10-04T03:19:23,3.0,60760.6015625,5.8,6.2
2025-10-04T03:19:24,4.0,60760.6015625,5.8,6.2
2025-10-04T03:19:25,3.0,60760.6015625,5.8,6.2
2025-10-04T03:19:26,3.0,60760.6015625,5.9,6.2
2025-10-04T03:19:27,4.0,60760.6015625,5.8,6.2
2025-10-04T03:19:28,4.0,60760.6015625,5.8,6.2
2025-10-04T03:19:29,5.0,60760.6015625,5.9,6.2
2025-10-04T03:19:30,4.0,60760.6015625,5.8,6.2
2025-10-04T03:19:31,2.0,60760.6015625,5.8,6.2
2025-10-04T03:19:32,2.0,60760.6015625,5.9,6.2
2025-10-04T03:19:33,5.0,60760.6015625,5.9,6.2
2025-10-04T03:19:34,2.0,60760.6015625,5.8,6.2
2025-10-04T03:19:35,4.0,60760.6015625,5.9,6.2
2025-10-04T03:19:36,4.0,60760.6015625,5.9,6.2
2025-10-04T03:19:37,4.0,60760.6015625,5.8,6.2
2025-10-04T03:19:38,3.0,60760.6015625,5.9,6.2
2025-10-04T03:19:39,5.0,60760.6015625,5.9,6.2
2025-10-04T03:19:40,5.0,60760.6015625,5.8,6.2
2025-10-04T03:19:41,5.0,60760.6015625,5.9,6.2
2025-10-04T03:19:42,2.0,60760.6015625,5.9,6.2
2025-10-04T03:19:43,4.0,60760.6015625,5.8,6.2
2025-10-04T03:19:44,2.0,60760.6015625,5.8,6.2
2025-10-04T03:19:45,4.0,60760.6015625,5.9,6.2
2025-10-04T03:19:46,4.0,60760.6015625,5.8,6.2
2025-10-04T03:19:47,4.0,60760.6015625,5.9,6.2
2025-10-04T03:19:48,3.0,60760.6015625,5.9,6.2
2025-10-04T03:19:49,3.0,60760.6015625,5.8,6.2
2025-10-04T03:19:50,3.0,60760.6015625,5.8,6.2
2025-10-04T03:19:51,3.0,60760.6015625,5.8,6.2
2025-10-04T03:19:52,3.0,60760.6015625,5.8,6.2
2025-10-04T03:19:53,4.0,60760.6015625,5.8,6.2
2025-10-04T03:19:54,5.0,60760.6015625,5.9,6.2
2025-10-04T03:19:55,3.0,60760.6015625,5.9,6.2
2025-10-04T03:19:56,3.0,60760.6015625,5.8,6.2
2025-10-04T03:19:57,4.0,60760.6015625,5.8,6.2
2025-10-04T03:19:58,3.0,60760.6015625,5.9,6.2
2025-10-04T03:19:59,2.0,60760.6015625,5.8,6.2
2025-10-04T03:20:00,3.0,60760.6015625,5.8,6.2
2025-10-04T03:20:01,4.0,60760.6015625,5.9,6.2
2025-10-04T03:20:02,4.0,60760.6015625,5.8,6.2
2025-10-04T03:20:03,3.0,60760.6015625,5.8,6.2
2025-10-04T03:20:04,3.0,60760.6015625,5.9,6.2
2025-10-04T03:20:05,4.0,60760.6015625,5.8,6.2
2025-10-04T03:20:06,4.0,60760.6015625,5.8,6.2
2025-10-04T03:20:07,4.0,60760.6015625,5.9,6.2
2025-10-04T03:20:08,3.0,60760.6015625,5.8,6.2
2025-10-04T03:20:09,3.0,60760.6015625,5.8,6.2
2025-10-04T03:20:10,4.0,60760.6015625,5.9,6.2
2025-10-04T03:20:11,2.0,60760.6015625,5.8,6.2
2025-10-04T03:20:12,3.0,60760.6015625,5.8,6.2
2025-10-04T03:20:13,2.0,60760.6015625,5.8,6.2
2025-10-04T03:20:14,4.0,60760.6015625,5.9,6.2
2025-10-04T03:20:15,7.0,60760.6015625,5.8,6.2
2025-10-04T03:20:16,4.0,60760.6015625,5.9,6.2
2025-10-04T03:20:17,4.0,60760.6015625,5.9,6.2
2025-10-04T03:20:18,5.0,60760.6015625,5.8,6.2
2025-10-04T03:20:19,3.0,60760.6015625,5.9,6.2
2025-10-04T03:20:20,3.0,60760.6015625,5.9,6.2
2025-10-04T03:20:21,3.0,60760.6015625,5.8,6.2
2025-10-04T03:20:22,2.0,60760.6015625,5.8,6.2
2025-10-04T03:20:23,3.0,60760.6015625,5.8,6.2
2025-10-04T03:20:24,5.0,60760.6015625,5.9,6.2
2025-10-04T03:20:25,4.0,60760.6015625,5.9,6.2
2025-10-04T03:20:26,5.0,60760.6015625,5.9,6.2
2025-10-04T03:20:27,5.0,60760.6015625,5.8,6.2
2025-10-04T03:20:28,2.0,60760.6015625,5.8,6.2
2025-10-04T03:20:29,2.0,60760.6015625,5.8,6.2
2025-10-04T03:20:30,4.0,60760.6015625,5.8,6.2
2025-10-04T03:20:31,2.0,60760.6015625,5.8,6.2
2025-10-04T03:20:32,4.0,60760.6015625,5.9,6.2
2025-10-04T03:20:33,4.0,60760.6015625,5.9,6.2
2025-10-04T03:20:34,3.0,60760.6015625,5.8,6.2
2025-10-04T03:20:35,6.0,60760.6015625,5.9,6.2
2025-10-04T03:20:36,2.0,60760.6015625,5.8,6.2
2025-10-04T03:20:37,5.0,60760.6015625,5.8,6.2
2025-10-04T03:20:38,2.0,60760.6015625,5.9,6.2
2025-10-04T03:20:39,3.0,60760.6015625,5.9,6.2
2025-10-04T03:20:40,3.0,60760.6015625,5.8,6.2
2025-10-04T03:20:41,5.0,60760.6015625,5.9,6.2
2025-10-04T03:20:42,3.0,60760.6015625,5.9,6.2
2025-10-04T03:20:43,4.0,60760.6015625,5.8,6.2
2025-10-04T03:20:44,3.0,60760.6015625,5.9,6.2
2025-10-04T03:20:45,4.0,60760.6015625,5.9,6.2
2025-10-04T03:20:46,4.0,60760.6015625,5.9,6.2
2025-10-04T03:20:47,3.0,60760.6015625,5.8,6.2
2025-10-04T03:20:48,4.0,60760.6015625,5.9,6.2
2025-10-04T03:20:49,4.0,60760.6015625,5.8,6.2
2025-10-04T03:20:50,4.0,60760.6015625,5.8,6.2
2025-10-04T03:20:51,4.0,60760.6015625,5.9,6.2
2025-10-04T03:20:52,3.0,60760.6015625,5.8,6.2
2025-10-04T03:20:53,3.0,60760.6015625,5.8,6.2
2025-10-04T03:20:54,4.0,60760.6015625,5.9,6.2
2025-10-04T03:20:55,3.0,60760.6015625,5.9,6.2
2025-10-04T03:20:56,3.0,60760.6015625,5.8,6.2
2025-10-04T03:20:57,2.0,60760.6015625,5.8,6.2
2025-10-04T03:20:58,3.0,60760.6015625,5.9,6.2
2025-10-04T03:20:59,3.0,60760.6015625,5.8,6.2
2025-10-04T03:21:00,5.0,60760.6015625,5.9,6.2
2025-10-04T03:21:01,3.0,60760.6015625,5.9,6.2
2025-10-04T03:21:02,4.0,60760.6015625,5.8,6.2
2025-10-04T03:21:03,2.0,60760.6015625,5.8,6.2
2025-10-04T03:21:04,6.0,60760.6015625,5.9,6.2
2025-10-04T03:21:05,2.0,60760.6015625,5.8,6.2
2025-10-04T03:21:06,4.0,60760.6015625,5.8,6.2
2025-10-04T03:21:07,2.0,60760.6015625,5.8,6.2
2025-10-04T03:21:08,5.0,60760.6015625,5.9,6.2
2025-10-04T03:21:09,4.0,60760.6015625,5.8,6.2
2025-10-04T03:21:10,3.0,60760.6015625,5.8,6.2
2025-10-04T03:21:11,4.0,60760.6015625,5.9,6.2
2025-10-04T03:21:12,4.0,60760.6015625,5.8,6.2
2025-10-04T03:21:13,3.0,60760.6015625,5.8,6.2
2025-10-04T03:21:14,3.0,60760.6015625,5.9,6.2
2025-10-04T03:21:15,2.0,60760.6015625,5.8,6.2
2025-10-04T03:21:16,4.0,60760.6015625,5.9,6.2
2025-10-04T03:21:17,3.0,60760.6015625,5.9,6.2
2025-10-04T03:21:18,4.0,60760.6015625,5.8,6.2
2025-10-04T03:21:19,5.0,60760.6015625,5.9,6.2
2025-10-04T03:21:20,18.3,60760.6015625,5.9,6.2
2025-10-04T03:21:21,5.2,60760.6015625,5.9,6.2
2025-10-04T03:21:22,5.0,60760.6015625,5.9,6.2
2025-10-04T03:21:23,3.0,60760.6015625,5.9,6.2
2025-10-04T03:21:24,3.0,60760.6015625,5.8,6.2
2025-10-04T03:21:25,2.0,60760.6015625,5.8,6.2
2025-10-04T03:21:26,4.0,60760.6015625,5.9,6.2
2025-10-04T03:21:27,3.0,60760.6015625,5.8,6.2
2025-10-04T03:21:28,2.0,60760.6015625,5.8,6.2
2025-10-04T03:21:29,5.0,60760.6015625,5.9,6.2
2025-10-04T03:21:30,4.0,60760.6015625,5.8,6.2
2025-10-04T03:21:31,3.0,60760.6015625,5.8,6.2
2025-10-04T03:21:32,4.0,60760.6015625,5.9,6.2
2025-10-04T03:21:33,3.0,60760.6015625,5.9,6.2
2025-10-04T03:21:34,3.0,60760.6015625,5.8,6.2
2025-10-04T03:21:35,2.0,60760.6015625,5.9,6.2
2025-10-04T03:21:36,5.0,60760.6015625,5.9,6.2
2025-10-04T03:21:37,3.0,60760.6015625,5.8,6.2
2025-10-04T03:21:38,3.0,60760.6015625,5.9,6.2
2025-10-04T03:21:39,2.0,60760.6015625,5.9,6.2
2025-10-04T03:21:40,4.0,60760.6015625,5.8,6.2
2025-10-04T03:21:41,5.0,60760.6015625,5.9,6.2
2025-10-04T03:21:42,3.0,60760.6015625,5.9,6.2
2025-10-04T03:21:43,4.0,60760.6015625,5.8,6.2
2025-10-04T03:21:44,4.0,60760.6015625,5.9,6.2
2025-10-04T03:21:45,3.0,60760.6015625,5.9,6.2
2025-10-04T03:21:46,5.0,60760.6015625,5.8,6.2
2025-10-04T03:21:47,2.0,60760.6015625,5.8,6.2
2025-10-04T03:21:48,3.0,60760.6015625,5.9,6.2
2025-10-04T03:21:49,2.0,60760.6015625,5.8,6.2
2025-10-04T03:21:50,4.0,60760.6015625,5.8,6.2
2025-10-04T03:21:51,5.0,60760.6015625,5.9,6.2
2025-10-04T03:21:52,3.0,60760.6015625,5.9,6.2
2025-10-04T03:21:53,3.0,60760.6015625,5.8,6.2
2025-10-04T03:21:54,5.0,60760.6015625,5.9,6.2
2025-10-04T03:21:55,3.0,60760.6015625,5.9,6.2
2025-10-04T03:21:56,3.0,60760.6015625,5.8,6.2
2025-10-04T03:21:57,4.0,60760.6015625,5.9,6.2
2025-10-04T03:21:58,5.0,60760.6015625,5.9,6.2
2025-10-04T03:21:59,4.0,60760.6015625,5.8,6.2
2025-10-04T03:22:00,4.0,60760.6015625,5.8,6.2
2025-10-04T03:22:01,3.0,60760.6015625,5.9,6.2
2025-10-04T03:22:02,4.0,60760.6015625,5.8,6.2
2025-10-04T03:22:03,4.0,60760.6015625,5.9,6.2
2025-10-04T03:22:04,3.0,60760.6015625,5.9,6.2
2025-10-04T03:22:05,4.0,60760.6015625,5.8,6.2
2025-10-04T03:22:06,3.0,60760.6015625,5.8,6.2
2025-10-04T03:22:07,4.0,60760.6015625,5.9,6.2
2025-10-04T03:22:08,3.0,60760.6015625,5.8,6.2
2025-10-04T03:22:09,5.0,60760.6015625,5.8,6.2
2025-10-04T03:22:10,4.0,60760.6015625,5.9,6.2
2025-10-04T03:22:11,3.0,60760.6015625,5.8,6.2
2025-10-04T03:22:12,3.0,60760.6015625,5.8,6.2
2025-10-04T03:22:13,4.0,60760.6015625,5.9,6.2
2025-10-04T03:22:14,4.0,60760.6015625,5.9,6.2
2025-10-04T03:22:15,5.0,60760.6015625,5.8,6.2
2025-10-04T03:22:16,4.0,60760.6015625,5.9,6.2
2025-10-04T03:22:17,4.0,60760.6015625,5.9,6.2
2025-10-04T03:22:18,4.0,60760.6015625,5.8,6.2
2025-10-04T03:22:19,3.0,60760.6015625,5.8,6.2
2025-10-04T03:22:20,3.0,60760.6015625,5.8,6.2
2025-10-04T03:22:21,2.0,60760.6015625,5.8,6.2
2025-10-04T03:22:22,4.0,60760.6015625,5.8,6.2
2025-10-04T03:22:23,2.0,60760.6015625,5.9,6.2
2025-10-04T03:22:24,3.0,60760.6015625,5.8,6.2
2025-10-04T03:22:25,5.0,60760.6015625,5.9,6.2
2025-10-04T03:22:26,3.0,60760.6015625,5.9,6.2
2025-10-04T03:22:27,4.0,60760.6015625,5.8,6.2
2025-10-04T03:22:28,4.0,60760.6015625,5.9,6.2
2025-10-04T03:22:29,3.0,60760.6015625,5.9,6.2
2025-10-04T03:22:30,4.0,60760.6015625,5.9,6.2
2025-10-04T03:22:31,6.0,60760.6015625,5.8,6.2
2025-10-04T03:22:32,3.0,60760.6015625,5.9,6.2
2025-10-04T03:22:33,2.0,60760.6015625,5.8,6.2
2025-10-04T03:22:34,3.0,60760.6015625,5.9,6.2
2025-10-04T03:22:35,4.0,60760.6015625,5.9,6.2
2025-10-04T03:22:36,5.0,60760.6015625,5.9,6.2
2025-10-04T03:22:37,3.0,60760.6015625,5.8,6.2
2025-10-04T03:22:38,3.0,60760.6015625,5.9,6.2
2025-10-04T03:22:39,4.0,60760.6015625,5.9,6.2
2025-10-04T03:22:40,3.0,60760.6015625,5.8,6.2
2025-10-04T03:22:41,3.0,60760.6015625,5.8,6.2
2025-10-04T03:22:42,3.0,60760.6015625,5.9,6.2
2025-10-04T03:22:43,3.0,60760.6015625,5.8,6.2
2025-10-04T03:22:44,6.0,60760.6015625,5.9,6.2
2025-10-04T03:22:45,3.0,60760.6015625,5.9,6.2
2025-10-04T03:22:46,4.0,60760.6015625,5.8,6.2
2025-10-04T03:22:47,4.0,60760.6015625,5.9,6.2
2025-10-04T03:22:48,1.0,60760.6015625,5.9,6.2
2025-10-04T03:22:49,5.0,60760.6015625,5.8,6.2
2025-10-04T03:22:50,6.0,60760.6015625,5.9,6.2
2025-10-04T03:22:51,3.0,60760.6015625,5.9,6.2
2025-10-04T03:22:52,3.0,60760.6015625,5.9,6.2
2025-10-04T03:22:53,3.0,60760.6015625,5.8,6.2
2025-10-04T03:22:54,4.0,60760.6015625,5.9,6.2
2025-10-04T03:22:55,3.0,60760.6015625,5.9,6.2
2025-10-04T03:22:56,4.0,60760.6015625,5.8,6.2
2025-10-04T03:22:57,4.0,60760.6015625,5.9,6.2
2025-10-04T03:22:58,4.0,60760.6015625,5.9,6.2
2025-10-04T03:22:59,3.0,60760.6015625,5.8,6.2
2025-10-04T03:23:00,5.0,60760.6015625,5.9,6.2
2025-10-04T03:23:01,2.0,60760.6015625,5.9,6.2
2025-10-04T03:23:02,3.0,60760.6015625,5.8,6.2
2025-10-04T03:23:03,4.0,60760.6015625,5.9,6.2
2025-10-04T03:23:04,4.0,60760.6015625,5.9,6.2
2025-10-04T03:23:05,3.0,60760.6015625,5.8,6.2
2025-10-04T03:23:06,3.0,60760.6015625,5.8,6.2
2025-10-04T03:23:07,3.0,60760.6015625,5.9,6.2
2025-10-04T03:23:08,3.0,60760.6015625,5.8,6.2
2025-10-04T03:23:09,2.0,60760.6015625,5.8,6.2
2025-10-04T03:23:10,4.0,60760.6015625,5.9,6.2
2025-10-04T03:23:11,6.0,60760.6015625,5.8,6.2
2025-10-04T03:23:12,3.0,60760.6015625,5.8,6.2
2025-10-04T03:23:13,4.0,60760.6015625,5.9,6.2
2025-10-04T03:23:14,3.0,60760.6015625,5.9,6.2
2025-10-04T03:23:15,3.0,60760.6015625,5.8,6.2
2025-10-04T03:23:16,4.0,60760.6015625,5.9,6.2
2025-10-04T03:23:17,4.0,60760.6015625,5.9,6.2
2025-10-04T03:23:18,3.0,60760.6015625,5.8,6.2
2025-10-04T03:23:19,3.0,60760.6015625,5.8,6.2
2025-10-04T03:23:20,4.0,60760.6015625,5.9,6.2
2025-10-04T03:23:21,4.0,60760.6015625,5.8,6.2
2025-10-04T03:23:22,3.0,60760.6015625,5.8,6.2
2025-10-04T03:23:23,3.0,60760.6015625,5.9,6.2
2025-10-04T03:23:24,4.0,60760.6015625,5.8,6.2
2025-10-04T03:23:25,2.0,60760.6015625,5.8,6.2
2025-10-04T03:23:26,5.0,60760.6015625,5.9,6.2
2025-10-04T03:23:27,5.0,60760.6015625,5.8,6.2
2025-10-04T03:23:28,2.0,60760.6015625,5.9,6.2
2025-10-04T03:23:29,5.0,60760.6015625,5.9,6.2
2025-10-04T03:23:30,3.0,60760.6015625,5.9,6.2
2025-10-04T03:23:31,4.0,60760.6015625,5.8,6.2
2025-10-04T03:23:32,3.0,60760.6015625,5.9,6.2
2025-10-04T03:23:33,3.0,60760.6015625,5.8,6.2
2025-10-04T03:23:34,4.0,60760.6015625,5.8,6.2
2025-10-04T03:23:35,3.0,60760.6015625,5.9,6.2
2025-10-04T03:23:36,3.0,60760.6015625,5.9,6.2
2025-10-04T03:23:37,4.0,60760.6015625,5.8,6.2
2025-10-04T03:23:38,4.0,60760.6015625,5.9,6.2
2025-10-04T03:23:39,4.0,60760.6015625,5.8,6.2
2025-10-04T03:23:40,5.0,60760.6015625,5.9,6.2
2025-10-04T03:23:41,5.0,60760.6015625,5.8,6.2
2025-10-04T03:23:42,2.0,60760.6015625,5.8,6.2
2025-10-04T03:23:43,3.0,60760.6015625,5.8,6.2
2025-10-04T03:23:44,4.0,60760.6015625,5.8,6.2
2025-10-04T03:23:45,3.0,60760.6015625,5.9,6.2
2025-10-04T03:23:46,3.0,60760.6015625,5.8,6.2
2025-10-04T03:23:47,5.0,60760.6015625,5.9,6.2
2025-10-04T03:23:48,5.0,60760.6015625,5.9,6.2
2025-10-04T03:23:49,3.0,60760.6015625,5.9,6.2
2025-10-04T03:23:50,2.0,60760.6015625,5.7,6.2
2025-10-04T03:23:51,4.0,60760.6015625,5.9,6.2
2025-10-04T03:23:52,5.0,60760.6015625,5.9,6.2
2025-10-04T03:23:53,2.0,60760.6015625,5.7,6.2
2025-10-04T03:23:54,5.0,60760.6015625,5.9,6.2
2025-10-04T03:23:55,3.0,60760.6015625,5.9,6.2
2025-10-04T03:23:56,3.0,60760.6015625,5.8,6.2
2025-10-04T03:23:57,4.0,60760.6015625,5.9,6.2
2025-10-04T03:23:58,2.0,60760.6015625,5.9,6.2
2025-10-04T03:23:59,4.0,60760.6015625,5.8,6.2
2025-10-04T03:24:00,4.0,60760.6015625,5.8,6.2
2025-10-04T03:24:01,2.0,60760.6015625,5.9,6.2
2025-10-04T03:24:02,5.0,60760.6015625,5.9,6.2
2025-10-04T03:24:03,3.0,60760.6015625,5.8,6.2
2025-10-04T03:24:04,3.0,60760.6015625,5.9,6.2
2025-10-04T03:24:05,5.0,60760.6015625,5.8,6.2
2025-10-04T03:24:06,4.0,60760.6015625,5.8,6.2
2025-10-04T03:24:07,4.0,60760.6015625,5.9,6.2
2025-10-04T03:24:08,2.0,60760.6015625,5.9,6.2
2025-10-04T03:24:09,2.0,60760.6015625,5.7,6.2
2025-10-04T03:24:10,3.0,60760.6015625,5.8,6.2
2025-10-04T03:24:11,4.0,60760.6015625,5.9,6.2
2025-10-04T03:24:12,4.0,60760.6015625,5.8,6.2
2025-10-04T03:24:13,4.0,60760.6015625,5.9,6.2
2025-10-04T03:24:14,5.0,60760.6015625,5.9,6.2
2025-10-04T03:24:15,3.0,60760.6015625,5.8,6.2
2025-10-04T03:24:16,2.0,60760.6015625,5.8,6.2
2025-10-04T03:24:17,3.0,60760.6015625,5.9,6.2
2025-10-04T03:24:18,4.0,60760.6015625,5.9,6.2
2025-10-04T03:24:19,3.0,60760.6015625,5.8,6.2
2025-10-04T03:24:20,5.0,60760.6015625,5.9,6.2
2025-10-04T03:24:21,3.0,60760.6015625,5.8,6.2
2025-10-04T03:24:22,3.0,60760.6015625,5.8,6.2
2025-10-04T03:24:23,3.0,60760.6015625,5.9,6.2
2025-10-04T03:24:24,5.0,60760.6015625,5.9,6.2
2025-10-04T03:24:25,2.0,60760.6015625,5.8,6.2
2025-10-04T03:24:26,5.0,60760.6015625,5.9,6.2
2025-10-04T03:24:27,3.0,60760.6015625,5.8,6.2
2025-10-04T03:24:28,5.0,60760.6015625,5.9,6.2
2025-10-04T03:24:29,3.0,60760.6015625,5.9,6.2
2025-10-04T03:24:30,4.0,60760.6015625,5.9,6.2
2025-10-04T03:24:31,3.0,60760.6015625,5.8,6.2
2025-10-04T03:24:32,4.0,60760.6015625,5.9,6.2
2025-10-04T03:24:33,3.0,60760.6015625,5.8,6.2
2025-10-04T03:24:34,3.0,60760.6015625,5.8,6.2
2025-10-04T03:24:35,5.0,60760.6015625,5.9,6.2
2025-10-04T03:24:36,2.0,60760.6015625,5.8,6.2
2025-10-04T03:24:37,3.0,60760.6015625,5.8,6.2
2025-10-04T03:24:38,6.0,60760.6015625,5.9,6.2
2025-10-04T03:24:39,3.0,60760.6015625,5.9,6.2
2025-10-04T03:24:40,4.0,60760.6015625,5.8,6.2
2025-10-04T03:24:41,2.0,60760.6015625,5.8,6.2
2025-10-04T03:24:42,4.0,60760.6015625,5.9,6.2
2025-10-04T03:24:43,4.0,60760.6015625,5.8,6.2
2025-10-04T03:24:44,4.0,60760.6015625,5.8,6.2
2025-10-04T03:24:45,4.0,60760.6015625,5.9,6.2
2025-10-04T03:24:46,3.0,60760.6015625,5.8,6.2
2025-10-04T03:24:47,4.0,60760.6015625,5.8,6.2
2025-10-04T03:24:48,3.0,60760.6015625,5.9,6.2
2025-10-04T03:24:49,6.0,60760.6015625,5.9,6.2
2025-10-04T03:24:50,2.0,60760.6015625,5.8,6.2
2025-10-04T03:24:51,4.0,60760.6015625,5.9,6.2
2025-10-04T03:24:52,4.0,60760.6015625,5.9,6.2
2025-10-04T03:24:53,5.0,60760.6015625,5.8,6.2
2025-10-04T03:24:54,2.0,60760.6015625,5.8,6.2
2025-10-04T03:24:55,2.0,60760.6015625,5.8,6.2
2025-10-04T03:24:56,3.0,60760.6015625,5.8,6.2
2025-10-04T03:24:57,4.0,60760.6015625,5.9,6.2
2025-10-04T03:24:58,4.0,60760.6015625,5.9,6.2
2025-10-04T03:24:59,5.0,60760.6015625,5.8,6.2
2025-10-04T03:25:00,3.0,60760.6015625,5.8,6.2
2025-10-04T03:25:01,6.0,60760.6015625,5.9,6.2
2025-10-04T03:25:02,2.0,60760.6015625,5.8,6.2
2025-10-04T03:25:03,4.0,60760.6015625,5.8,6.2
2025-10-04T03:25:04,3.0,60760.6015625,5.9,6.2
2025-10-04T03:25:05,3.0,60760.6015625,5.8,6.2
2025-10-04T03:25:06,4.0,60760.6015625,5.8,6.2
2025-10-04T03:25:07,5.0,60760.6015625,5.9,6.2
2025-10-04T03:25:08,4.0,60760.6015625,5.9,6.2
2025-10-04T03:25:09,4.0,60760.6015625,5.8,6.2
2025-10-04T03:25:10,3.0,60760.6015625,5.8,6.2
2025-10-04T03:25:11,3.0,60760.6015625,5.9,6.2
2025-10-04T03:25:12,3.0,60760.6015625,5.8,6.2
2025-10-04T03:25:13,4.0,60760.6015625,5.9,6.2
2025-10-04T03:25:14,5.0,60760.6015625,5.9,6.2
2025-10-04T03:25:15,3.0,60760.6015625,5.8,6.2
2025-10-04T03:25:16,5.0,60760.6015625,5.9,6.2
2025-10-04T03:25:17,5.0,60760.6015625,5.9,6.2
2025-10-04T03:25:18,4.0,60760.6015625,5.8,6.2
2025-10-04T03:25:19,3.0,60760.6015625,5.8,6.2
2025-10-04T03:25:20,4.0,60760.6015625,5.9,6.2
2025-10-04T03:25:21,3.0,60760.6015625,5.8,6.2
2025-10-04T03:25:22,3.0,60760.6015625,5.8,6.2
2025-10-04T03:25:23,5.0,60760.6015625,5.9,6.2
2025-10-04T03:25:24,3.0,60760.6015625,5.8,6.2
2025-10-04T03:25:25,5.0,60760.6015625,5.8,6.2
2025-10-04T03:25:26,1.0,60760.6015625,5.9,6.2
2025-10-04T03:25:27,4.0,60760.6015625,5.9,6.2
2025-10-04T03:25:28,4.0,60760.6015625,5.8,6.2
2025-10-04T03:25:29,4.0,60760.6015625,5.8,6.2
2025-10-04T03:25:30,2.0,60760.6015625,5.8,6.2
2025-10-04T03:25:31,2.0,60760.6015625,5.8,6.2
2025-10-04T03:25:32,4.0,60760.6015625,5.9,6.2
2025-10-04T03:25:33,2.0,60760.6015625,5.8,6.2
2025-10-04T03:25:34,3.0,60760.6015625,5.8,6.2
2025-10-04T03:25:35,5.0,60760.6015625,5.9,6.2
2025-10-04T03:25:36,3.0,60760.6015625,5.8,6.2
2025-10-04T03:25:37,3.0,60760.6015625,5.8,6.2
2025-10-04T03:25:38,4.0,60760.6015625,5.9,6.2
2025-10-04T03:25:39,3.0,60760.6015625,5.9,6.2
2025-10-04T03:25:40,1.0,60760.6015625,5.8,6.2
2025-10-04T03:25:41,4.0,60760.6015625,5.8,6.2
2025-10-04T03:25:42,3.0,60760.6015625,5.9,6.2
2025-10-04T03:25:43,3.0,60760.6015625,5.8,6.2
2025-10-04T03:25:44,3.0,60760.6015625,5.8,6.2
2025-10-04T03:25:45,3.0,60760.6015625,5.9,6.2
2025-10-04T03:25:46,2.0,60760.6015625,5.9,6.2
2025-10-04T03:25:47,5.0,60760.6015625,5.8,6.2
2025-10-04T03:25:48,3.0,60760.6015625,5.9,6.2
2025-10-04T03:25:49,3.0,60760.6015625,5.9,6.2
2025-10-04T03:25:50,3.0,60760.6015625,5.8,6.2
2025-10-04T03:25:51,3.0,60760.6015625,5.8,6.2
2025-10-04T03:25:52,3.0,60760.6015625,5.9,6.2
2025-10-04T03:25:53,3.0,60760.6015625,5.8,6.2
2025-10-04T03:25:54,5.0,60760.6015625,5.9,6.2
2025-10-04T03:25:55,3.0,60760.6015625,5.8,6.2
2025-10-04T03:25:56,5.0,60760.6015625,5.9,6.2
2025-10-04T03:25:57,4.0,60760.6015625,5.9,6.2
2025-10-04T03:25:58,2.0,60760.6015625,5.9,6.2
2025-10-04T03:25:59,4.0,60760.6015625,5.8,6.2
2025-10-04T03:26:00,4.0,60760.6015625,5.8,6.2
2025-10-04T03:26:01,2.0,60760.6015625,5.9,6.2
2025-10-04T03:26:02,5.0,60760.6015625,5.9,6.2
2025-10-04T03:26:03,5.0,60760.6015625,5.8,6.2
2025-10-04T03:26:04,4.0,60760.6015625,5.9,6.2
2025-10-04T03:26:05,4.0,60760.6015625,5.9,6.2
2025-10-04T03:26:06,3.0,60760.6015625,5.8,6.2
2025-10-04T03:26:07,4.0,60760.6015625,5.9,6.2
2025-10-04T03:26:08,4.0,60760.6015625,5.9,6.2
2025-10-04T03:26:09,3.0,60760.6015625,5.8,6.2
2025-10-04T03:26:10,3.0,60760.6015625,5.8,6.2
2025-10-04T03:26:11,3.0,60760.6015625,5.8,6.2
2025-10-04T03:26:12,2.0,60760.6015625,5.8,6.2
2025-10-04T03:26:13,5.0,60760.6015625,5.9,6.2
2025-10-04T03:26:14,5.0,60760.6015625,5.9,6.2
2025-10-04T03:26:15,4.0,60760.6015625,5.8,6.2
2025-10-04T03:26:16,5.0,60760.6015625,5.9,6.2
2025-10-04T03:26:17,4.0,60760.6015625,5.9,6.2
2025-10-04T03:26:18,1.0,60760.6015625,5.8,6.2
2025-10-04T03:26:19,4.0,60760.6015625,5.8,6.2
2025-10-04T03:26:20,4.0,60760.6015625,5.9,6.2
2025-10-04T03:26:21,3.0,60760.6015625,5.8,6.2
2025-10-04T03:26:22,4.0,60760.6015625,5.8,6.2
2025-10-04T03:26:23,3.0,60760.6015625,5.8,6.2
2025-10-04T03:26:24,3.0,60760.6015625,5.9,6.2
2025-10-04T03:26:25,5.0,60760.6015625,5.8,6.2
2025-10-04T03:26:26,3.0,60760.6015625,5.9,6.2
2025-10-04T03:26:27,4.0,60760.6015625,5.9,6.2
2025-10-04T03:26:28,3.0,60760.6015625,5.8,6.2
2025-10-04T03:26:29,5.0,60760.6015625,5.9,6.2
2025-10-04T03:26:30,4.0,60760.6015625,5.8,6.2
2025-10-04T03:26:31,3.0,60760.6015625,5.8,6.2
2025-10-04T03:26:32,3.0,60760.6015625,5.8,6.2
2025-10-04T03:26:33,3.0,60760.6015625,5.9,6.2
2025-10-04T03:26:34,2.0,60760.6015625,5.8,6.2
2025-10-04T03:26:35,3.0,60760.6015625,5.8,6.2
2025-10-04T03:26:36,4.0,60760.6015625,5.9,6.2
2025-10-04T03:26:37,6.0,60760.6015625,5.9,6.2
2025-10-04T03:26:38,4.0,60760.6015625,5.8,6.2
2025-10-04T03:26:39,4.0,60760.6015625,5.9,6.2
2025-10-04T03:26:40,3.0,60760.6015625,5.9,6.2
2025-10-04T03:26:41,3.0,60760.6015625,5.8,6.2
2025-10-04T03:26:42,3.0,60760.6015625,5.9,6.2
2025-10-04T03:26:43,3.0,60760.6015625,5.9,6.2
2025-10-04T03:26:44,3.0,60760.6015625,5.8,6.2
2025-10-04T03:26:45,3.0,60760.6015625,5.9,6.2
2025-10-04T03:26:46,3.0,60760.6015625,5.9,6.2
2025-10-04T03:26:47,4.0,60760.6015625,5.8,6.2
2025-10-04T03:26:48,4.0,60760.6015625,5.9,6.2
2025-10-04T03:26:49,5.0,60760.6015625,5.9,6.2
2025-10-04T03:26:50,3.0,60760.6015625,5.8,6.2
2025-10-04T03:26:51,3.0,60760.6015625,5.8,6.2
2025-10-04T03:26:52,2.0,60760.6015625,5.9,6.2
2025-10-04T03:26:53,4.0,60760.6015625,5.8,6.2
2025-10-04T03:26:54,2.0,60760.6015625,5.8,6.2
2025-10-04T03:26:55,4.0,60760.6015625,5.9,6.2
2025-10-04T03:26:56,4.0,60760.6015625,5.8,6.2
2025-10-04T03:26:57,22.0,60760.6015625,5.9,6.2
2025-10-04T03:26:58,4.0,60760.6015625,5.9,6.2
2025-10-04T03:26:59,3.0,60760.6015625,5.9,6.2
2025-10-04T03:27:00,4.0,60760.6015625,5.8,6.2
2025-10-04T03:27:01,3.0,60760.6015625,5.9,6.2
2025-10-04T03:27:02,4.0,60760.6015625,5.9,6.2
2025-10-04T03:27:03,2.0,60760.6015625,5.8,6.2
2025-10-04T03:27:04,4.0,60760.6015625,5.9,6.2
2025-10-04T03:27:05,4.0,60760.6015625,5.8,6.2
2025-10-04T03:27:06,3.0,60760.6015625,5.8,6.2
2025-10-04T03:27:07,3.0,60760.6015625,5.8,6.2
2025-10-04T03:27:08,4.0,60760.6015625,5.9,6.2
2025-10-04T03:27:09,4.0,60760.6015625,5.8,6.2
2025-10-04T03:27:10,3.0,60760.6015625,5.8,6.2
2025-10-04T03:27:11,2.0,60760.6015625,5.8,6.2
2025-10-04T03:27:12,5.0,60760.6015625,5.9,6.2
2025-10-04T03:27:13,3.0,60760.6015625,5.8,6.2
2025-10-04T03:27:14,3.0,60760.6015625,5.9,6.2
2025-10-04T03:27:15,5.0,60760.6015625,5.9,6.2
2025-10-04T03:27:16,4.0,60760.6015625,5.8,6.2
2025-10-04T03:27:17,2.0,60760.6015625,5.8,6.2
2025-10-04T03:27:18,3.0,60760.6015625,5.9,6.2
2025-10-04T03:27:19,2.0,60760.6015625,5.8,6.2
2025-10-04T03:27:20,7.0,60760.6015625,6.0,6.2
2025-10-04T03:27:21,3.0,60760.6015625,5.8,6.2
2025-10-04T03:27:22,3.0,60760.6015625,5.8,6.2
2025-10-04T03:27:23,4.0,60760.6015625,5.9,6.2
2025-10-04T03:27:24,3.0,60760.6015625,5.9,6.2
2025-10-04T03:27:25,3.0,60760.6015625,5.8,6.2
2025-10-04T03:27:26,2.0,60760.6015625,5.8,6.2
2025-10-04T03:27:27,3.0,60760.6015625,5.9,6.2
2025-10-04T03:27:28,6.0,60760.6015625,5.9,6.2
2025-10-04T03:27:29,3.0,60760.6015625,5.8,6.2
2025-10-04T03:27:30,4.0,60760.6015625,5.9,6.2
2025-10-04T03:27:31,4.0,60760.6015625,5.8,6.2
2025-10-04T03:27:32,5.0,60760.6015625,5.9,6.2
2025-10-04T03:27:33,3.0,60760.6015625,5.9,6.2
2025-10-04T03:27:34,3.0,60760.6015625,5.8,6.2
2025-10-04T03:27:35,3.0,60760.6015625,5.8,6.2
2025-10-04T03:27:36,2.0,60760.6015625,5.8,6.2
2025-10-04T03:27:37,5.0,60760.6015625,5.9,6.2
2025-10-04T03:27:38,3.0,60760.6015625,5.8,6.2
2025-10-04T03:27:39,3.0,60760.6015625,5.8,6.2
2025-10-04T03:27:40,4.0,60760.6015625,5.9,6.2
2025-10-04T03:27:41,3.0,60760.6015625,5.8,6.2
2025-10-04T03:27:42,3.0,60760.6015625,5.9,6.2
2025-10-04T03:27:43,5.0,60760.6015625,5.9,6.2
2025-10-04T03:27:44,4.0,60760.6015625,5.8,6.2
2025-10-04T03:27:45,3.0,60760.6015625,5.8,6.2
2025-10-04T03:27:46,5.0,60760.6015625,5.9,6.2
2025-10-04T03:27:47,2.0,60760.6015625,5.8,6.2
2025-10-04T03:27:48,5.0,60760.6015625,5.9,6.2
2025-10-04T03:27:49,3.0,60760.6015625,5.8,6.2
2025-10-04T03:27:50,3.0,60760.6015625,5.8,6.2
2025-10-04T03:27:51,3.0,60760.6015625,5.8,6.2
2025-10-04T03:27:52,3.0,60760.6015625,5.9,6.2
2025-10-04T03:27:53,5.0,60760.6015625,5.8,6.2
2025-10-04T03:27:54,3.0,60760.6015625,5.8,6.2
2025-10-04T03:27:55,4.0,60760.6015625,5.9,6.2
2025-10-04T03:27:56,2.0,60760.6015625,5.8,6.2
2025-10-04T03:27:57,3.0,60760.6015625,5.8,6.2
2025-10-04T03:27:58,4.0,60760.6015625,5.9,6.2
2025-10-04T03:27:59,3.0,60760.6015625,5.8,6.2
2025-10-04T03:28:00,4.0,60760.6015625,5.8,6.2
2025-10-04T03:28:01,3.0,60760.6015625,6.0,6.2
2025-10-04T03:28:02,4.0,60760.6015625,5.9,6.2
2025-10-04T03:28:03,3.0,60760.6015625,5.8,6.2
2025-10-04T03:28:04,4.0,60760.6015625,5.9,6.2
2025-10-04T03:28:05,4.0,60760.6015625,5.9,6.2
2025-10-04T03:28:06,2.0,60760.6015625,5.8,6.2
2025-10-04T03:28:07,4.0,60760.6015625,5.9,6.2
2025-10-04T03:28:08,3.0,60760.6015625,5.9,6.2
2025-10-04T03:28:09,2.0,60760.6015625,5.8,6.2
2025-10-04T03:28:10,3.0,60760.6015625,5.9,6.2
2025-10-04T03:28:11,5.0,60760.6015625,5.9,6.2
2025-10-04T03:28:12,3.0,60760.6015625,5.8,6.2
2025-10-04T03:28:13,3.0,60760.6015625,5.8,6.2
2025-10-04T03:28:14,4.0,60760.6015625,5.9,6.2
2025-10-04T03:28:15,3.0,60760.6015625,5.8,6.2
2025-10-04T03:28:16,3.0,60760.6015625,5.9,6.2
2025-10-04T03:28:17,3.0,60760.6015625,5.9,6.2
2025-10-04T03:28:18,3.0,60760.6015625,5.8,6.2
2025-10-04T03:28:19,3.0,60760.6015625,5.8,6.2
2025-10-04T03:28:20,5.0,60760.6015625,5.9,6.2
2025-10-04T03:28:21,4.0,60760.6015625,5.9,6.2
2025-10-04T03:28:22,5.0,60760.6015625,5.8,6.2
2025-10-04T03:28:23,2.0,60760.6015625,5.8,6.2
2025-10-04T03:28:24,5.0,60760.6015625,5.9,6.2
2025-10-04T03:28:25,6.0,60760.6015625,5.8,6.2
2025-10-04T03:28:26,3.0,60760.6015625,5.9,6.2
2025-10-04T03:28:27,3.0,60760.6015625,5.9,6.2
2025-10-04T03:28:28,4.0,60760.6015625,5.8,6.2
2025-10-04T03:28:29,5.0,60760.6015625,5.9,6.2
2025-10-04T03:28:30,5.0,60760.6015625,5.9,6.2
2025-10-04T03:28:31,3.0,60760.6015625,5.8,6.2
2025-10-04T03:28:32,3.0,60760.6015625,5.8,6.2
2025-10-04T03:28:33,3.0,60760.6015625,5.9,6.2
2025-10-04T03:28:34,4.0,60760.6015625,5.8,6.2
2025-10-04T03:28:35,3.0,60760.6015625,5.8,6.2
2025-10-04T03:28:36,4.0,60760.6015625,5.9,6.2
2025-10-04T03:28:37,4.0,60760.6015625,5.9,6.2
2025-10-04T03:28:38,5.0,60760.6015625,5.8,6.2
2025-10-04T03:28:39,4.0,60760.6015625,5.9,6.2
2025-10-04T03:28:40,4.0,60760.6015625,5.9,6.2
2025-10-04T03:28:41,5.0,60760.6015625,5.8,6.2
2025-10-04T03:28:42,3.0,60760.6015625,5.8,6.2
2025-10-04T03:28:43,1.0,60760.6015625,5.8,6.2
2025-10-04T03:28:44,2.0,60760.6015625,5.7,6.2
2025-10-04T03:28:45,2.0,60760.6015625,5.8,6.2
2025-10-04T03:28:46,5.0,60760.6015625,5.9,6.2
2025-10-04T03:28:47,5.0,60760.6015625,5.8,6.2
2025-10-04T03:28:48,4.0,60760.6015625,5.9,6.2
2025-10-04T03:28:49,3.0,60760.6015625,5.9,6.2
2025-10-04T03:28:50,3.0,60760.6015625,5.8,6.2
2025-10-04T03:28:51,3.0,60760.6015625,5.8,6.2
2025-10-04T03:28:52,6.0,60760.6015625,5.9,6.2
2025-10-04T03:28:53,4.0,60760.6015625,5.8,6.2
2025-10-04T03:28:54,3.0,60760.6015625,5.8,6.2
2025-10-04T03:28:55,3.0,60760.6015625,5.9,6.2
2025-10-04T03:28:56,4.0,60760.6015625,5.8,6.2
2025-10-04T03:28:57,2.0,60760.6015625,5.8,6.2
2025-10-04T03:28:58,3.0,60760.6015625,5.9,6.2
2025-10-04T03:28:59,4.0,60760.6015625,5.9,6.2
2025-10-04T03:29:00,3.0,60760.6015625,5.8,6.2
2025-10-04T03:29:01,4.0,60760.6015625,5.9,6.2
2025-10-04T03:29:02,2.0,60760.6015625,5.9,6.2
2025-10-04T03:29:03,4.0,60760.6015625,5.8,6.2
2025-10-04T03:29:04,2.0,60760.6015625,5.8,6.2
2025-10-04T03:29:05,5.0,60760.6015625,5.9,6.2
2025-10-04T03:29:06,2.0,60760.6015625,5.8,6.2
2025-10-04T03:29:07,3.0,60760.6015625,5.9,6.2
2025-10-04T03:29:08,3.0,60760.6015625,5.9,6.2
2025-10-04T03:29:09,4.0,60760.6015625,5.8,6.2
2025-10-04T03:29:10,4.0,60760.6015625,5.8,6.2
2025-10-04T03:29:11,3.0,60760.6015625,5.9,6.2
2025-10-04T03:29:12,5.0,60760.6015625,5.8,6.2
2025-10-04T03:29:13,4.0,60760.6015625,5.8,6.2
2025-10-04T03:29:14,4.0,60760.6015625,5.9,6.2
2025-10-04T03:29:15,3.0,60760.6015625,5.8,6.2
2025-10-04T03:29:16,4.0,60760.6015625,5.8,6.2
2025-10-04T03:29:17,2.0,60760.6015625,5.9,6.2
2025-10-04T03:29:18,2.0,60760.6015625,5.9,6.2
2025-10-04T03:29:19,4.0,60760.6015625,5.8,6.2
2025-10-04T03:29:20,3.0,60760.6015625,5.9,6.2
2025-10-04T03:29:21,5.0,60760.6015625,5.9,6.2
2025-10-04T03:29:22,4.0,60760.6015625,5.8,6.2
2025-10-04T03:29:23,2.0,60760.6015625,5.8,6.2
2025-10-04T03:29:24,8.0,60760.6015625,5.9,6.2
2025-10-04T03:29:25,2.0,60760.6015625,5.8,6.2
2025-10-04T03:29:26,3.0,60760.6015625,5.8,6.2
2025-10-04T03:29:27,2.0,60760.6015625,5.8,6.2
2025-10-04T03:29:28,2.0,60760.6015625,5.8,6.2
2025-10-04T03:29:29,4.0,60760.6015625,5.9,6.2
2025-10-04T03:29:30,3.0,60760.6015625,5.9,6.2
2025-10-04T03:29:31,4.0,60760.6015625,5.8,6.2
2025-10-04T03:29:32,5.0,60760.6015625,5.9,6.2
2025-10-04T03:29:33,2.0,60760.6015625,5.8,6.2
2025-10-04T03:29:34,4.0,60760.6015625,5.8,6.2
2025-10-04T03:29:35,3.0,60760.6015625,5.8,6.2
2025-10-04T03:29:36,2.0,60760.6015625,5.8,6.2
2025-10-04T03:29:37,5.0,60760.6015625,5.8,6.2
2025-10-04T03:29:38,2.0,60760.6015625,5.8,6.2
2025-10-04T03:29:39,3.0,60760.6015625,5.9,6.2
2025-10-04T03:29:40,3.0,60760.6015625,5.8,6.2
2025-10-04T03:29:41,3.0,60760.6015625,5.8,6.2
2025-10-04T03:29:42,2.0,60760.6015625,5.8,6.2
2025-10-04T03:29:43,4.0,60760.6015625,5.9,6.2
2025-10-04T03:29:44,5.0,60760.6015625,5.8,6.2
2025-10-04T03:29:45,3.0,60760.6015625,5.9,6.2
2025-10-04T03:29:46,3.0,60760.6015625,5.9,6.2
2025-10-04T03:29:47,5.0,60760.6015625,5.8,6.2
2025-10-04T03:29:48,3.0,60760.6015625,5.9,6.2
2025-10-04T03:29:49,5.0,60760.6015625,5.9,6.2
2025-10-04T03:29:50,2.0,60760.6015625,5.8,6.2
2025-10-04T03:29:51,1.0,60760.6015625,5.8,6.2
2025-10-04T03:29:52,3.0,60760.6015625,5.8,6.2
2025-10-04T03:29:53,2.0,60760.6015625,5.8,6.2
2025-10-04T03:29:54,3.0,60760.6015625,5.8,6.2
2025-10-04T03:29:55,3.0,60760.6015625,5.9,6.2
2025-10-04T03:29:56,6.0,60760.6015625,5.8,6.2
2025-10-04T03:29:57,5.0,60760.6015625,5.9,6.2
2025-10-04T03:29:58,6.0,60760.6015625,5.9,6.2
2025-10-04T03:29:59,2.0,60760.6015625,5.8,6.2
2025-10-04T03:30:00,3.0,60760.6015625,5.8,6.2
2025-10-04T03:30:01,2.0,60760.6015625,5.8,6.2
2025-10-04T03:30:02,3.0,60760.6015625,5.8,6.2
2025-10-04T03:30:03,3.0,60760.6015625,5.8,6.2
2025-10-04T03:30:04,3.0,60760.6015625,5.9,6.2
2025-10-04T03:30:05,4.0,60760.6015625,5.9,6.2
2025-10-04T03:30:06,3.0,60760.6015625,5.8,6.2
2025-10-04T03:30:07,4.0,60760.6015625,5.9,6.2
2025-10-04T03:30:08,5.0,60760.6015625,5.9,6.2
2025-10-04T03:30:09,4.0,60760.6015625,5.8,6.2
2025-10-04T03:30:10,4.0,60760.6015625,5.8,6.2
2025-10-04T03:30:11,4.0,60760.6015625,5.9,6.2
2025-10-04T03:30:12,3.0,60760.6015625,5.8,6.2
2025-10-04T03:30:13,2.0,60760.6015625,5.8,6.2
2025-10-04T03:30:14,5.0,60760.6015625,5.9,6.2
2025-10-04T03:30:15,3.0,60760.6015625,5.8,6.2
2025-10-04T03:30:16,3.0,60760.6015625,5.8,6.2
2025-10-04T03:30:17,3.0,60760.6015625,5.9,6.2
2025-10-04T03:30:18,6.0,60760.6015625,5.9,6.2
2025-10-04T03:30:19,3.0,60760.6015625,5.8,6.2
2025-10-04T03:30:20,2.0,60760.6015625,5.8,6.2
2025-10-04T03:30:21,3.0,60760.6015625,5.9,6.2
2025-10-04T03:30:22,5.0,60760.6015625,5.8,6.2
2025-10-04T03:30:23,3.0,60760.6015625,5.9,6.2
2025-10-04T03:30:24,3.0,60760.6015625,5.8,6.2
2025-10-04T03:30:25,5.0,60760.6015625,5.8,6.2
2025-10-04T03:30:26,2.0,60760.6015625,5.8,6.2
2025-10-04T03:30:27,3.0,60760.6015625,5.8,6.2
2025-10-04T03:30:28,4.0,60760.6015625,5.8,6.2
2025-10-04T03:30:29,4.0,60760.6015625,5.9,6.2
2025-10-04T03:30:30,2.0,60760.6015625,5.8,6.2
2025-10-04T03:30:31,6.0,60760.6015625,5.9,6.2
2025-10-04T03:30:32,3.0,60760.6015625,5.8,6.2
2025-10-04T03:30:33,4.0,60760.6015625,5.9,6.2
2025-10-04T03:30:34,4.0,60760.6015625,5.8,6.2
2025-10-04T03:30:35,4.0,60760.6015625,5.8,6.2
2025-10-04T03:30:36,4.0,60760.6015625,5.9,6.2
2025-10-04T03:30:37,4.0,60760.6015625,5.8,6.2
2025-10-04T03:30:38,3.0,60760.6015625,5.8,6.2
2025-10-04T03:30:39,3.0,60760.6015625,5.9,6.2
2025-10-04T03:30:40,3.0,60760.6015625,5.9,6.2
2025-10-04T03:30:41,3.0,60760.6015625,5.7,6.2
2025-10-04T03:30:42,5.0,60760.6015625,5.9,6.2
2025-10-04T03:30:43,3.0,60760.6015625,5.9,6.2
2025-10-04T03:30:44,4.0,60760.6015625,5.8,6.2
2025-10-04T03:30:45,5.0,60760.6015625,5.9,6.2
2025-10-04T03:30:46,4.0,60760.6015625,5.9,6.2
2025-10-04T03:30:47,3.0,60760.6015625,5.8,6.2
2025-10-04T03:30:48,2.0,60760.6015625,5.8,6.2
2025-10-04T03:30:49,4.0,60760.6015625,5.9,6.2
2025-10-04T03:30:50,2.0,60760.6015625,5.8,6.2
2025-10-04T03:30:51,5.0,60760.6015625,5.8,6.2
2025-10-04T03:30:52,3.0,60760.6015625,5.9,6.2
2025-10-04T03:30:53,4.0,60760.6015625,5.8,6.2
2025-10-04T03:30:54,3.0,60760.6015625,5.8,6.2
2025-10-04T03:30:55,5.0,60760.6015625,5.9,6.2
2025-10-04T03:30:56,3.0,60760.6015625,5.9,6.2
2025-10-04T03:30:57,3.0,60760.6015625,5.8,6.2
2025-10-04T03:30:58,5.0,60760.6015625,5.9,6.2
2025-10-04T03:30:59,3.0,60760.6015625,5.9,6.2
2025-10-04T03:31:00,4.0,60760.6015625,5.8,6.2
2025-10-04T03:31:01,3.0,60760.6015625,5.9,6.2
2025-10-04T03:31:02,5.0,60760.6015625,5.9,6.2
2025-10-04T03:31:03,3.0,60760.6015625,5.8,6.2
2025-10-04T03:31:04,4.0,60760.6015625,5.9,6.2
2025-10-04T03:31:05,3.0,60760.6015625,5.9,6.2
2025-10-04T03:31:06,3.0,60760.6015625,5.8,6.2
2025-10-04T03:31:07,3.0,60760.6015625,5.8,6.2
2025-10-04T03:31:08,5.0,60760.6015625,5.9,6.2
2025-10-04T03:31:09,4.0,60760.6015625,5.8,6.2
2025-10-04T03:31:10,4.0,60760.6015625,5.9,6.2
2025-10-04T03:31:11,4.0,60760.6015625,5.9,6.2
2025-10-04T03:31:12,3.0,60760.6015625,5.8,6.2
2025-10-04T03:31:13,3.0,60760.6015625,5.8,6.2
2025-10-04T03:31:14,2.0,60760.6015625,5.8,6.2
2025-10-04T03:31:15,3.0,60760.6015625,5.8,6.2
2025-10-04T03:31:16,6.0,60760.6015625,5.9,6.2
2025-10-04T03:31:17,2.0,60760.6015625,5.9,6.2
2025-10-04T03:31:18,4.0,60760.6015625,5.8,6.2
2025-10-04T03:31:19,4.0,60760.6015625,5.8,6.2
2025-10-04T03:31:20,3.0,60760.6015625,5.9,6.2
2025-10-04T03:31:21,2.0,60760.6015625,5.8,6.2
2025-10-04T03:31:22,5.0,60760.6015625,5.8,6.2
2025-10-04T03:31:23,3.0,60760.6015625,5.9,6.2
2025-10-04T03:31:24,3.0,60760.6015625,5.9,6.2
2025-10-04T03:31:25,4.0,60760.6015625,5.8,6.2
2025-10-04T03:31:26,3.0,60760.6015625,5.9,6.2
2025-10-04T03:31:27,4.0,60760.6015625,5.9,6.2
2025-10-04T03:31:28,5.0,60760.6015625,5.8,6.2
2025-10-04T03:31:29,4.0,60760.6015625,5.8,6.2
2025-10-04T03:31:30,2.0,60760.6015625,5.8,6.2
2025-10-04T03:31:31,3.0,60760.6015625,5.8,6.2
2025-10-04T03:31:32,5.0,60760.6015625,5.9,6.2
2025-10-04T03:31:33,2.0,60760.6015625,5.9,6.2
2025-10-04T03:31:34,4.0,60760.6015625,5.8,6.2
2025-10-04T03:31:35,3.0,60760.6015625,5.8,6.2
2025-10-04T03:31:36,4.0,60760.6015625,5.9,6.2
2025-10-04T03:31:37,3.0,60760.6015625,5.8,6.2
2025-10-04T03:31:38,3.0,60760.6015625,5.8,6.2
2025-10-04T03:31:39,4.0,60760.6015625,5.8,6.2
2025-10-04T03:31:40,4.0,60760.6015625,5.9,6.2
2025-10-04T03:31:41,4.0,60760.6015625,5.8,6.2
2025-10-04T03:31:42,2.0,60760.6015625,5.8,6.2
2025-10-04T03:31:43,4.0,60760.6015625,5.9,6.2
2025-10-04T03:31:44,5.0,60760.6015625,5.8,6.2
2025-10-04T03:31:45,4.0,60760.6015625,5.9,6.2
2025-10-04T03:31:46,3.0,60761.8515625,5.9,6.2
2025-10-04T03:31:47,2.0,60761.8515625,5.8,6.2
2025-10-04T03:31:48,4.0,60761.8515625,5.9,6.2
2025-10-04T03:31:49,5.0,60761.8515625,5.9,6.2
2025-10-04T03:31:50,3.0,60761.8515625,5.8,6.2
2025-10-04T03:31:51,4.0,60761.8515625,5.8,6.2
2025-10-04T03:31:52,4.0,60761.8515625,5.9,6.2
2025-10-04T03:31:53,3.0,60761.8515625,5.8,6.2
2025-10-04T03:31:54,4.0,60761.8515625,5.8,6.2
2025-10-04T03:31:55,2.0,60761.8515625,5.9,6.2
2025-10-04T03:31:56,5.0,60761.8515625,5.8,6.2
2025-10-04T03:31:57,2.0,60761.8515625,5.8,6.2
2025-10-04T03:31:58,4.0,60761.8515625,5.9,6.2
2025-10-04T03:31:59,4.0,60761.8515625,5.9,6.2
2025-10-04T03:32:00,3.0,60761.8515625,5.8,6.2
2025-10-04T03:32:01,5.0,60761.8515625,5.9,6.2
2025-10-04T03:32:02,5.0,60761.8515625,5.9,6.2
2025-10-04T03:32:03,4.0,60761.8515625,5.8,6.2
2025-10-04T03:32:04,3.0,60761.8515625,5.9,6.2
2025-10-04T03:32:05,3.0,60761.8515625,5.9,6.2
2025-10-04T03:32:06,2.0,60761.8515625,5.8,6.2
2025-10-04T03:32:07,5.0,60761.8515625,5.8,6.2
2025-10-04T03:32:08,4.0,60761.8515625,5.9,6.2
2025-10-04T03:32:09,3.0,60761.8515625,5.8,6.2
2025-10-04T03:32:10,3.0,60761.8515625,5.8,6.2
2025-10-04T03:32:11,4.0,60761.8515625,5.9,6.2
2025-10-04T03:32:12,4.0,60761.8515625,5.8,6.2
2025-10-04T03:32:13,3.0,60761.8515625,5.8,6.2
2025-10-04T03:32:14,6.0,60761.8515625,5.9,6.2
2025-10-04T03:32:15,3.0,60761.8515625,5.8,6.2
2025-10-04T03:32:16,2.0,60761.8515625,5.8,6.2
2025-10-04T03:32:17,4.0,60761.8515625,5.9,6.2
2025-10-04T03:32:18,4.0,60761.8515625,5.9,6.2
2025-10-04T03:32:19,3.0,60761.8515625,5.8,6.2
2025-10-04T03:32:20,4.0,60761.8515625,5.9,6.2
2025-10-04T03:32:21,4.0,60761.8515625,5.9,6.2
2025-10-04T03:32:22,3.0,60761.8515625,5.8,6.2
2025-10-04T03:32:23,5.0,60761.8515625,5.9,6.2
2025-10-04T03:32:24,3.0,60761.8515625,5.9,6.2
2025-10-04T03:32:25,3.0,60761.8515625,5.8,6.2
2025-10-04T03:32:26,3.0,60761.8515625,5.9,6.2
2025-10-04T03:32:27,4.0,60761.8515625,5.9,6.2
2025-10-04T03:32:28,5.0,60761.8515625,5.9,6.2
2025-10-04T03:32:29,3.0,60761.8515625,5.8,6.2
2025-10-04T03:32:30,3.0,60761.8515625,5.9,6.2
2025-10-04T03:32:31,5.0,60761.8515625,5.8,6.2
2025-10-04T03:32:32,3.0,60761.8515625,5.8,6.2
2025-10-04T03:32:33,3.0,60761.8515625,5.9,6.2
2025-10-04T03:32:34,4.0,60761.8515625,5.8,6.2
2025-10-04T03:32:35,5.0,60761.8515625,5.8,6.2
2025-10-04T03:32:36,2.0,60761.8515625,5.8,6.2
2025-10-04T03:32:37,4.0,60761.8515625,5.9,6.2
2025-10-04T03:32:38,4.0,60761.8515625,5.8,6.2
2025-10-04T03:32:39,4.0,60761.8515625,5.9,6.2
2025-10-04T03:32:40,5.0,60761.8515625,5.9,6.2
2025-10-04T03:32:41,20.0,60761.8515625,5.9,6.2
2025-10-04T03:32:42,3.0,60761.8515625,5.9,6.2
2025-10-04T03:32:43,4.0,60761.8515625,5.8,6.2
2025-10-04T03:32:44,3.0,60761.8515625,5.8,6.2
2025-10-04T03:32:45,6.0,60761.8515625,5.9,6.2
2025-10-04T03:32:46,2.0,60761.8515625,5.9,6.2
2025-10-04T03:32:47,3.0,60761.8515625,5.8,6.2
2025-10-04T03:32:48,6.0,60761.8515625,5.9,6.2
2025-10-04T03:32:49,3.0,60761.8515625,5.9,6.2
2025-10-04T03:32:50,5.0,60761.8515625,5.9,6.2
2025-10-04T03:32:51,4.0,60761.8515625,5.8,6.2
2025-10-04T03:32:52,4.0,60761.8515625,5.9,6.2
2025-10-04T03:32:53,3.0,60761.8515625,5.8,6.2
2025-10-04T03:32:54,4.0,60761.8515625,5.8,6.2
2025-10-04T03:32:55,2.0,60761.8515625,5.8,6.2
2025-10-04T03:32:56,3.0,60761.8515625,5.9,6.2
2025-10-04T03:32:57,4.0,60761.8515625,5.8,6.2
2025-10-04T03:32:58,7.0,60761.8515625,5.9,6.2
2025-10-04T03:32:59,5.0,60761.8515625,5.9,6.2
2025-10-04T03:33:00,3.0,60761.8515625,5.8,6.2
2025-10-04T03:33:01,3.0,60761.8515625,5.9,6.2
2025-10-04T03:33:02,4.0,60761.8515625,5.9,6.2
2025-10-04T03:33:03,4.0,60761.8515625,5.8,6.2
2025-10-04T03:33:04,4.0,60761.8515625,5.9,6.2
2025-10-04T03:33:05,4.0,60761.8515625,5.9,6.2
2025-10-04T03:33:06,3.0,60761.8515625,5.8,6.2
2025-10-04T03:33:07,3.0,60761.8515625,5.8,6.2
2025-10-04T03:33:08,5.0,60761.8515625,5.9,6.2
2025-10-04T03:33:09,4.0,60761.8515625,5.8,6.2
2025-10-04T03:33:10,3.0,60761.8515625,5.9,6.2
2025-10-04T03:33:11,3.0,60761.8515625,5.9,6.2
2025-10-04T03:33:12,3.0,60761.8515625,5.8,6.2
2025-10-04T03:33:13,5.0,60761.8515625,5.8,6.2
2025-10-04T03:33:14,3.0,60761.8515625,5.9,6.2
2025-10-04T03:33:15,4.0,60761.8515625,5.9,6.2
2025-10-04T03:33:16,2.0,60761.8515625,5.8,6.2
2025-10-04T03:33:17,4.0,60761.8515625,5.9,6.2
2025-10-04T03:33:18,2.0,60761.8515625,5.9,6.2
2025-10-04T03:33:19,5.0,60761.8515625,5.8,6.2
2025-10-04T03:33:20,4.0,60761.8515625,5.9,6.2
2025-10-04T03:33:21,4.0,60761.8515625,5.9,6.2
2025-10-04T03:33:22,3.0,60761.8515625,5.8,6.2
2025-10-04T03:33:23,5.0,60761.8515625,5.9,6.2
2025-10-04T03:33:24,2.0,60761.8515625,5.9,6.2
2025-10-04T03:33:25,2.0,60761.8515625,5.8,6.2
2025-10-04T03:33:26,6.0,60761.8515625,5.9,6.2
2025-10-04T03:33:27,2.0,60761.8515625,5.9,6.2
2025-10-04T03:33:28,6.0,60761.8515625,5.9,6.2
2025-10-04T03:33:29,1.0,60761.8515625,5.9,6.2
2025-10-04T03:33:30,5.0,60761.8515625,5.9,6.2
2025-10-04T03:33:31,1.0,60761.8515625,5.8,6.2
2025-10-04T03:33:32,8.0,60761.8515625,5.9,6.2
2025-10-04T03:33:33,4.0,60761.8515625,5.9,6.2
2025-10-04T03:33:34,4.0,60761.8515625,5.9,6.2
2025-10-04T03:33:35,3.0,60761.8515625,5.8,6.2
2025-10-04T03:33:36,3.0,60761.8515625,5.9,6.2
2025-10-04T03:33:37,4.0,60761.8515625,5.9,6.2
2025-10-04T03:33:38,3.0,60761.8515625,5.8,6.2
2025-10-04T03:33:39,5.0,60761.8515625,5.9,6.2
2025-10-04T03:33:40,4.0,60761.8515625,5.9,6.2
2025-10-04T03:33:41,3.0,60761.8515625,5.8,6.2
2025-10-04T03:33:42,4.0,60761.8515625,5.9,6.2
2025-10-04T03:33:43,4.0,60761.8515625,5.9,6.2
2025-10-04T03:33:44,3.0,60761.8515625,5.8,6.2
2025-10-04T03:33:45,2.0,60761.8515625,5.8,6.2
2025-10-04T03:33:46,5.0,60761.8515625,5.9,6.2
2025-10-04T03:33:47,5.0,60761.8515625,5.8,6.2
2025-10-04T03:33:48,3.0,60761.8515625,5.8,6.2
2025-10-04T03:33:49,4.0,60761.8515625,5.9,6.2
2025-10-04T03:33:50,3.0,60761.8515625,5.8,6.2
2025-10-04T03:33:51,3.0,60761.8515625,5.8,6.2
2025-10-04T03:33:52,4.0,60761.8515625,5.9,6.2
2025-10-04T03:33:53,4.0,60761.8515625,5.8,6.2
2025-10-04T03:33:54,3.0,60761.8515625,5.8,6.2
2025-10-04T03:33:55,3.0,60761.8515625,5.8,6.2
2025-10-04T03:33:56,5.0,60761.8515625,5.9,6.2
2025-10-04T03:33:57,5.0,60761.8515625,5.8,6.2
2025-10-04T03:33:58,5.0,60761.8515625,5.9,6.2
2025-10-04T03:33:59,3.0,60761.8515625,5.9,6.2
2025-10-04T03:34:00,2.0,60761.8515625,5.7,6.2
2025-10-04T03:34:01,4.0,60761.8515625,5.9,6.2
2025-10-04T03:34:02,3.0,60761.8515625,5.9,6.2
2025-10-04T03:34:03,5.0,60761.8515625,5.8,6.2
2025-10-04T03:34:04,2.0,60761.8515625,5.9,6.2
2025-10-04T03:34:05,5.0,60761.8515625,5.9,6.2
2025-10-04T03:34:06,2.0,60761.8515625,5.8,6.2
2025-10-04T03:34:07,4.0,60761.8515625,5.8,6.2
2025-10-04T03:34:08,3.0,60761.8515625,5.9,6.2
2025-10-04T03:34:09,4.0,60761.8515625,5.8,6.2
2025-10-04T03:34:10,4.0,60761.8515625,5.8,6.2
2025-10-04T03:34:11,2.0,60761.8515625,5.9,6.2
2025-10-04T03:34:12,3.0,60761.8515625,5.8,6.2
2025-10-04T03:34:13,4.0,60761.8515625,5.8,6.2
2025-10-04T03:34:14,6.0,60761.8515625,5.9,6.2
2025-10-04T03:34:15,2.0,60761.8515625,5.8,6.2
2025-10-04T03:34:16,4.0,60761.8515625,5.8,6.2
2025-10-04T03:34:17,3.0,60761.8515625,5.9,6.2
2025-10-04T03:34:18,4.0,60761.8515625,5.9,6.2
2025-10-04T03:34:19,2.0,60761.8515625,5.7,6.2
2025-10-04T03:34:20,2.0,60761.8515625,5.8,6.2
2025-10-04T03:34:21,2.0,60761.8515625,5.9,6.2
2025-10-04T03:34:22,5.0,60761.8515625,5.8,6.2
2025-10-04T03:34:23,3.0,60761.8515625,5.9,6.2
2025-10-04T03:34:24,4.0,60761.8515625,5.9,6.2
2025-10-04T03:34:25,3.0,60761.8515625,5.8,6.2
2025-10-04T03:34:26,4.0,60761.8515625,5.8,6.2
2025-10-04T03:34:27,3.0,60761.8515625,5.9,6.2
2025-10-04T03:34:28,5.0,60761.8515625,5.8,6.2
2025-10-04T03:34:29,2.0,60761.8515625,5.8,6.2
2025-10-04T03:34:30,5.0,60761.8515625,5.9,6.2
2025-10-04T03:34:31,3.0,60761.8515625,5.8,6.2
2025-10-04T03:34:32,4.0,60761.8515625,5.8,6.2
2025-10-04T03:34:33,5.0,60761.8515625,5.9,6.2
2025-10-04T03:34:34,2.0,60761.8515625,5.8,6.2
2025-10-04T03:34:35,4.0,60761.8515625,5.8,6.2
2025-10-04T03:34:36,3.0,60761.8515625,5.9,6.2
2025-10-04T03:34:37,3.0,60761.8515625,5.8,6.2
2025-10-04T03:34:38,2.0,60761.8515625,5.8,6.2
2025-10-04T03:34:39,4.0,60761.8515625,5.9,6.2
2025-10-04T03:34:40,3.0,60761.8515625,5.9,6.2
2025-10-04T03:34:41,4.0,60761.8515625,5.8,6.2
2025-10-04T03:34:42,4.0,60761.8515625,5.9,6.2
2025-10-04T03:34:43,2.0,60761.8515625,5.9,6.2
2025-10-04T03:34:44,5.0,60761.8515625,5.8,6.2
2025-10-04T03:34:45,4.0,60761.8515625,5.8,6.2
2025-10-04T03:34:46,3.0,60761.8515625,5.9,6.2
2025-10-04T03:34:47,4.0,60761.8515625,5.8,6.2
2025-10-04T03:34:48,3.0,60761.8515625,5.8,6.2
2025-10-04T03:34:49,5.0,60761.8515625,5.9,6.2
2025-10-04T03:34:50,4.0,60761.8515625,5.8,6.2
2025-10-04T03:34:51,3.0,60761.8515625,5.8,6.2
2025-10-04T03:34:52,4.0,60761.8515625,5.9,6.2
2025-10-04T03:34:53,7.0,60761.8515625,5.9,6.2
2025-10-04T03:34:54,2.0,60761.8515625,5.8,6.2
2025-10-04T03:34:55,3.0,60761.8515625,5.9,6.2
2025-10-04T03:34:56,3.0,60761.8515625,5.9,6.2
2025-10-04T03:34:57,6.0,60761.8515625,5.8,6.2
2025-10-04T03:34:58,3.0,60761.8515625,5.9,6.2
2025-10-04T03:34:59,6.0,60761.8515625,5.9,6.2
2025-10-04T03:35:00,4.0,60761.8515625,5.8,6.2
2025-10-04T03:35:01,3.0,60761.8515625,5.8,6.2
2025-10-04T03:35:02,4.0,60761.8515625,5.9,6.2
2025-10-04T03:35:03,3.0,60761.8515625,5.8,6.2
2025-10-04T03:35:04,5.0,60761.8515625,5.9,6.2
2025-10-04T03:35:05,2.0,60761.8515625,5.9,6.2
2025-10-04T03:35:06,4.0,60761.8515625,5.8,6.2
2025-10-04T03:35:07,4.0,60761.8515625,5.9,6.2
2025-10-04T03:35:08,3.0,60761.8515625,5.9,6.2
2025-10-04T03:35:09,4.0,60761.8515625,5.9,6.2
2025-10-04T03:35:10,4.0,60761.8515625,5.8,6.2
2025-10-04T03:35:11,3.0,60761.8515625,5.8,6.2
2025-10-04T03:35:12,3.0,60761.8515625,5.9,6.2
2025-10-04T03:35:13,4.0,60761.8515625,5.8,6.2
2025-10-04T03:35:14,3.0,60761.8515625,5.9,6.2
2025-10-04T03:35:15,2.0,60761.8515625,5.8,6.2
2025-10-04T03:35:16,5.0,60761.8515625,5.8,6.2
2025-10-04T03:35:17,3.0,60761.8515625,5.8,6.2
2025-10-04T03:35:18,4.0,60761.8515625,5.9,6.2
2025-10-04T03:35:19,4.0,60761.8515625,5.8,6.2
2025-10-04T03:35:20,3.0,60761.8515625,5.8,6.2
2025-10-04T03:35:21,4.0,60761.8515625,5.9,6.2
2025-10-04T03:35:22,3.0,60761.8515625,5.8,6.2
2025-10-04T03:35:23,3.0,60761.8515625,5.8,6.2
2025-10-04T03:35:24,3.0,60761.8515625,5.9,6.2
2025-10-04T03:35:25,3.0,60761.8515625,5.8,6.2
2025-10-04T03:35:26,4.0,60761.8515625,5.8,6.2
2025-10-04T03:35:27,4.0,60761.8515625,5.9,6.2
2025-10-04T03:35:28,2.0,60761.8515625,5.8,6.2
2025-10-04T03:35:29,5.0,60761.8515625,5.8,6.2
2025-10-04T03:35:30,6.0,60761.8515625,5.9,6.2
2025-10-04T03:35:31,3.0,60761.8515625,5.9,6.2
2025-10-04T03:35:32,4.0,60761.8515625,5.8,6.2
2025-10-04T03:35:33,3.0,60761.8515625,5.8,6.2
2025-10-04T03:35:34,1.0,60761.8515625,5.8,6.2
2025-10-04T03:35:35,5.0,60761.8515625,5.8,6.2
2025-10-04T03:35:36,3.0,60761.8515625,5.8,6.2
2025-10-04T03:35:37,4.0,60761.8515625,5.9,6.2
2025-10-04T03:35:38,2.0,60761.8515625,5.8,6.2
2025-10-04T03:35:39,5.0,60761.8515625,5.9,6.2
2025-10-04T03:35:40,5.0,60761.8515625,5.9,6.2
2025-10-04T03:35:41,2.0,60761.8515625,5.8,6.2
2025-10-04T03:35:42,3.0,60761.8515625,5.8,6.2
2025-10-04T03:35:43,1.0,60761.8515625,5.8,6.2
2025-10-04T03:35:44,4.0,60761.8515625,5.8,6.2
2025-10-04T03:35:45,3.0,60761.8515625,5.8,6.2
2025-10-04T03:35:46,5.0,60761.8515625,5.9,6.2
2025-10-04T03:35:47,3.0,60761.8515625,5.8,6.2
2025-10-04T03:35:48,4.0,60761.8515625,5.9,6.2
2025-10-04T03:35:49,4.0,60761.8515625,5.9,6.2
2025-10-04T03:35:50,3.0,60761.8515625,5.9,6.2
2025-10-04T03:35:51,3.0,60761.8515625,5.8,6.2
2025-10-04T03:35:52,6.0,60761.8515625,5.9,6.2
2025-10-04T03:35:53,3.0,60761.8515625,5.9,6.2
2025-10-04T03:35:54,3.0,60761.8515625,5.8,6.2
2025-10-04T03:35:55,4.0,60761.8515625,5.9,6.2
2025-10-04T03:35:56,3.0,60761.8515625,5.9,6.2
2025-10-04T03:35:57,4.0,60761.8515625,5.8,6.2
2025-10-04T03:35:58,5.0,60761.8515625,5.9,6.2
2025-10-04T03:35:59,5.0,60761.8515625,5.9,6.2
2025-10-04T03:36:00,4.0,60761.8515625,5.8,6.2
2025-10-04T03:36:01,3.0,60761.8515625,5.8,6.2
2025-10-04T03:36:02,4.0,60761.8515625,5.9,6.2
2025-10-04T03:36:03,4.0,60761.8515625,5.8,6.2
2025-10-04T03:36:04,4.0,60761.8515625,5.8,6.2
2025-10-04T03:36:05,5.0,60761.8515625,5.9,6.2
2025-10-04T03:36:06,2.0,60761.8515625,5.8,6.2
2025-10-04T03:36:07,4.0,60761.8515625,5.8,6.2
2025-10-04T03:36:08,5.0,60761.8515625,5.9,6.2
2025-10-04T03:36:09,4.0,60761.8515625,5.9,6.2
2025-10-04T03:36:10,4.0,60761.8515625,5.8,6.2
2025-10-04T03:36:11,4.0,60761.8515625,5.9,6.2
2025-10-04T03:36:12,5.0,60761.8515625,5.9,6.2
2025-10-04T03:36:13,5.0,60761.8515625,5.8,6.2
2025-10-04T03:36:14,3.0,60761.8515625,5.9,6.2
2025-10-04T03:36:15,6.0,60761.8515625,5.9,6.2
2025-10-04T03:36:16,3.0,60761.8515625,5.8,6.2
2025-10-04T03:36:17,3.0,60761.8515625,5.8,6.2
2025-10-04T03:36:18,4.0,60761.8515625,5.9,6.2
2025-10-04T03:36:19,2.0,60761.8515625,5.8,6.2
2025-10-04T03:36:20,5.0,60761.8515625,5.9,6.2
2025-10-04T03:36:21,4.0,60761.8515625,5.9,6.2
2025-10-04T03:36:22,4.0,60761.8515625,5.8,6.2
2025-10-04T03:36:23,4.0,60761.8515625,5.8,6.2
2025-10-04T03:36:24,3.0,60761.8515625,5.9,6.2
2025-10-04T03:36:25,3.0,60761.8515625,5.8,6.2
2025-10-04T03:36:26,1.0,60761.8515625,5.8,6.2
2025-10-04T03:36:27,3.0,60761.8515625,5.8,6.2
2025-10-04T03:36:28,5.0,60761.8515625,5.9,6.2
2025-10-04T03:36:29,2.0,60761.8515625,5.8,6.2
2025-10-04T03:36:30,4.0,60761.8515625,5.9,6.2
2025-10-04T03:36:31,4.0,60761.8515625,5.9,6.2
2025-10-04T03:36:32,5.0,60761.8515625,5.8,6.2
2025-10-04T03:36:33,6.0,60761.8515625,5.9,6.2
2025-10-04T03:36:34,2.0,60761.8515625,5.8,6.2
2025-10-04T03:36:35,3.0,60761.8515625,5.8,6.2
2025-10-04T03:36:36,3.0,60761.8515625,5.8,6.2
2025-10-04T03:36:37,2.0,60761.8515625,5.8,6.2
2025-10-04T03:36:38,5.0,60761.8515625,5.9,6.2
2025-10-04T03:36:39,3.0,60761.8515625,5.8,6.2
2025-10-04T03:36:40,2.0,60761.8515625,5.9,6.2
2025-10-04T03:36:41,4.0,60761.8515625,5.8,6.2
2025-10-04T03:36:42,3.0,60761.8515625,5.8,6.2
2025-10-04T03:36:43,3.0,60761.8515625,5.9,6.2
2025-10-04T03:36:44,4.0,60761.8515625,5.8,6.2
2025-10-04T03:36:45,4.0,60761.8515625,5.8,6.2
2025-10-04T03:36:46,4.0,60761.8515625,5.9,6.2
2025-10-04T03:36:47,3.0,60761.8515625,5.8,6.2
2025-10-04T03:36:48,4.0,60761.8515625,5.8,6.2
2025-10-04T03:36:49,3.0,60761.8515625,5.9,6.2
2025-10-04T03:36:50,4.0,60761.8515625,5.9,6.2
2025-10-04T03:36:51,4.0,60761.8515625,5.8,6.2
2025-10-04T03:36:52,6.0,60761.8515625,5.9,6.2
2025-10-04T03:36:53,5.0,60761.8515625,5.9,6.2
2025-10-04T03:36:54,2.0,60761.8515625,5.8,6.2
2025-10-04T03:36:55,3.0,60761.8515625,5.8,6.2
2025-10-04T03:36:56,4.0,60761.8515625,5.9,6.2
2025-10-04T03:36:57,4.0,60761.8515625,5.8,6.2
2025-10-04T03:36:58,5.0,60761.8515625,5.9,6.2
2025-10-04T03:36:59,4.0,60761.8515625,5.9,6.2
2025-10-04T03:37:00,4.0,60761.8515625,5.8,6.2
2025-10-04T03:37:01,4.0,60761.8515625,5.9,6.2
2025-10-04T03:37:02,4.0,60761.8515625,5.9,6.2
2025-10-04T03:37:03,5.0,60761.8515625,5.8,6.2
2025-10-04T03:37:04,4.0,60761.8515625,5.8,6.2
2025-10-04T03:37:05,3.0,60761.8515625,5.9,6.2
2025-10-04T03:37:06,4.0,60761.8515625,5.8,6.2
2025-10-04T03:37:07,3.0,60761.8515625,5.8,6.2
2025-10-04T03:37:08,5.0,60761.8515625,5.9,6.2
2025-10-04T03:37:09,3.0,60761.8515625,5.9,6.2
2025-10-04T03:37:10,5.0,60761.8515625,5.8,6.2
2025-10-04T03:37:11,3.0,60761.8515625,5.9,6.2
2025-10-04T03:37:12,3.0,60761.8515625,5.9,6.2
2025-10-04T03:37:13,5.0,60761.8515625,5.8,6.2
2025-10-04T03:37:14,2.0,60761.8515625,5.8,6.2
2025-10-04T03:37:15,2.0,60761.8515625,5.8,6.2
2025-10-04T03:37:16,3.0,60761.8515625,5.8,6.2
2025-10-04T03:37:17,6.0,60761.8515625,5.9,6.2
2025-10-04T03:37:18,2.0,60761.8515625,5.9,6.2
2025-10-04T03:37:19,2.0,60761.8515625,5.8,6.2
2025-10-04T03:37:20,5.0,60761.8515625,5.9,6.2
2025-10-04T03:37:21,5.0,60761.8515625,5.9,6.2
2025-10-04T03:37:22,2.0,60761.8515625,5.8,6.2
2025-10-04T03:37:23,4.0,60761.8515625,5.9,6.2
2025-10-04T03:37:24,2.0,60761.8515625,5.8,6.2
2025-10-04T03:37:25,4.0,60761.8515625,5.8,6.2
2025-10-04T03:37:26,2.0,60761.8515625,5.8,6.2
2025-10-04T03:37:27,2.0,60761.8515625,5.9,6.2
2025-10-04T03:37:28,6.0,60761.8515625,5.9,6.2
2025-10-04T03:37:29,5.0,60761.8515625,5.8,6.2
2025-10-04T03:37:30,4.0,60761.8515625,5.8,6.2
2025-10-04T03:37:31,3.0,60761.8515625,5.9,6.2
2025-10-04T03:37:32,4.0,60761.8515625,5.8,6.2
2025-10-04T03:37:33,2.0,60761.8515625,5.8,6.2
2025-10-04T03:37:34,3.0,60761.8515625,5.9,6.2
2025-10-04T03:37:35,4.0,60761.8515625,5.8,6.2
2025-10-04T03:37:36,2.0,60761.8515625,5.8,6.2
2025-10-04T03:37:37,3.0,60761.8515625,5.9,6.2
2025-10-04T03:37:38,4.0,60761.8515625,5.8,6.2
2025-10-04T03:37:39,1.0,60761.8515625,5.8,6.2
2025-10-04T03:37:40,6.0,60761.8515625,5.9,6.2
2025-10-04T03:37:41,3.0,60761.8515625,5.8,6.2
2025-10-04T03:37:42,4.0,60761.8515625,5.8,6.2
2025-10-04T03:37:43,3.0,60761.8515625,5.8,6.2
2025-10-04T03:37:44,3.0,60761.8515625,5.8,6.2
2025-10-04T03:37:45,4.0,60761.8515625,5.8,6.2
2025-10-04T03:37:46,2.0,60761.8515625,5.8,6.2
2025-10-04T03:37:47,4.0,60761.8515625,5.8,6.2
2025-10-04T03:37:48,4.0,60761.8515625,5.8,6.2
2025-10-04T03:37:49,4.0,60761.8515625,5.9,6.2
2025-10-04T03:37:50,4.0,60761.8515625,5.9,6.2
2025-10-04T03:37:51,3.0,60761.8515625,5.8,6.2
2025-10-04T03:37:52,4.0,60761.8515625,5.9,6.2
2025-10-04T03:37:53,3.0,60761.8515625,5.9,6.2
2025-10-04T03:37:54,3.0,60761.8515625,5.8,6.2
2025-10-04T03:37:55,5.0,60761.8515625,5.9,6.2
2025-10-04T03:37:56,2.0,60761.8515625,5.9,6.2
2025-10-04T03:37:57,1.0,60761.8515625,5.7,6.2
2025-10-04T03:37:58,3.0,60761.8515625,5.8,6.2
2025-10-04T03:37:59,6.0,60761.8515625,5.9,6.2
2025-10-04T03:38:00,3.0,60761.8515625,5.8,6.2
2025-10-04T03:38:01,2.0,60761.8515625,5.9,6.2
2025-10-04T03:38:02,5.0,60761.8515625,5.9,6.2
2025-10-04T03:38:03,3.0,60761.8515625,5.8,6.2
2025-10-04T03:38:04,4.0,60761.8515625,5.8,6.2
2025-10-04T03:38:05,18.0,60761.8515625,5.9,6.2
2025-10-04T03:38:06,3.0,60761.8515625,5.8,6.2
2025-10-04T03:38:07,5.0,60761.8515625,5.9,6.2
2025-10-04T03:38:08,4.0,60761.8515625,5.9,6.2
2025-10-04T03:38:09,4.0,60761.8515625,5.9,6.2
2025-10-04T03:38:10,3.0,60761.8515625,5.8,6.2
2025-10-04T03:38:11,2.0,60761.8515625,5.8,6.2
2025-10-04T03:38:12,4.0,60761.8515625,5.9,6.2
2025-10-04T03:38:13,3.0,60761.8515625,5.8,6.2
2025-10-04T03:38:14,3.0,60761.8515625,5.8,6.2
2025-10-04T03:38:15,4.0,60761.8515625,5.9,6.2
2025-10-04T03:38:16,2.0,60761.8515625,5.8,6.2
2025-10-04T03:38:17,3.0,60761.8515625,5.8,6.2
2025-10-04T03:38:18,4.0,60761.8515625,5.9,6.2
2025-10-04T03:38:19,4.0,60761.8515625,5.8,6.2
2025-10-04T03:38:20,3.0,60761.8515625,5.8,6.2
2025-10-04T03:38:21,3.0,60761.8515625,5.9,6.2
2025-10-04T03:38:22,3.0,60761.8515625,5.8,6.2
2025-10-04T03:38:23,5.0,60761.8515625,5.8,6.2
2025-10-04T03:38:24,3.0,60761.8515625,5.9,6.2
2025-10-04T03:38:25,4.0,60761.8515625,5.8,6.2
2025-10-04T03:38:26,3.0,60761.8515625,5.8,6.2
2025-10-04T03:38:27,4.0,60761.8515625,5.9,6.2
2025-10-04T03:38:28,3.0,60761.8515625,5.9,6.2
2025-10-04T03:38:29,4.0,60761.8515625,5.9,6.2
2025-10-04T03:38:30,4.0,60761.8515625,5.9,6.2
2025-10-04T03:38:31,3.0,60761.8515625,5.8,6.2
2025-10-04T03:38:32,4.0,60761.8515625,5.8,6.2
2025-10-04T03:38:33,1.0,60761.8515625,5.8,6.2
2025-10-04T03:38:34,3.0,60761.8515625,5.9,6.2
2025-10-04T03:38:35,5.0,60761.8515625,5.8,6.2
2025-10-04T03:38:36,2.0,60761.8515625,5.8,6.2
2025-10-04T03:38:37,4.0,60761.8515625,5.9,6.2
2025-10-04T03:38:38,5.0,60761.8515625,5.9,6.2
2025-10-04T03:38:39,3.0,60761.8515625,5.8,6.2
2025-10-04T03:38:40,3.0,60761.8515625,5.9,6.2
2025-10-04T03:38:41,4.0,60761.8515625,5.8,6.2
2025-10-04T03:38:42,3.0,60761.8515625,5.9,6.2
2025-10-04T03:38:43,5.0,60761.8515625,5.9,6.2
2025-10-04T03:38:44,3.0,60761.8515625,5.8,6.2
2025-10-04T03:38:45,3.0,60761.8515625,5.9,6.2
2025-10-04T03:38:46,3.0,60761.8515625,5.8,6.2
2025-10-04T03:38:47,3.0,60761.8515625,5.8,6.2
2025-10-04T03:38:48,2.0,60761.8515625,5.8,6.2
2025-10-04T03:38:49,5.0,60761.8515625,5.9,6.2
2025-10-04T03:38:50,3.0,60761.8515625,5.9,6.2
2025-10-04T03:38:51,4.0,60761.8515625,5.8,6.2
2025-10-04T03:38:52,4.0,60761.8515625,5.9,6.2
2025-10-04T03:38:53,3.0,60761.8515625,5.9,6.2
2025-10-04T03:38:54,4.0,60761.8515625,5.8,6.2
2025-10-04T03:38:55,3.0,60761.8515625,5.9,6.2
2025-10-04T03:38:56,4.0,60761.8515625,5.9,6.2
2025-10-04T03:38:57,3.0,60761.8515625,5.9,6.2
2025-10-04T03:38:58,5.0,60761.8515625,5.9,6.2
2025-10-04T03:38:59,5.0,60761.8515625,5.9,6.2
2025-10-04T03:39:00,2.0,60761.8515625,5.8,6.2
2025-10-04T03:39:01,5.0,60761.8515625,5.8,6.2
2025-10-04T03:39:02,3.0,60761.8515625,5.9,6.2
2025-10-04T03:39:03,4.0,60761.8515625,5.8,6.2
2025-10-04T03:39:04,4.0,60761.8515625,5.9,6.2
2025-10-04T03:39:05,3.0,60761.8515625,5.9,6.2
2025-10-04T03:39:06,4.0,60761.8515625,5.8,6.2
2025-10-04T03:39:07,6.0,60761.8515625,5.9,6.2
2025-10-04T03:39:08,3.0,60761.8515625,5.9,6.2
2025-10-04T03:39:09,3.0,60761.8515625,5.8,6.2
2025-10-04T03:39:10,2.0,60761.8515625,5.8,6.2
2025-10-04T03:39:11,4.0,60761.8515625,5.9,6.2
2025-10-04T03:39:12,4.0,60761.8515625,5.9,6.2
2025-10-04T03:39:13,3.0,60761.8515625,5.8,6.2
2025-10-04T03:39:14,3.0,60761.8515625,5.8,6.2
2025-10-04T03:39:15,6.0,60761.8515625,5.9,6.2
2025-10-04T03:39:16,4.0,60761.8515625,5.8,6.2
2025-10-04T03:39:17,4.0,60761.8515625,5.9,6.2
2025-10-04T03:39:18,3.0,60761.8515625,5.9,6.2
2025-10-04T03:39:19,4.0,60761.8515625,5.8,6.2
2025-10-04T03:39:20,2.0,60761.8515625,5.8,6.2
2025-10-04T03:39:21,4.0,60761.8515625,5.9,6.2
2025-10-04T03:39:22,4.0,60761.8515625,5.8,6.2
2025-10-04T03:39:23,3.0,60761.8515625,5.8,6.2
2025-10-04T03:39:24,3.0,60761.8515625,5.9,6.2
2025-10-04T03:39:25,6.0,60761.8515625,5.8,6.2
2025-10-04T03:39:26,4.0,60761.8515625,5.8,6.2
2025-10-04T03:39:27,3.0,60761.8515625,5.9,6.2
2025-10-04T03:39:28,4.0,60761.8515625,5.8,6.2
2025-10-04T03:39:29,3.0,60761.8515625,5.8,6.2
2025-10-04T03:39:30,5.0,60761.8515625,5.9,6.2
2025-10-04T03:39:31,5.0,60761.8515625,5.9,6.2
2025-10-04T03:39:32,3.0,60761.8515625,5.8,6.2
2025-10-04T03:39:33,3.0,60761.8515625,5.8,6.2
2025-10-04T03:39:34,3.0,60761.8515625,5.8,6.2
2025-10-04T03:39:35,4.0,60761.8515625,5.8,6.2
2025-10-04T03:39:36,4.0,60761.8515625,5.9,6.2
2025-10-04T03:39:37,5.0,60761.8515625,5.9,6.2
2025-10-04T03:39:38,4.0,60761.8515625,5.8,6.2
2025-10-04T03:39:39,4.0,60761.8515625,5.9,6.2
2025-10-04T03:39:40,3.0,60761.8515625,5.8,6.2
2025-10-04T03:39:41,3.0,60761.8515625,5.8,6.2
2025-10-04T03:39:42,2.0,60761.8515625,5.8,6.2
2025-10-04T03:39:43,2.0,60761.8515625,5.8,6.2
2025-10-04T03:39:44,5.0,60761.8515625,5.9,6.2
2025-10-04T03:39:45,3.0,60761.8515625,5.8,6.2
2025-10-04T03:39:46,4.0,60761.8515625,5.9,6.2
2025-10-04T03:39:47,3.0,60761.8515625,5.8,6.2
2025-10-04T03:39:48,3.0,60761.8515625,5.8,6.2
2025-10-04T03:39:49,3.0,60761.8515625,5.9,6.2
2025-10-04T03:39:50,2.0,60761.8515625,5.8,6.2
2025-10-04T03:39:51,3.0,60761.8515625,5.8,6.2
2025-10-04T03:39:52,5.0,60761.8515625,5.9,6.2
2025-10-04T03:39:53,3.0,60761.8515625,5.9,6.2
2025-10-04T03:39:54,3.0,60761.8515625,5.8,6.2
2025-10-04T03:39:55,5.0,60761.8515625,5.9,6.2
2025-10-04T03:39:56,4.0,60761.8515625,5.9,6.2
2025-10-04T03:39:57,2.0,60761.8515625,5.8,6.2
2025-10-04T03:39:58,4.0,60761.8515625,5.9,6.2
2025-10-04T03:39:59,4.0,60761.8515625,5.9,6.2
2025-10-04T03:40:00,3.0,60761.8515625,5.8,6.2
2025-10-04T03:40:01,3.0,60761.8515625,5.8,6.2
2025-10-04T03:40:02,4.0,60761.8515625,5.9,6.2
2025-10-04T03:40:03,4.0,60761.8515625,5.8,6.2
2025-10-04T03:40:04,3.0,60761.8515625,5.8,6.2
2025-10-04T03:40:05,3.0,60761.8515625,5.9,6.2
2025-10-04T03:40:06,4.0,60761.8515625,5.8,6.2
2025-10-04T03:40:07,3.0,60761.8515625,5.8,6.2
2025-10-04T03:40:08,4.0,60761.8515625,5.9,6.2
2025-10-04T03:40:09,4.0,60761.8515625,5.9,6.2
2025-10-04T03:40:10,3.0,60761.8515625,5.8,6.2
2025-10-04T03:40:11,3.0,60761.8515625,5.9,6.2
2025-10-04T03:40:12,5.0,60761.8515625,5.9,6.2
2025-10-04T03:40:13,3.0,60761.8515625,5.8,6.2
2025-10-04T03:40:14,4.0,60761.8515625,5.9,6.2
2025-10-04T03:40:15,4.0,60761.8515625,5.9,6.2
2025-10-04T03:40:16,3.0,60761.8515625,5.8,6.2
2025-10-04T03:40:17,4.0,60761.8515625,5.9,6.2
2025-10-04T03:40:18,4.0,60761.8515625,5.9,6.2
2025-10-04T03:40:19,3.0,60761.8515625,5.8,6.2
2025-10-04T03:40:20,2.0,60761.8515625,5.8,6.2
2025-10-04T03:40:21,4.0,60761.8515625,5.8,6.2
2025-10-04T03:40:22,4.0,60761.8515625,5.8,6.2
2025-10-04T03:40:23,3.0,60761.8515625,5.8,6.2
2025-10-04T03:40:24,4.0,60761.8515625,5.9,6.2
2025-10-04T03:40:25,6.0,60761.8515625,5.9,6.2
2025-10-04T03:40:26,4.0,60761.8515625,5.8,6.2
2025-10-04T03:40:27,1.0,60761.8515625,5.8,6.2
2025-10-04T03:40:28,3.0,60761.8515625,5.9,6.2
2025-10-04T03:40:29,3.0,60761.8515625,5.8,6.2
2025-10-04T03:40:30,4.0,60761.8515625,5.8,6.2
2025-10-04T03:40:31,3.0,60761.8515625,5.9,6.2
2025-10-04T03:40:32,4.0,60761.8515625,5.8,6.2
2025-10-04T03:40:33,3.0,60761.8515625,5.8,6.2
2025-10-04T03:40:34,6.0,60761.8515625,5.9,6.2
2025-10-04T03:40:35,1.0,60761.8515625,5.8,6.2
2025-10-04T03:40:36,5.0,60761.8515625,5.9,6.2
2025-10-04T03:40:37,5.0,60761.8515625,5.9,6.2
2025-10-04T03:40:38,3.0,60761.8515625,5.9,6.2
2025-10-04T03:40:39,3.0,60761.8515625,5.8,6.2
2025-10-04T03:40:40,3.0,60761.8515625,5.9,6.2
2025-10-04T03:40:41,3.0,60761.8515625,5.8,6.2
2025-10-04T03:40:42,3.0,60761.8515625,5.8,6.2
2025-10-04T03:40:43,4.0,60761.8515625,5.9,6.2
2025-10-04T03:40:44,4.0,60761.8515625,5.9,6.2
2025-10-04T03:40:45,3.0,60761.8515625,5.8,6.2
2025-10-04T03:40:46,5.0,60761.8515625,6.0,6.2
2025-10-04T03:40:47,3.0,60761.8515625,5.9,6.2
2025-10-04T03:40:48,5.0,60761.8515625,5.8,6.2
2025-10-04T03:40:49,3.0,60761.8515625,5.9,6.2
2025-10-04T03:40:50,2.0,60761.8515625,5.8,6.2
2025-10-04T03:40:51,3.0,60761.8515625,5.8,6.2
2025-10-04T03:40:52,5.0,60761.8515625,5.9,6.2
2025-10-04T03:40:53,2.0,60761.8515625,5.8,6.2
2025-10-04T03:40:54,4.0,60761.8515625,5.8,6.2
2025-10-04T03:40:55,4.0,60761.8515625,5.9,6.2
2025-10-04T03:40:56,3.0,60761.8515625,5.9,6.2
2025-10-04T03:40:57,6.0,60761.8515625,5.8,6.2
2025-10-04T03:40:58,5.0,60761.8515625,5.9,6.2
2025-10-04T03:40:59,4.0,60761.8515625,5.9,6.2
2025-10-04T03:41:00,4.0,60761.8515625,5.8,6.2
2025-10-04T03:41:01,2.0,60761.8515625,5.8,6.2
2025-10-04T03:41:02,3.0,60761.8515625,5.9,6.2
2025-10-04T03:41:03,2.0,60761.8515625,5.8,6.2
2025-10-04T03:41:04,3.0,60761.8515625,5.8,6.2
2025-10-04T03:41:05,4.0,60761.8515625,5.9,6.2
2025-10-04T03:41:06,4.0,60761.8515625,5.8,6.2
2025-10-04T03:41:07,7.0,60761.8515625,5.9,6.2
2025-10-04T03:41:08,4.0,60761.8515625,5.9,6.2
2025-10-04T03:41:09,3.0,60761.8515625,5.8,6.2
2025-10-04T03:41:10,4.0,60761.8515625,5.8,6.2
2025-10-04T03:41:11,4.0,60761.8515625,5.9,6.2
2025-10-04T03:41:12,1.0,60761.8515625,5.8,6.2
2025-10-04T03:41:13,3.0,60761.8515625,5.8,6.2
2025-10-04T03:41:14,3.0,60761.8515625,5.8,6.2
2025-10-04T03:41:15,3.0,60761.8515625,5.9,6.2
2025-10-04T03:41:16,5.0,60761.8515625,5.8,6.2
2025-10-04T03:41:17,5.0,60761.8515625,5.9,6.2
2025-10-04T03:41:18,3.0,60761.8515625,5.9,6.2
2025-10-04T03:41:19,3.0,60761.8515625,5.8,6.2
2025-10-04T03:41:20,3.0,60761.8515625,5.8,6.2
2025-10-04T03:41:21,4.0,60761.8515625,5.9,6.2
2025-10-04T03:41:22,4.0,60761.8515625,5.8,6.2
2025-10-04T03:41:23,4.0,60761.8515625,5.9,6.2
2025-10-04T03:41:24,3.0,60761.8515625,5.9,6.2
2025-10-04T03:41:25,4.0,60761.8515625,5.8,6.2
2025-10-04T03:41:26,5.0,60761.8515625,5.8,6.2
2025-10-04T03:41:27,4.0,60761.8515625,5.9,6.2
2025-10-04T03:41:28,2.0,60761.8515625,5.9,6.2
2025-10-04T03:41:29,3.0,60761.8515625,5.8,6.2
2025-10-04T03:41:30,3.0,60761.8515625,5.9,6.2
2025-10-04T03:41:31,3.0,60761.8515625,5.9,6.2
2025-10-04T03:41:32,5.0,60761.8515625,5.8,6.2
2025-10-04T03:41:33,3.0,60761.8515625,5.9,6.2
2025-10-04T03:41:34,3.0,60761.8515625,5.9,6.2
2025-10-04T03:41:35,5.0,60761.8515625,5.8,6.2
2025-10-04T03:41:36,3.0,60761.8515625,5.9,6.2
2025-10-04T03:41:37,3.0,60761.8515625,5.9,6.2
2025-10-04T03:41:38,4.0,60761.8515625,5.8,6.2
2025-10-04T03:41:39,2.0,60761.8515625,5.8,6.2
2025-10-04T03:41:40,3.0,60761.8515625,5.9,6.2
2025-10-04T03:41:41,4.0,60761.8515625,5.8,6.2
2025-10-04T03:41:42,4.0,60761.8515625,5.9,6.2
2025-10-04T03:41:43,3.0,60761.8515625,5.9,6.2
2025-10-04T03:41:44,3.0,60761.8515625,5.8,6.2
2025-10-04T03:41:45,2.0,60761.8515625,5.8,6.2
2025-10-04T03:41:46,7.0,60761.8515625,5.9,6.2
2025-10-04T03:41:47,2.0,60761.8515625,5.8,6.2
2025-10-04T03:41:48,3.0,60761.8515625,5.8,6.2
2025-10-04T03:41:49,3.0,60761.8515625,5.9,6.2
2025-10-04T03:41:50,4.0,60761.8515625,5.9,6.2
2025-10-04T03:41:51,4.0,60761.8515625,5.8,6.2
2025-10-04T03:41:52,6.0,60761.8515625,5.9,6.2
2025-10-04T03:41:53,2.0,60761.8515625,5.9,6.2
2025-10-04T03:41:54,5.0,60761.8515625,5.8,6.2
2025-10-04T03:41:55,3.0,60761.8515625,5.8,6.2
2025-10-04T03:41:56,2.0,60761.8515625,5.9,6.2
2025-10-04T03:41:57,4.0,60761.8515625,5.8,6.2
2025-10-04T03:41:58,5.0,60761.8515625,5.9,6.2
2025-10-04T03:41:59,3.0,60761.8515625,5.9,6.2
2025-10-04T03:42:00,4.0,60761.8515625,5.8,6.2
2025-10-04T03:42:01,3.0,60761.8515625,5.8,6.2
2025-10-04T03:42:02,3.0,60761.8515625,5.9,6.2
2025-10-04T03:42:03,4.0,60761.8515625,5.8,6.2
2025-10-04T03:42:04,3.0,60761.8515625,5.8,6.2
2025-10-04T03:42:05,3.0,60761.8515625,5.9,6.2
2025-10-04T03:42:06,5.0,60761.8515625,5.9,6.2
2025-10-04T03:42:07,3.0,60761.8515625,5.8,6.2
2025-10-04T03:42:08,4.0,60761.8515625,5.9,6.2
2025-10-04T03:42:09,5.0,60761.8515625,5.9,6.2
2025-10-04T03:42:10,4.0,60761.8515625,5.8,6.2
2025-10-04T03:42:11,4.0,60761.8515625,5.9,6.2
2025-10-04T03:42:12,3.0,60761.8515625,5.9,6.2
2025-10-04T03:42:13,4.0,60761.8515625,5.8,6.2
2025-10-04T03:42:14,6.0,60761.8515625,5.9,6.2
2025-10-04T03:42:15,3.0,60761.8515625,5.9,6.2
2025-10-04T03:42:16,2.0,60761.8515625,5.8,6.2
2025-10-04T03:42:17,4.0,60761.8515625,5.9,6.2
2025-10-04T03:42:18,4.0,60761.8515625,5.9,6.2
2025-10-04T03:42:19,4.0,60761.8515625,5.8,6.2
2025-10-04T03:42:20,5.0,60761.8515625,5.9,6.2
2025-10-04T03:42:21,2.0,60761.8515625,5.8,6.2
2025-10-04T03:42:22,3.0,60761.8515625,5.8,6.2
2025-10-04T03:42:23,4.0,60761.8515625,5.8,6.2
2025-10-04T03:42:24,4.0,60761.8515625,5.9,6.2
2025-10-04T03:42:25,5.0,60761.8515625,5.8,6.2
2025-10-04T03:42:26,3.0,60761.8515625,5.8,6.2
2025-10-04T03:42:27,4.0,60761.8515625,5.9,6.2
2025-10-04T03:42:28,4.0,60761.8515625,5.9,6.2
2025-10-04T03:42:29,3.0,60761.8515625,5.8,6.2
2025-10-04T03:42:30,3.0,60761.8515625,5.9,6.2
2025-10-04T03:42:31,5.0,60761.8515625,5.9,6.2
2025-10-04T03:42:32,4.0,60761.8515625,5.8,6.2
2025-10-04T03:42:33,3.0,60761.8515625,5.8,6.2
2025-10-04T03:42:34,4.0,60761.8515625,5.9,6.2
2025-10-04T03:42:35,4.0,60761.8515625,5.8,6.2
2025-10-04T03:42:36,3.0,60761.8515625,5.8,6.2
2025-10-04T03:42:37,2.0,60761.8515625,5.8,6.2
2025-10-04T03:42:38,4.0,60761.8515625,5.8,6.2
2025-10-04T03:42:39,4.0,60761.8515625,5.8,6.2
2025-10-04T03:42:40,3.0,60761.8515625,5.9,6.2
2025-10-04T03:42:41,5.0,60761.8515625,5.8,6.2
2025-10-04T03:42:42,3.0,60761.8515625,5.8,6.2
2025-10-04T03:42:43,2.0,60761.8515625,5.9,6.2
2025-10-04T03:42:44,4.0,60761.8515625,5.8,6.2
2025-10-04T03:42:45,4.0,60761.8515625,5.8,6.2
2025-10-04T03:42:46,3.0,60761.8515625,5.9,6.2
2025-10-04T03:42:47,3.0,60761.8515625,5.9,6.2
2025-10-04T03:42:48,4.0,60761.8515625,5.8,6.2
2025-10-04T03:42:49,2.0,60761.8515625,5.8,6.2
2025-10-04T03:42:50,4.0,60761.8515625,5.9,6.2
2025-10-04T03:42:51,2.0,60761.8515625,5.8,6.2
2025-10-04T03:42:52,6.0,60761.8515625,5.9,6.2
2025-10-04T03:42:53,4.0,60761.8515625,5.9,6.2
2025-10-04T03:42:54,2.0,60761.8515625,5.7,6.2
2025-10-04T03:42:55,3.0,60761.8515625,5.8,6.2
2025-10-04T03:42:56,4.0,60761.8515625,5.9,6.2
2025-10-04T03:42:57,3.0,60761.8515625,5.8,6.2
2025-10-04T03:42:58,3.0,60761.8515625,5.9,6.2
2025-10-04T03:42:59,5.0,60761.8515625,5.9,6.2
2025-10-04T03:43:00,4.0,60761.8515625,5.8,6.2
2025-10-04T03:43:01,5.0,60761.8515625,5.9,6.2
2025-10-04T03:43:02,4.0,60761.8515625,5.9,6.2
2025-10-04T03:43:03,3.0,60761.8515625,5.8,6.2
2025-10-04T03:43:04,5.0,60761.8515625,5.9,6.2
2025-10-04T03:43:05,2.0,60761.8515625,5.8,6.2
2025-10-04T03:43:06,4.0,60761.8515625,5.8,6.2
2025-10-04T03:43:07,4.0,60761.8515625,5.8,6.2
2025-10-04T03:43:08,5.0,60761.8515625,5.9,6.2
2025-10-04T03:43:09,4.0,60761.8515625,5.9,6.2
2025-10-04T03:43:10,2.0,60761.8515625,5.8,6.2
2025-10-04T03:43:11,4.0,60761.8515625,5.9,6.2
2025-10-04T03:43:12,3.0,60761.8515625,5.9,6.2
2025-10-04T03:43:13,5.0,60761.8515625,5.8,6.2
2025-10-04T03:43:14,3.0,60761.8515625,5.8,6.2
2025-10-04T03:43:15,3.0,60761.8515625,5.9,6.2
2025-10-04T03:43:16,5.0,60761.8515625,5.9,6.2
2025-10-04T03:43:17,3.0,60761.8515625,5.9,6.2
2025-10-04T03:43:18,4.0,60761.8515625,5.9,6.2
2025-10-04T03:43:19,4.0,60761.8515625,5.8,6.2
2025-10-04T03:43:20,2.0,60761.8515625,5.8,6.2
2025-10-04T03:43:21,4.0,60761.8515625,5.9,6.2
2025-10-04T03:43:22,3.0,60761.8515625,5.8,6.2
2025-10-04T03:43:23,5.0,60761.8515625,5.9,6.2
2025-10-04T03:43:24,2.0,60761.8515625,5.8,6.2
2025-10-04T03:43:25,4.0,60761.8515625,5.8,6.2
2025-10-04T03:43:26,4.0,60761.8515625,5.8,6.2
2025-10-04T03:43:27,5.0,60761.8515625,5.9,6.2
2025-10-04T03:43:28,5.0,60761.8515625,5.9,6.2
2025-10-04T03:43:29,2.0,60761.8515625,5.8,6.2
2025-10-04T03:43:30,3.0,60761.8515625,5.8,6.2
2025-10-04T03:43:31,2.0,60761.8515625,5.9,6.2
2025-10-04T03:43:32,2.0,60761.8515625,5.7,6.2
2025-10-04T03:43:33,23.0,60761.8515625,6.0,6.2
2025-10-04T03:43:34,3.0,60761.8515625,5.9,6.2
2025-10-04T03:43:35,3.0,60761.8515625,5.8,6.2
2025-10-04T03:43:36,3.0,60761.8515625,5.8,6.2
2025-10-04T03:43:37,4.0,60761.8515625,5.9,6.2
2025-10-04T03:43:38,3.0,60761.8515625,5.8,6.2
2025-10-04T03:43:39,4.0,60761.8515625,5.8,6.2
2025-10-04T03:43:40,3.0,60761.8515625,5.9,6.2
2025-10-04T03:43:41,5.0,60761.8515625,5.9,6.2
2025-10-04T03:43:42,4.0,60761.8515625,5.8,6.2
2025-10-04T03:43:43,3.0,60761.8515625,5.9,6.2
2025-10-04T03:43:44,5.0,60761.8515625,5.9,6.2
2025-10-04T03:43:45,3.0,60761.8515625,5.8,6.2
2025-10-04T03:43:46,4.0,60761.8515625,5.9,6.2
2025-10-04T03:43:47,4.0,60761.8515625,5.8,6.2
2025-10-04T03:43:48,3.0,60761.8515625,5.8,6.2
2025-10-04T03:43:49,6.0,60761.8515625,5.9,6.2
2025-10-04T03:43:50,3.0,60761.8515625,5.9,6.2
2025-10-04T03:43:51,3.0,60761.8515625,5.8,6.2
2025-10-04T03:43:52,4.0,60761.8515625,5.9,6.2
2025-10-04T03:43:53,3.0,60761.8515625,5.9,6.2
2025-10-04T03:43:54,5.0,60761.8515625,5.8,6.2
2025-10-04T03:43:55,4.0,60761.8515625,5.9,6.2
2025-10-04T03:43:56,4.0,60761.8515625,5.9,6.2
2025-10-04T03:43:57,4.0,60761.8515625,5.8,6.2
2025-10-04T03:43:58,2.0,60761.8515625,5.8,6.2
2025-10-04T03:43:59,4.0,60761.8515625,5.9,6.2
2025-10-04T03:44:00,3.0,60761.8515625,5.8,6.2
2025-10-04T03:44:01,4.0,60761.8515625,5.9,6.2
2025-10-04T03:44:02,5.0,60761.8515625,5.9,6.2
2025-10-04T03:44:03,3.0,60761.8515625,5.8,6.2
2025-10-04T03:44:04,4.0,60761.8515625,5.9,6.2
2025-10-04T03:44:05,5.0,60761.8515625,5.9,6.2
2025-10-04T03:44:06,2.0,60761.8515625,5.8,6.2
2025-10-04T03:44:07,4.0,60761.8515625,5.8,6.2
2025-10-04T03:44:08,4.0,60761.8515625,5.9,6.2
2025-10-04T03:44:09,4.0,60761.8515625,5.9,6.2
2025-10-04T03:44:10,2.0,60761.8515625,5.8,6.2
2025-10-04T03:44:11,2.0,60761.8515625,5.8,6.2
2025-10-04T03:44:12,3.0,60761.8515625,5.8,6.2
2025-10-04T03:44:13,5.0,60761.8515625,5.8,6.2
2025-10-04T03:44:14,3.0,60761.8515625,5.8,6.2
2025-10-04T03:44:15,3.0,60761.8515625,5.9,6.2
2025-10-04T03:44:16,4.0,60761.8515625,5.8,6.2
2025-10-04T03:44:17,3.0,60761.8515625,5.8,6.2
2025-10-04T03:44:18,4.0,60761.8515625,5.9,6.2
2025-10-04T03:44:19,2.0,60761.8515625,5.8,6.2
2025-10-04T03:44:20,5.0,60761.8515625,5.9,6.2
2025-10-04T03:44:21,3.0,60761.8515625,5.9,6.2
2025-10-04T03:44:22,5.0,60761.8515625,5.9,6.2
2025-10-04T03:44:23,2.0,60761.8515625,5.8,6.2
2025-10-04T03:44:24,5.0,60761.8515625,5.9,6.2
2025-10-04T03:44:25,2.0,60761.8515625,6.0,6.2
2025-10-04T03:44:26,3.0,60761.8515625,5.8,6.2
2025-10-04T03:44:27,3.0,60761.8515625,5.8,6.2
2025-10-04T03:44:28,3.0,60761.8515625,5.9,6.2
2025-10-04T03:44:29,4.0,60761.8515625,5.8,6.2
2025-10-04T03:44:30,5.0,60761.8515625,5.9,6.2
2025-10-04T03:44:31,4.0,60761.8515625,5.9,6.2
2025-10-04T03:44:32,4.0,60761.8515625,5.8,6.2
2025-10-04T03:44:33,4.0,60761.8515625,5.8,6.2
2025-10-04T03:44:34,4.0,60761.8515625,5.9,6.2
2025-10-04T03:44:35,2.0,60761.8515625,5.8,6.2
2025-10-04T03:44:36,1.0,60761.8515625,5.8,6.2
2025-10-04T03:44:37,0.0,60761.8515625,5.8,6.2
2025-10-04T03:44:38,2.0,60761.8515625,5.8,6.2
2025-10-04T03:44:39,2.0,60761.8515625,5.8,6.2
2025-10-04T03:44:40,2.0,60761.8515625,5.9,6.2
2025-10-04T03:44:41,1.0,60761.8515625,5.8,6.2
2025-10-04T03:44:42,3.0,60761.8515625,5.8,6.2
2025-10-04T03:44:43,2.0,60761.8515625,5.9,6.2
2025-10-04T03:44:44,2.0,60761.8515625,5.9,6.2
2025-10-04T03:44:45,1.0,60761.8515625,5.7,6.2
2025-10-04T03:44:46,2.0,60761.8515625,5.8,6.2
2025-10-04T03:44:47,1.0,60761.8515625,5.8,6.2
2025-10-04T03:44:48,1.0,60761.8515625,5.7,6.2
2025-10-04T03:44:49,3.0,60761.8515625,5.8,6.2
2025-10-04T03:44:50,2.0,60761.8515625,5.8,6.2
2025-10-04T03:44:51,1.0,60761.8515625,5.7,6.2
2025-10-04T03:44:52,2.0,60761.8515625,5.8,6.2
2025-10-04T03:44:53,1.0,60761.8515625,5.8,6.2
2025-10-04T03:44:54,2.0,60761.8515625,5.7,6.2
2025-10-04T03:44:55,48.5,60761.8515625,5.7,6.2
2025-10-04T03:44:56,99.1,60767.26953125,5.8,6.2
2025-10-04T03:44:57,99.9,60767.26953125,5.7,6.2
2025-10-04T03:44:58,100.0,60767.26953125,5.7,6.2
2025-10-04T03:44:59,99.9,60767.26953125,5.7,6.2
2025-10-04T03:45:00,99.1,60767.26953125,5.8,6.2
2025-10-04T03:45:01,99.5,60781.01953125,5.7,6.2
2025-10-04T03:45:02,99.4,60831.01953125,5.8,6.2
2025-10-04T03:45:03,99.9,60894.76953125,5.8,6.2
2025-10-04T03:45:04,100.0,60967.26953125,5.7,6.2
2025-10-04T03:45:05,99.7,61006.01953125,5.7,6.2
2025-10-04T03:45:06,99.0,61078.51953125,5.7,6.2
2025-10-04T03:45:07,100.3,61151.01953125,5.7,6.2
2025-10-04T03:45:08,99.9,61179.76953125,5.7,6.2
2025-10-04T03:45:09,98.8,61248.51953125,5.7,6.3
2025-10-04T03:45:10,100.4,61319.76953125,5.7,6.3
2025-10-04T03:45:11,98.6,61389.76953125,5.7,6.3
2025-10-04T03:45:12,99.9,61414.76953125,5.7,6.3
2025-10-04T03:45:13,99.1,61467.26953125,5.8,6.3
2025-10-04T03:45:19,100.8,61510.76171875,5.7,6.3
2025-10-04T03:45:20,99.9,61563.65625,5.8,6.3
2025-10-04T03:45:22,346.9,61659.44140625,5.7,6.3
2025-10-04T03:45:23,15.1,61658.78515625,5.7,6.3
2025-10-04T03:45:24,99.2,61658.78515625,5.7,6.3
2025-10-04T03:45:26,144.9,67377.37109375,5.7,6.7
2025-10-04T03:45:26,78.1,69506.53125,5.9,6.7
2025-10-04T03:45:26,84.7,69706.54296875,5.7,6.7
2025-10-04T03:45:26,137.7,69768.55859375,5.8,6.7
2025-10-04T03:45:26,101.0,69856.56640625,5.7,6.7
2025-10-04T03:45:28,148.8,70521.99609375,5.7,6.9
2025-10-04T03:45:29,116.7,78373.61328125,5.7,7.2
2025-10-04T03:45:29,55.3,78445.61328125,6.0,7.2
2025-10-04T03:45:29,101.3,78517.61328125,5.9,7.2
2025-10-04T03:45:29,99.9,78675.63671875,5.6,7.2
2025-10-04T03:45:30,178.9,80520.96484375,5.7,7.5
2025-10-04T03:45:33,156.8,89864.28125,5.7,8.1
2025-10-04T03:45:33,63.4,94597.8515625,5.8,8.1
2025-10-04T03:45:33,86.0,94795.86328125,5.7,8.1
2025-10-04T03:45:33,99.6,94857.890625,5.6,8.1
2025-10-04T03:45:34,99.5,75377.36328125,5.7,7.1
2025-10-04T03:45:35,100.0,75377.36328125,5.7,7.1
2025-10-04T03:45:37,99.6,60977.421875,5.7,6.0
2025-10-04T03:45:37,100.5,55298.33984375,5.8,6.0
2025-10-04T03:45:38,100.3,55298.33984375,5.8,6.0
2025-10-04T03:45:39,99.3,55298.33984375,5.8,6.0
2025-10-04T03:45:40,99.9,55296.11328125,5.7,6.0
2025-10-04T03:45:41,98.0,55296.11328125,5.7,6.0
2025-10-04T03:45:42,99.9,55296.11328125,5.7,6.0
2025-10-04T03:45:43,101.1,55327.36328125,5.7,6.0
2025-10-04T03:45:44,99.6,55376.11328125,5.7,6.0
2025-10-04T03:45:45,99.4,55452.36328125,5.7,6.0
2025-10-04T03:45:46,99.6,55527.36328125,5.7,6.0
2025-10-04T03:45:47,99.4,55568.61328125,5.7,6.0
2025-10-04T03:45:48,98.8,55643.61328125,5.7,6.0
2025-10-04T03:45:49,101.0,55717.36328125,5.7,6.0
2025-10-04T03:45:50,99.0,55749.86328125,5.7,6.0
2025-10-04T03:45:51,99.8,55822.36328125,5.7,6.0
2025-10-04T03:45:52,99.3,55897.36328125,5.7,6.0
2025-10-04T03:45:53,99.7,55971.11328125,5.7,6.0
2025-10-04T03:45:58,148.9,56020.46484375,5.7,6.0
2025-10-04T03:45:58,81.1,56090.78125,5.9,6.0
2025-10-04T03:46:01,555.4,59677.5078125,5.7,6.2
2025-10-04T03:46:02,14.7,59680.48828125,5.7,6.2
2025-10-04T03:46:03,97.1,59680.48828125,5.8,6.2
2025-10-04T03:46:05,175.8,65397.58984375,5.7,6.7
2025-10-04T03:46:05,72.6,67598.078125,5.7,6.7
2025-10-04T03:46:05,81.9,67726.08203125,5.7,6.7
2025-10-04T03:46:05,135.5,67788.09375,5.7,6.7
2025-10-04T03:46:05,78.7,67876.09765625,5.7,6.7
2025-10-04T03:46:05,131.4,67998.109375,5.7,6.7
2025-10-04T03:46:06,83.6,68060.13671875,5.6,6.7
2025-10-04T03:46:08,115.0,74900.6484375,5.7,7.2
2025-10-04T03:46:08,92.0,76527.92578125,5.7,7.2
2025-10-04T03:46:09,94.2,76999.97265625,5.7,7.3
2025-10-04T03:46:12,112.8,85955.828125,5.7,8.1
2025-10-04T03:46:12,95.7,92740.5625,5.7,8.1
2025-10-04T03:46:12,92.2,92938.578125,5.6,8.1
2025-10-04T03:46:12,100.7,93006.61328125,5.7,8.1
2025-10-04T03:46:13,99.1,73580.8828125,5.7,7.1
2025-10-04T03:46:14,100.0,73580.8828125,5.7,7.1
2025-10-04T03:46:16,100.5,59121.8671875,5.7,6.3
2025-10-04T03:46:16,49.0,59119.84375,5.7,6.3
2025-10-04T03:46:17,100.1,58965.4453125,5.7,6.2
2025-10-04T03:46:18,100.0,58982.74609375,5.7,6.2
2025-10-04T03:46:19,99.0,61444.10546875,5.8,6.3
2025-10-04T03:46:20,100.0,62289.65234375,5.7,6.4
2025-10-04T03:46:21,100.0,63956.578125,5.7,6.5
2025-10-04T03:46:22,99.0,63297.625,5.7,6.5
2025-10-04T03:46:23,100.0,64304.8515625,5.7,6.5
2025-10-04T03:46:24,101.0,64982.234375,5.7,6.5
2025-10-04T03:46:25,98.9,64972.7890625,5.7,6.5
2025-10-04T03:46:26,99.6,64972.7890625,5.7,6.5
2025-10-04T03:46:27,100.4,64972.7890625,5.7,6.5
2025-10-04T03:46:28,99.6,64972.7890625,5.7,6.5
2025-10-04T03:46:29,99.3,64972.7890625,5.7,6.5
2025-10-04T03:46:30,99.6,64985.2890625,5.7,6.5
2025-10-04T03:46:31,99.3,65059.0390625,5.7,6.5
2025-10-04T03:46:32,99.9,65135.2890625,5.7,6.5
2025-10-04T03:46:33,99.1,65179.0390625,5.7,6.5
2025-10-04T03:46:34,99.1,65252.7890625,5.7,6.5
2025-10-04T03:46:36,100.3,65325.2890625,5.7,6.5
2025-10-04T03:46:36,97.1,65362.7890625,5.8,6.5
2025-10-04T03:46:37,100.0,65436.5390625,5.7,6.5
2025-10-04T03:46:38,99.7,65512.7890625,5.8,6.5
2025-10-04T03:46:40,100.3,65562.7890625,5.7,6.5
2025-10-04T03:46:40,99.0,65596.5390625,5.7,6.5
2025-10-04T03:46:41,99.4,65666.5390625,5.7,6.5
2025-10-04T03:46:42,99.6,65015.8046875,5.7,6.5
2025-10-04T03:46:43,70.4,65015.8046875,5.9,6.5
2025-10-04T03:46:44,0.0,65015.8046875,6.0,6.5
2025-10-04T03:46:45,0.0,65015.8046875,5.8,6.5
2025-10-04T03:46:46,0.0,65015.8046875,5.7,6.5
2025-10-04T03:46:47,0.0,65015.8046875,5.7,6.5
2025-10-04T03:46:48,0.0,65015.8046875,5.8,6.5
2025-10-04T03:46:49,6.0,65015.8046875,5.9,6.5
2025-10-04T03:46:50,8.0,65015.8046875,5.9,6.5
2025-10-04T03:46:51,8.0,65015.8046875,6.0,6.5
2025-10-04T03:46:52,7.0,65015.8046875,5.9,6.5
2025-10-04T03:46:53,4.0,65015.8046875,5.8,6.5
2025-10-04T03:46:54,2.0,65015.8046875,5.8,6.5
2025-10-04T03:46:55,4.0,65015.8046875,5.9,6.5
2025-10-04T03:46:56,6.0,65015.8046875,5.9,6.5
2025-10-04T03:46:57,8.0,65015.8046875,6.0,6.5
2025-10-04T03:46:58,6.0,65015.8046875,5.9,6.5
2025-10-04T03:46:59,6.0,65015.8046875,5.8,6.5
2025-10-04T03:47:00,3.0,65015.8046875,5.8,6.5
2025-10-04T03:47:01,3.0,65015.8046875,5.9,6.5
2025-10-04T03:47:02,5.0,65015.8046875,5.8,6.5
2025-10-04T03:47:03,4.0,65015.8046875,5.9,6.5
2025-10-04T03:47:04,7.0,65015.8046875,5.9,6.5
2025-10-04T03:47:05,6.0,65015.8046875,5.9,6.5
2025-10-04T03:47:06,6.0,65015.8046875,5.8,6.5
2025-10-04T03:47:07,3.0,65015.8046875,5.9,6.5
2025-10-04T03:47:08,3.0,65015.8046875,5.9,6.5
2025-10-04T03:47:09,6.0,65015.8046875,5.8,6.5
2025-10-04T03:47:10,5.0,65015.8046875,5.9,6.5
2025-10-04T03:47:11,5.0,65015.8046875,5.9,6.5
2025-10-04T03:47:12,6.0,65015.8046875,5.8,6.5
2025-10-04T03:47:13,6.0,65015.8046875,5.9,6.5
2025-10-04T03:47:14,3.0,65015.8046875,5.9,6.5
2025-10-04T03:47:15,4.0,65015.8046875,5.8,6.5
2025-10-04T03:47:16,5.0,65015.8046875,5.9,6.5
2025-10-04T03:47:17,5.0,65015.8046875,5.9,6.5
2025-10-04T03:47:18,5.0,65015.8046875,5.9,6.5
2025-10-04T03:47:19,5.0,65015.8046875,5.9,6.5
2025-10-04T03:47:20,5.0,65015.8046875,5.9,6.5
2025-10-04T03:47:21,3.0,65015.8046875,5.8,6.5
2025-10-04T03:47:22,5.0,65015.8046875,5.9,6.5
2025-10-04T03:47:23,5.0,65015.8046875,5.9,6.5
2025-10-04T03:47:24,4.0,65015.8046875,5.8,6.5
2025-10-04T03:47:25,4.0,65015.8046875,5.9,6.5
2025-10-04T03:47:26,7.0,65015.8046875,5.9,6.5
2025-10-04T03:47:27,4.0,65015.8046875,5.9,6.5
2025-10-04T03:47:28,6.0,65015.8046875,5.9,6.5
2025-10-04T03:47:29,5.0,65015.8046875,5.9,6.5
2025-10-04T03:47:30,4.0,65015.8046875,5.9,6.5
2025-10-04T03:47:31,5.0,65015.8046875,5.8,6.5
2025-10-04T03:47:32,5.0,65015.8046875,5.9,6.5
2025-10-04T03:47:33,5.0,65015.8046875,5.9,6.5
2025-10-04T03:47:34,5.0,65015.8046875,5.9,6.5
2025-10-04T03:47:35,6.0,65015.8046875,5.9,6.5
2025-10-04T03:47:36,7.0,65015.8046875,6.0,6.5
2025-10-04T03:47:37,4.0,65015.8046875,5.8,6.5
2025-10-04T03:47:38,6.0,65015.8046875,5.9,6.5
2025-10-04T03:47:39,5.0,65015.8046875,5.9,6.5
2025-10-04T03:47:40,4.0,65015.8046875,5.9,6.5
2025-10-04T03:47:41,6.0,65015.8046875,5.9,6.5
2025-10-04T03:47:42,5.0,65015.8046875,5.9,6.5
2025-10-04T03:47:43,6.0,65015.8046875,5.9,6.5
2025-10-04T03:47:44,6.0,65015.8046875,5.9,6.5
2025-10-04T03:47:45,6.0,65015.8046875,5.9,6.5
2025-10-04T03:47:46,5.0,65015.8046875,5.9,6.5
2025-10-04T03:47:47,5.0,65015.8046875,5.9,6.5
2025-10-04T03:47:48,5.0,65015.8046875,5.9,6.5
2025-10-04T03:47:49,5.0,65015.8046875,5.9,6.5
2025-10-04T03:47:50,5.0,65015.8046875,5.8,6.5
2025-10-04T03:47:51,5.0,65015.8046875,5.9,6.5
2025-10-04T03:47:52,5.0,65015.8046875,5.9,6.5
2025-10-04T03:47:53,4.0,65015.8046875,5.8,6.5
2025-10-04T03:47:54,5.0,65015.8046875,5.9,6.5
2025-10-04T03:47:55,5.0,65015.8046875,5.9,6.5
2025-10-04T03:47:56,5.0,65015.8046875,5.9,6.5
2025-10-04T03:47:57,7.0,65015.8046875,5.9,6.5
2025-10-04T03:47:58,3.0,65015.8046875,5.9,6.5
2025-10-04T03:47:59,6.0,65015.8046875,5.9,6.5
2025-10-04T03:48:00,5.0,65015.8046875,5.9,6.5
2025-10-04T03:48:01,5.0,65015.8046875,5.9,6.5
2025-10-04T03:48:02,4.0,65015.8046875,5.8,6.5
2025-10-04T03:48:03,5.0,65015.8046875,5.9,6.5
2025-10-04T03:48:04,6.0,65015.8046875,5.9,6.5
2025-10-04T03:48:05,24.0,65013.91796875,6.0,6.5
2025-10-04T03:48:06,4.0,65013.91796875,5.9,6.5
2025-10-04T03:48:07,4.0,65013.91796875,5.9,6.5
2025-10-04T03:48:08,7.0,65013.91796875,5.9,6.5
2025-10-04T03:48:09,2.0,65013.91796875,5.7,6.5
2025-10-04T03:48:10,5.0,65013.91796875,5.9,6.5
2025-10-04T03:48:11,6.0,65013.91796875,5.9,6.5
2025-10-04T03:48:12,5.0,65013.91796875,5.9,6.5
2025-10-04T03:48:13,6.0,65013.91796875,5.8,6.5
2025-10-04T03:48:14,4.0,65013.91796875,5.9,6.5
2025-10-04T03:48:15,5.0,65013.91796875,5.8,6.5
2025-10-04T03:48:16,3.0,65013.91796875,5.9,6.5
2025-10-04T03:48:17,7.0,65013.91796875,5.9,6.5
2025-10-04T03:48:18,4.0,65013.91796875,5.8,6.5
2025-10-04T03:48:19,5.0,65013.91796875,5.9,6.5
2025-10-04T03:48:20,5.0,65013.91796875,5.9,6.5
2025-10-04T03:48:21,6.0,65013.91796875,5.8,6.5
2025-10-04T03:48:22,5.0,65013.91796875,5.9,6.5
2025-10-04T03:48:23,3.0,65013.91796875,5.9,6.5
2025-10-04T03:48:24,5.0,65013.91796875,5.9,6.5
2025-10-04T03:48:25,5.0,65013.91796875,5.9,6.5
2025-10-04T03:48:26,6.0,65013.91796875,5.9,6.5
2025-10-04T03:48:27,5.0,65013.91796875,5.8,6.5
2025-10-04T03:48:28,5.0,65013.91796875,5.9,6.5
2025-10-04T03:48:29,4.0,65013.91796875,5.9,6.5
2025-10-04T03:48:30,4.0,65013.91796875,5.9,6.5
2025-10-04T03:48:31,6.0,65013.91796875,5.9,6.5
2025-10-04T03:48:32,6.0,65013.91796875,5.9,6.5
2025-10-04T03:48:33,4.0,65013.91796875,5.8,6.5
2025-10-04T03:48:34,5.0,65013.91796875,5.8,6.5
2025-10-04T03:48:35,4.0,65013.91796875,5.9,6.5
2025-10-04T03:48:36,6.0,65013.91796875,5.9,6.5
2025-10-04T03:48:37,4.0,65013.91796875,5.8,6.5
2025-10-04T03:48:38,6.0,65013.91796875,5.9,6.5
2025-10-04T03:48:39,6.0,65013.91796875,5.9,6.5
2025-10-04T03:48:40,4.0,65013.91796875,5.8,6.5
2025-10-04T03:48:41,5.0,65013.91796875,5.9,6.5
2025-10-04T03:48:42,4.0,65013.91796875,5.9,6.5
2025-10-04T03:48:43,6.0,65013.91796875,5.8,6.5
2025-10-04T03:48:44,5.0,65013.91796875,5.9,6.5
2025-10-04T03:48:45,5.0,65013.91796875,5.9,6.5
2025-10-04T03:48:46,4.0,65013.91796875,5.8,6.5
2025-10-04T03:48:47,6.0,65013.91796875,5.9,6.5
2025-10-04T03:48:48,5.0,65013.91796875,5.9,6.5
2025-10-04T03:48:49,5.0,65013.91796875,5.9,6.5
2025-10-04T03:48:50,4.0,65013.91796875,5.8,6.5
2025-10-04T03:48:51,5.0,65013.91796875,5.9,6.5
2025-10-04T03:48:52,6.0,65013.91796875,5.9,6.5
2025-10-04T03:48:53,4.0,65013.91796875,5.8,6.5
2025-10-04T03:48:54,5.0,65013.91796875,5.9,6.5
2025-10-04T03:48:55,6.0,65013.91796875,5.9,6.5
2025-10-04T03:48:56,5.0,65013.91796875,5.8,6.5
2025-10-04T03:48:57,4.0,65013.91796875,5.9,6.5
2025-10-04T03:48:58,8.0,65013.91796875,6.0,6.5
2025-10-04T03:48:59,3.0,65013.91796875,5.8,6.5
2025-10-04T03:49:00,7.0,65013.91796875,5.9,6.5
2025-10-04T03:49:01,4.0,65013.91796875,5.9,6.5
2025-10-04T03:49:02,5.0,65013.91796875,5.9,6.5
2025-10-04T03:49:03,5.0,65013.91796875,5.9,6.5
2025-10-04T03:49:04,6.0,65013.91796875,5.9,6.5
2025-10-04T03:49:05,5.0,65013.91796875,5.9,6.5
2025-10-04T03:49:06,5.0,65013.91796875,5.9,6.5
2025-10-04T03:49:07,5.0,65013.91796875,5.9,6.5
2025-10-04T03:49:08,5.0,65013.91796875,5.9,6.5
2025-10-04T03:49:09,5.0,65013.91796875,5.8,6.5
2025-10-04T03:49:10,4.0,65013.91796875,5.9,6.5
2025-10-04T03:49:11,6.0,65013.91796875,5.9,6.5
2025-10-04T03:49:12,5.0,65013.91796875,5.8,6.5
2025-10-04T03:49:13,6.0,65013.91796875,5.9,6.5
2025-10-04T03:49:14,4.0,65013.91796875,5.9,6.5
2025-10-04T03:49:15,6.0,65013.91796875,5.9,6.5
2025-10-04T03:49:16,5.0,65013.91796875,5.9,6.5
2025-10-04T03:49:17,6.0,65013.91796875,5.9,6.5
2025-10-04T03:49:18,5.0,65013.91796875,5.9,6.5
2025-10-04T03:49:19,5.0,65013.91796875,5.9,6.5
2025-10-04T03:49:20,6.0,65013.91796875,5.9,6.5
2025-10-04T03:49:21,4.0,65013.91796875,5.8,6.5
2025-10-04T03:49:22,6.0,65013.91796875,5.9,6.5
2025-10-04T03:49:23,4.0,65013.91796875,5.9,6.5
2025-10-04T03:49:24,6.0,65013.91796875,5.8,6.5
2025-10-04T03:49:25,5.0,65013.91796875,5.9,6.5
2025-10-04T03:49:26,5.0,65013.91796875,5.9,6.5
2025-10-04T03:49:27,4.0,65013.91796875,5.9,6.5
2025-10-04T03:49:28,5.0,65013.91796875,5.9,6.5
2025-10-04T03:49:29,5.0,65013.91796875,5.9,6.5
2025-10-04T03:49:30,5.0,65013.91796875,5.9,6.5
2025-10-04T03:49:31,5.0,65013.91796875,5.8,6.5
2025-10-04T03:49:32,6.0,65013.91796875,5.9,6.5
2025-10-04T03:49:33,4.0,65013.91796875,5.9,6.5
2025-10-04T03:49:34,6.0,65013.91796875,5.9,6.5
2025-10-04T03:49:35,4.0,65013.91796875,5.8,6.5
2025-10-04T03:49:36,5.0,65013.91796875,5.9,6.5
2025-10-04T03:49:37,5.0,65013.91796875,5.9,6.5
2025-10-04T03:49:38,6.0,65013.91796875,5.9,6.5
2025-10-04T03:49:39,4.0,65013.91796875,5.9,6.5
2025-10-04T03:49:40,6.0,65013.91796875,5.8,6.5
2025-10-04T03:49:41,3.0,65013.91796875,5.9,6.5
2025-10-04T03:49:42,7.0,65013.91796875,5.9,6.5
2025-10-04T03:49:43,3.0,65013.91796875,5.9,6.5
2025-10-04T03:49:44,6.0,65013.91796875,5.9,6.5
2025-10-04T03:49:45,5.0,65013.91796875,5.9,6.5
2025-10-04T03:49:46,7.0,65013.91796875,5.9,6.5
2025-10-04T03:49:47,4.0,65013.91796875,5.8,6.5
2025-10-04T03:49:48,5.0,65013.91796875,5.9,6.5
2025-10-04T03:49:49,6.0,65013.91796875,5.9,6.5
2025-10-04T03:49:50,5.0,65013.91796875,5.8,6.5
2025-10-04T03:49:51,5.0,65013.91796875,5.9,6.5
2025-10-04T03:49:52,5.0,65013.91796875,6.0,6.5
2025-10-04T03:49:53,5.0,65013.91796875,5.9,6.5
2025-10-04T03:49:54,6.0,65013.91796875,5.9,6.5
2025-10-04T03:49:55,4.0,65013.91796875,5.8,6.5
2025-10-04T03:49:56,5.0,65013.91796875,5.9,6.5
2025-10-04T03:49:57,6.0,65013.91796875,5.9,6.5
2025-10-04T03:49:58,5.0,65013.91796875,5.9,6.5
2025-10-04T03:49:59,4.0,65013.91796875,5.8,6.5
2025-10-04T03:50:00,5.0,65013.91796875,5.9,6.5
2025-10-04T03:50:01,5.0,65013.91796875,5.9,6.5
2025-10-04T03:50:02,6.0,65013.91796875,5.9,6.5
2025-10-04T03:50:03,4.0,65013.91796875,5.8,6.5
2025-10-04T03:50:04,4.0,65013.91796875,5.9,6.5
2025-10-04T03:50:05,6.0,65013.91796875,5.9,6.5
2025-10-04T03:50:06,5.0,65013.91796875,5.8,6.5
2025-10-04T03:50:07,3.0,65013.91796875,5.9,6.5
2025-10-04T03:50:08,6.0,65013.91796875,6.0,6.5
2025-10-04T03:50:09,4.0,65013.91796875,5.8,6.5
2025-10-04T03:50:10,6.0,65013.91796875,5.9,6.5
2025-10-04T03:50:11,4.0,65013.91796875,5.9,6.5
2025-10-04T03:50:12,7.0,65013.91796875,5.9,6.5
2025-10-04T03:50:13,6.0,65013.91796875,5.9,6.5
2025-10-04T03:50:14,3.0,65013.91796875,5.9,6.5
2025-10-04T03:50:15,4.0,65013.91796875,5.8,6.5
2025-10-04T03:50:16,6.0,65013.91796875,5.9,6.5
2025-10-04T03:50:17,6.0,65013.91796875,5.9,6.5
2025-10-04T03:50:18,4.0,65013.91796875,5.8,6.5
2025-10-04T03:50:19,6.0,65013.91796875,5.9,6.5
2025-10-04T03:50:20,4.0,65013.91796875,5.9,6.5
2025-10-04T03:50:21,6.0,65013.91796875,5.9,6.5
2025-10-04T03:50:22,4.0,65013.91796875,5.8,6.5
2025-10-04T03:50:23,5.0,65013.91796875,5.9,6.5
2025-10-04T03:50:24,6.0,65013.91796875,5.8,6.5
2025-10-04T03:50:25,5.0,65013.91796875,5.8,6.5
2025-10-04T03:50:26,5.0,65013.91796875,5.9,6.5
2025-10-04T03:50:27,5.0,65013.91796875,5.8,6.5
2025-10-04T03:50:28,4.0,65013.91796875,5.9,6.5
2025-10-04T03:50:29,5.0,65013.91796875,5.9,6.5
2025-10-04T03:50:30,5.0,65013.91796875,5.9,6.5
2025-10-04T03:50:31,7.0,65013.91796875,5.9,6.5
2025-10-04T03:50:32,4.0,65013.91796875,5.9,6.5
2025-10-04T03:50:33,3.0,65013.91796875,5.9,6.5
2025-10-04T03:50:34,7.0,65013.91796875,5.9,6.5
2025-10-04T03:50:35,3.0,65013.91796875,5.8,6.5
2025-10-04T03:50:36,5.0,65013.91796875,5.9,6.5
2025-10-04T03:50:37,6.0,65013.91796875,5.9,6.5
2025-10-04T03:50:38,6.0,65013.91796875,5.9,6.5
2025-10-04T03:50:39,4.0,65013.91796875,5.9,6.5
2025-10-04T03:50:40,5.0,65013.91796875,5.9,6.5
2025-10-04T03:50:41,5.0,65013.91796875,5.8,6.5
2025-10-04T03:50:42,4.0,65013.91796875,5.9,6.5
2025-10-04T03:50:43,5.0,65013.91796875,5.9,6.5
2025-10-04T03:50:44,6.0,65013.91796875,5.8,6.5
2025-10-04T03:50:45,6.0,65013.91796875,5.9,6.5
2025-10-04T03:50:46,6.0,65013.91796875,6.0,6.5
2025-10-04T03:50:47,4.0,65013.91796875,5.8,6.5
2025-10-04T03:50:48,5.0,65013.91796875,5.9,6.5
2025-10-04T03:50:49,3.0,65013.91796875,5.9,6.5
2025-10-04T03:50:50,6.0,65013.91796875,5.9,6.5
2025-10-04T03:50:51,5.0,65013.91796875,5.9,6.5
2025-10-04T03:50:52,6.0,65013.91796875,5.9,6.5
2025-10-04T03:50:53,4.0,65013.91796875,5.9,6.5
2025-10-04T03:50:54,6.0,65013.91796875,5.8,6.5
2025-10-04T03:50:55,4.0,65013.91796875,5.9,6.5
2025-10-04T03:50:56,4.0,65013.91796875,5.9,6.5
2025-10-04T03:50:57,6.0,65013.91796875,5.8,6.5
2025-10-04T03:50:58,6.0,65013.91796875,6.0,6.5
2025-10-04T03:50:59,5.0,65013.91796875,5.9,6.5
2025-10-04T03:51:00,4.0,65013.91796875,5.8,6.5
2025-10-04T03:51:01,5.0,65013.91796875,5.9,6.5
2025-10-04T03:51:02,5.0,65013.91796875,5.9,6.5
2025-10-04T03:51:03,5.0,65013.91796875,5.8,6.5
2025-10-04T03:51:04,6.0,65013.91796875,5.9,6.5
2025-10-04T03:51:05,4.0,65013.91796875,5.9,6.5
2025-10-04T03:51:06,6.0,65013.91796875,5.9,6.5
2025-10-04T03:51:07,4.0,65013.91796875,5.8,6.5
2025-10-04T03:51:08,5.0,65013.91796875,5.9,6.5
2025-10-04T03:51:09,4.0,65013.91796875,5.8,6.5
2025-10-04T03:51:10,6.0,65013.91796875,5.9,6.5
2025-10-04T03:51:11,5.0,65013.91796875,5.9,6.5
2025-10-04T03:51:12,5.0,65013.91796875,5.9,6.5
2025-10-04T03:51:13,6.0,65013.91796875,5.8,6.5
2025-10-04T03:51:14,5.0,65013.91796875,5.9,6.5
2025-10-04T03:51:15,5.0,65013.91796875,5.9,6.5
2025-10-04T03:51:16,6.0,65013.91796875,5.9,6.5
2025-10-04T03:51:17,4.0,65013.91796875,5.9,6.5
2025-10-04T03:51:18,6.0,65013.91796875,6.0,6.5
2025-10-04T03:51:19,5.0,65013.91796875,5.8,6.5
2025-10-04T03:51:20,4.0,65013.91796875,5.9,6.5
2025-10-04T03:51:21,7.0,65013.91796875,5.9,6.5
2025-10-04T03:51:22,5.0,65013.91796875,5.9,6.5
2025-10-04T03:51:23,4.0,65013.91796875,5.8,6.5
2025-10-04T03:51:24,6.0,65013.91796875,5.8,6.5
2025-10-04T03:51:25,5.0,65013.91796875,5.9,6.5
2025-10-04T03:51:26,4.0,65013.91796875,5.8,6.5
2025-10-04T03:51:27,4.0,65013.91796875,5.9,6.5
2025-10-04T03:51:28,5.0,65013.91796875,6.0,6.5
2025-10-04T03:51:29,7.0,65013.91796875,5.8,6.5
2025-10-04T03:51:30,5.0,65013.91796875,5.9,6.5
2025-10-04T03:51:31,6.0,65013.91796875,5.9,6.5
2025-10-04T03:51:32,4.0,65013.91796875,5.8,6.5
2025-10-04T03:51:33,19.0,65008.1796875,5.9,6.5
2025-10-04T03:51:34,5.0,65008.1796875,5.9,6.5
2025-10-04T03:51:35,4.0,65008.1796875,5.8,6.5
2025-10-04T03:51:36,7.0,65008.1796875,5.9,6.5
2025-10-04T03:51:37,5.0,65008.1796875,5.9,6.5
2025-10-04T03:51:38,5.0,65008.1796875,5.9,6.5
2025-10-04T03:51:39,5.0,65008.1796875,5.8,6.5
2025-10-04T03:51:40,3.0,65008.1796875,5.9,6.5
2025-10-04T03:51:41,5.0,65008.1796875,5.8,6.5
2025-10-04T03:51:42,6.0,65008.1796875,5.9,6.5
2025-10-04T03:51:43,5.0,65008.1796875,5.9,6.5
2025-10-04T03:51:44,5.0,65008.1796875,5.9,6.5
2025-10-04T03:51:45,4.0,65008.1796875,5.8,6.5
2025-10-04T03:51:46,4.0,65008.1796875,5.9,6.5
2025-10-04T03:51:47,5.0,65008.1796875,5.9,6.5
2025-10-04T03:51:48,4.0,65008.1796875,5.8,6.5
2025-10-04T03:51:49,5.0,65008.1796875,5.9,6.5
2025-10-04T03:51:50,7.0,65008.1796875,5.9,6.5
2025-10-04T03:51:51,6.0,65008.1796875,5.8,6.5
2025-10-04T03:51:52,4.0,65008.1796875,5.9,6.5
2025-10-04T03:51:53,4.0,65008.1796875,5.9,6.5
2025-10-04T03:51:54,7.0,65008.1796875,5.9,6.5
2025-10-04T03:51:55,4.0,65008.1796875,5.9,6.5
2025-10-04T03:51:56,4.0,65008.1796875,5.9,6.5
2025-10-04T03:51:57,6.0,65008.1796875,5.9,6.5
2025-10-04T03:51:58,6.0,65008.1796875,5.9,6.5
2025-10-04T03:51:59,5.0,65008.1796875,5.9,6.5
2025-10-04T03:52:00,3.0,65008.1796875,5.9,6.5
2025-10-04T03:52:01,5.0,65008.1796875,5.8,6.5
2025-10-04T03:52:02,4.0,65008.1796875,5.9,6.5
2025-10-04T03:52:03,7.0,65008.1796875,6.0,6.5
2025-10-04T03:52:04,6.0,65008.1796875,5.9,6.5
2025-10-04T03:52:05,6.0,65008.1796875,5.9,6.5
2025-10-04T03:52:06,4.0,65008.1796875,5.9,6.5
2025-10-04T03:52:07,7.0,65008.1796875,5.9,6.5
2025-10-04T03:52:08,3.0,65008.1796875,5.9,6.5
2025-10-04T03:52:09,5.0,65008.1796875,5.9,6.5
2025-10-04T03:52:10,6.0,65008.1796875,5.8,6.5
2025-10-04T03:52:11,6.0,65008.1796875,5.9,6.5
2025-10-04T03:52:12,5.0,65008.1796875,5.9,6.5
2025-10-04T03:52:13,6.0,65008.1796875,5.9,6.5
2025-10-04T03:52:14,4.0,65008.1796875,5.8,6.5
2025-10-04T03:52:15,4.0,65008.1796875,5.9,6.5
2025-10-04T03:52:16,6.0,65008.1796875,5.9,6.5
2025-10-04T03:52:17,6.0,65008.1796875,5.9,6.5
2025-10-04T03:52:18,5.0,65008.1796875,6.0,6.5
2025-10-04T03:52:19,5.0,65008.1796875,5.9,6.5
2025-10-04T03:52:20,5.0,65008.1796875,5.9,6.5
2025-10-04T03:52:21,5.0,65008.1796875,5.9,6.5
2025-10-04T03:52:22,5.0,65008.1796875,5.9,6.5
2025-10-04T03:52:23,5.0,65008.1796875,5.8,6.5
2025-10-04T03:52:24,7.0,65008.1796875,5.9,6.5
2025-10-04T03:52:25,4.0,65008.1796875,5.9,6.5
2025-10-04T03:52:26,5.0,65008.1796875,5.8,6.5
2025-10-04T03:52:27,5.0,65008.1796875,5.9,6.5
2025-10-04T03:52:28,5.0,65008.1796875,6.0,6.5
2025-10-04T03:52:29,4.0,65008.1796875,5.8,6.5
2025-10-04T03:52:30,6.0,65008.1796875,5.9,6.5
2025-10-04T03:52:31,4.0,65008.1796875,5.9,6.5
2025-10-04T03:52:32,5.0,65008.1796875,5.8,6.5
2025-10-04T03:52:33,5.0,65008.1796875,5.9,6.5
2025-10-04T03:52:34,6.0,65008.1796875,5.9,6.5
2025-10-04T03:52:35,3.0,65008.1796875,5.8,6.5
2025-10-04T03:52:36,6.0,65008.1796875,5.9,6.5
2025-10-04T03:52:37,5.0,65008.1796875,5.9,6.5
2025-10-04T03:52:38,6.0,65008.1796875,5.9,6.5
2025-10-04T03:52:39,4.0,65008.1796875,5.8,6.5
2025-10-04T03:52:40,4.0,65008.1796875,5.9,6.5
2025-10-04T03:52:41,5.0,65008.1796875,5.9,6.5
2025-10-04T03:52:42,5.0,65008.1796875,5.8,6.5
2025-10-04T03:52:43,5.0,65008.1796875,5.9,6.5
2025-10-04T03:52:44,5.0,65008.1796875,5.9,6.5
2025-10-04T03:52:45,5.0,65008.1796875,5.8,6.5
2025-10-04T03:52:46,4.0,65008.1796875,5.9,6.5
2025-10-04T03:52:47,6.0,65008.1796875,5.9,6.5
2025-10-04T03:52:48,4.0,65008.1796875,5.8,6.5
2025-10-04T03:52:49,6.0,65008.1796875,5.9,6.5
2025-10-04T03:52:50,4.0,65008.1796875,5.9,6.5
2025-10-04T03:52:51,4.0,65008.1796875,5.8,6.5
2025-10-04T03:52:52,6.0,65008.1796875,5.9,6.5
2025-10-04T03:52:53,4.0,65008.1796875,5.9,6.5
2025-10-04T03:52:54,4.0,65008.1796875,5.8,6.5
2025-10-04T03:52:55,4.0,65008.1796875,5.8,6.5
2025-10-04T03:52:56,5.0,65008.1796875,5.9,6.5
2025-10-04T03:52:57,5.0,65008.1796875,5.9,6.5
2025-10-04T03:52:58,5.0,65008.1796875,5.9,6.5
2025-10-04T03:52:59,5.0,65008.1796875,5.9,6.5
2025-10-04T03:53:00,5.0,65008.1796875,5.9,6.5
2025-10-04T03:53:01,6.0,65008.1796875,5.9,6.5
2025-10-04T03:53:02,3.0,65008.1796875,5.9,6.5
2025-10-04T03:53:03,5.0,65008.1796875,5.9,6.5
2025-10-04T03:53:04,7.0,65008.1796875,5.9,6.5
2025-10-04T03:53:05,4.0,65008.1796875,5.9,6.5
2025-10-04T03:53:06,6.0,65008.1796875,6.0,6.5
2025-10-04T03:53:07,4.0,65008.1796875,5.8,6.5
2025-10-04T03:53:08,5.0,65008.1796875,5.9,6.5
2025-10-04T03:53:09,4.0,65008.1796875,5.9,6.5
2025-10-04T03:53:10,6.0,65008.1796875,5.9,6.5
2025-10-04T03:53:11,5.0,65008.1796875,5.9,6.5
2025-10-04T03:53:12,5.0,65008.1796875,5.9,6.5
2025-10-04T03:53:13,6.0,65008.1796875,5.9,6.5
2025-10-04T03:53:14,4.0,65008.1796875,5.8,6.5
2025-10-04T03:53:15,4.0,65008.1796875,5.9,6.5
2025-10-04T03:53:16,5.0,65008.1796875,6.0,6.5
2025-10-04T03:53:17,6.0,65008.1796875,5.8,6.5
2025-10-04T03:53:18,4.0,65008.1796875,5.9,6.5
2025-10-04T03:53:19,7.0,65008.1796875,5.9,6.5
2025-10-04T03:53:20,3.0,65008.1796875,5.8,6.5
2025-10-04T03:53:21,5.0,65008.1796875,5.9,6.5
2025-10-04T03:53:22,4.0,65008.1796875,5.9,6.5
2025-10-04T03:53:23,7.0,65008.1796875,5.9,6.5
2025-10-04T03:53:24,6.0,65008.1796875,5.9,6.5
2025-10-04T03:53:25,5.0,65008.1796875,5.9,6.5
2025-10-04T03:53:26,5.0,65008.1796875,5.9,6.5
2025-10-04T03:53:27,5.0,65008.1796875,5.8,6.5
2025-10-04T03:53:28,4.0,65008.1796875,5.9,6.5
2025-10-04T03:53:29,5.0,65008.1796875,5.8,6.5
2025-10-04T03:53:30,7.0,65008.1796875,5.9,6.5
2025-10-04T03:53:31,4.0,65008.1796875,5.9,6.5
2025-10-04T03:53:32,5.0,65008.1796875,5.9,6.5
2025-10-04T03:53:33,5.0,65008.1796875,5.9,6.5
2025-10-04T03:53:34,4.0,65008.1796875,5.9,6.5
2025-10-04T03:53:35,4.0,65008.1796875,5.9,6.5
2025-10-04T03:53:36,6.0,65008.1796875,5.9,6.5
2025-10-04T03:53:37,6.0,65008.1796875,5.9,6.5
2025-10-04T03:53:38,5.0,65008.1796875,5.9,6.5
2025-10-04T03:53:39,4.0,65008.1796875,5.8,6.5
2025-10-04T03:53:40,5.0,65008.1796875,5.9,6.5
2025-10-04T03:53:41,4.0,65008.1796875,5.9,6.5
2025-10-04T03:53:42,5.0,65008.1796875,5.8,6.5
2025-10-04T03:53:43,6.0,65008.1796875,5.9,6.5
2025-10-04T03:53:44,6.0,65008.1796875,5.9,6.5
2025-10-04T03:53:45,5.0,65008.1796875,5.9,6.5
2025-10-04T03:53:46,5.0,65008.1796875,5.9,6.5
2025-10-04T03:53:47,5.0,65008.1796875,5.9,6.5
2025-10-04T03:53:48,4.0,65008.1796875,5.9,6.5
2025-10-04T03:53:49,4.0,65008.1796875,5.9,6.5
2025-10-04T03:53:50,6.0,65008.1796875,5.9,6.5
2025-10-04T03:53:51,7.0,65008.1796875,5.9,6.5
2025-10-04T03:53:52,5.0,65008.1796875,5.9,6.5
2025-10-04T03:53:53,5.0,65008.1796875,5.9,6.5
2025-10-04T03:53:54,4.0,65008.1796875,5.8,6.5
2025-10-04T03:53:55,4.0,65008.1796875,5.8,6.5
2025-10-04T03:53:56,6.0,65008.1796875,5.9,6.5
2025-10-04T03:53:57,5.0,65008.1796875,5.9,6.5
2025-10-04T03:53:58,5.0,65008.1796875,5.9,6.5
2025-10-04T03:53:59,4.0,65008.1796875,5.9,6.5
2025-10-04T03:54:00,6.0,65008.1796875,5.9,6.5
2025-10-04T03:54:01,5.0,65008.1796875,5.8,6.5
2025-10-04T03:54:02,5.0,65008.1796875,5.9,6.5
2025-10-04T03:54:03,5.0,65008.1796875,5.9,6.5
2025-10-04T03:54:04,5.0,65008.1796875,5.8,6.5
2025-10-04T03:54:05,5.0,65008.1796875,5.9,6.5
2025-10-04T03:54:06,6.0,65008.1796875,5.9,6.5
2025-10-04T03:54:07,4.0,65008.1796875,5.8,6.5
2025-10-04T03:54:08,4.0,65008.1796875,5.9,6.5
2025-10-04T03:54:09,6.0,65008.1796875,5.9,6.5
2025-10-04T03:54:10,6.0,65008.1796875,5.9,6.5
2025-10-04T03:54:11,5.0,65008.1796875,5.9,6.5
2025-10-04T03:54:12,5.0,65008.1796875,6.0,6.5
2025-10-04T03:54:13,4.0,65008.1796875,5.8,6.5
2025-10-04T03:54:14,5.0,65008.1796875,5.9,6.5
2025-10-04T03:54:15,4.0,65008.1796875,5.9,6.5
2025-10-04T03:54:16,6.0,65008.1796875,5.9,6.5
2025-10-04T03:54:17,5.0,65008.1796875,5.9,6.5
2025-10-04T03:54:18,5.0,65008.1796875,5.9,6.5
2025-10-04T03:54:19,6.0,65008.1796875,5.9,6.5
2025-10-04T03:54:20,6.0,65008.1796875,5.9,6.5
2025-10-04T03:54:21,4.0,65008.1796875,5.9,6.5
2025-10-04T03:54:22,5.0,65008.1796875,5.9,6.5
2025-10-04T03:54:23,4.0,65008.1796875,5.8,6.5
2025-10-04T03:54:24,6.0,65008.1796875,5.9,6.5
2025-10-04T03:54:25,5.0,65008.1796875,5.9,6.5
2025-10-04T03:54:26,4.0,65008.1796875,5.8,6.5
2025-10-04T03:54:27,4.0,65008.1796875,5.9,6.5
2025-10-04T03:54:28,6.0,65008.1796875,5.9,6.5
2025-10-04T03:54:29,5.0,65008.1796875,5.8,6.5
2025-10-04T03:54:30,4.0,65008.1796875,5.9,6.5
2025-10-04T03:54:31,5.0,65008.1796875,5.9,6.5
2025-10-04T03:54:32,5.0,65008.1796875,5.8,6.5
2025-10-04T03:54:33,5.0,65008.1796875,5.9,6.5
2025-10-04T03:54:34,6.0,65008.1796875,5.9,6.5
2025-10-04T03:54:35,4.0,65008.1796875,5.9,6.5
2025-10-04T03:54:36,6.0,65008.1796875,5.9,6.5
2025-10-04T03:54:37,4.0,65008.1796875,5.9,6.5
2025-10-04T03:54:38,6.0,65008.1796875,5.9,6.5
2025-10-04T03:54:39,5.0,65008.1796875,5.8,6.5
2025-10-04T03:54:40,5.0,65008.1796875,5.9,6.5
2025-10-04T03:54:41,5.0,65008.1796875,5.9,6.5
2025-10-04T03:54:42,5.0,65008.1796875,5.8,6.5
2025-10-04T03:54:43,5.0,65008.1796875,5.9,6.5
2025-10-04T03:54:44,5.0,65008.1796875,5.9,6.5
2025-10-04T03:54:45,4.0,65008.1796875,5.8,6.5
2025-10-04T03:54:46,5.0,65008.1796875,5.9,6.5
2025-10-04T03:54:47,5.0,65008.1796875,5.9,6.5
2025-10-04T03:54:48,4.0,65008.1796875,5.9,6.5
2025-10-04T03:54:49,5.0,65008.1796875,5.9,6.5
2025-10-04T03:54:50,6.0,65008.1796875,5.9,6.5
2025-10-04T03:54:51,5.0,65008.1796875,5.9,6.5
2025-10-04T03:54:52,4.0,65008.1796875,5.9,6.5
2025-10-04T03:54:53,6.0,65008.1796875,5.9,6.5
2025-10-04T03:54:54,4.0,65008.1796875,5.8,6.5
2025-10-04T03:54:55,5.0,65008.1796875,5.9,6.5
2025-10-04T03:54:56,5.0,65008.1796875,5.9,6.5
2025-10-04T03:54:57,4.0,65008.1796875,5.9,6.5
2025-10-04T03:54:58,6.0,65008.1796875,5.9,6.5
2025-10-04T03:54:59,5.0,65008.1796875,5.9,6.5
2025-10-04T03:55:00,21.0,65008.1796875,6.0,6.5
2025-10-04T03:55:01,5.0,65008.1796875,5.9,6.5
2025-10-04T03:55:02,5.0,65008.1796875,5.9,6.5
2025-10-04T03:55:03,6.0,65008.1796875,5.9,6.5
2025-10-04T03:55:04,5.0,65008.1796875,5.9,6.5
2025-10-04T03:55:05,5.0,65008.1796875,5.9,6.5
2025-10-04T03:55:06,5.0,65008.1796875,5.9,6.5
2025-10-04T03:55:07,4.0,65008.1796875,5.8,6.5
2025-10-04T03:55:08,4.0,65008.1796875,5.9,6.5
2025-10-04T03:55:09,5.0,65008.1796875,5.9,6.5
2025-10-04T03:55:10,7.0,65008.1796875,5.9,6.5
2025-10-04T03:55:11,4.0,65008.1796875,5.8,6.5
2025-10-04T03:55:12,6.0,65008.1796875,5.9,6.5
2025-10-04T03:55:13,5.0,65008.1796875,5.9,6.5
2025-10-04T03:55:14,3.0,65008.1796875,5.8,6.5
2025-10-04T03:55:15,5.0,65008.1796875,5.9,6.5
2025-10-04T03:55:16,5.0,65008.1796875,5.9,6.5
2025-10-04T03:55:17,5.0,65008.1796875,5.8,6.5
2025-10-04T03:55:18,6.0,65008.1796875,5.9,6.5
2025-10-04T03:55:19,5.0,65008.1796875,5.9,6.5
2025-10-04T03:55:20,4.0,65008.1796875,6.0,6.5
2025-10-04T03:55:21,6.0,65008.1796875,5.9,6.5
2025-10-04T03:55:22,5.0,65008.1796875,5.9,6.5
2025-10-04T03:55:23,4.0,65008.1796875,5.8,6.5
2025-10-04T03:55:24,4.0,65008.1796875,5.9,6.5
2025-10-04T03:55:25,5.0,65008.1796875,5.9,6.5
2025-10-04T03:55:26,6.0,65008.1796875,5.9,6.5
2025-10-04T03:55:27,5.0,65008.1796875,5.9,6.5
2025-10-04T03:55:28,4.0,65008.1796875,5.9,6.5
2025-10-04T03:55:29,6.0,65008.1796875,5.9,6.5
2025-10-04T03:55:30,4.0,65008.1796875,5.9,6.5
2025-10-04T03:55:31,6.0,65008.1796875,5.9,6.5
2025-10-04T03:55:32,4.0,65008.1796875,5.9,6.5
2025-10-04T03:55:33,4.0,65008.1796875,5.9,6.5
2025-10-04T03:55:34,6.0,65008.1796875,5.9,6.5
2025-10-04T03:55:35,6.0,65008.1796875,5.9,6.5
2025-10-04T03:55:36,4.0,65008.1796875,5.9,6.5
2025-10-04T03:55:37,6.0,65008.1796875,5.9,6.5
2025-10-04T03:55:38,5.0,65008.1796875,5.9,6.5
2025-10-04T03:55:39,3.0,65008.1796875,5.8,6.5
2025-10-04T03:55:40,5.0,65008.1796875,5.9,6.5
2025-10-04T03:55:41,5.0,65008.1796875,5.9,6.5
2025-10-04T03:55:42,6.0,65008.1796875,5.8,6.5
2025-10-04T03:55:43,5.0,65008.1796875,5.9,6.5
2025-10-04T03:55:44,5.0,65008.1796875,5.9,6.5
2025-10-04T03:55:45,3.0,65008.1796875,5.8,6.5
2025-10-04T03:55:46,6.0,65008.1796875,5.9,6.5
2025-10-04T03:55:47,5.0,65008.1796875,5.9,6.5
2025-10-04T03:55:48,4.0,65008.1796875,5.9,6.5
2025-10-04T03:55:49,5.0,65008.1796875,5.9,6.5
2025-10-04T03:55:50,6.0,65008.1796875,5.9,6.5
2025-10-04T03:55:51,5.0,65008.1796875,5.9,6.5
2025-10-04T03:55:52,4.0,65008.1796875,5.8,6.5
2025-10-04T03:55:53,3.0,65008.1796875,5.9,6.5
2025-10-04T03:55:54,5.0,65008.1796875,5.9,6.5
2025-10-04T03:55:55,4.0,65008.1796875,5.8,6.5
2025-10-04T03:55:56,8.0,65008.1796875,5.9,6.5
2025-10-04T03:55:57,5.0,65008.1796875,5.9,6.5
2025-10-04T03:55:58,5.0,65008.1796875,5.9,6.5
2025-10-04T03:55:59,5.0,65008.1796875,5.9,6.5
2025-10-04T03:56:00,4.0,65008.1796875,5.9,6.5
2025-10-04T03:56:01,5.0,65008.1796875,5.8,6.5
2025-10-04T03:56:02,6.0,65008.1796875,5.9,6.5
2025-10-04T03:56:03,5.0,65008.1796875,5.9,6.5
2025-10-04T03:56:04,4.0,65008.1796875,5.8,6.5
2025-10-04T03:56:05,5.0,65008.1796875,5.9,6.5
2025-10-04T03:56:06,6.0,65008.1796875,5.9,6.5
2025-10-04T03:56:07,2.0,65008.1796875,5.8,6.5
2025-10-04T03:56:08,5.0,65008.1796875,5.9,6.5
2025-10-04T03:56:09,5.0,65008.1796875,5.9,6.5
2025-10-04T03:56:10,5.0,65008.1796875,5.9,6.5
2025-10-04T03:56:11,5.0,65008.1796875,5.8,6.5
2025-10-04T03:56:12,4.0,65008.1796875,5.9,6.5
2025-10-04T03:56:13,6.0,65008.1796875,5.9,6.5
2025-10-04T03:56:14,5.0,65008.1796875,5.8,6.5
2025-10-04T03:56:15,5.0,65008.1796875,5.9,6.5
2025-10-04T03:56:16,5.0,65008.1796875,5.9,6.5
2025-10-04T03:56:17,6.0,65008.1796875,5.9,6.5
2025-10-04T03:56:18,4.0,65008.1796875,5.9,6.5
2025-10-04T03:56:19,4.0,65008.1796875,5.9,6.5
2025-10-04T03:56:20,6.0,65008.1796875,5.8,6.5
2025-10-04T03:56:21,5.0,65006.28515625,5.9,6.5
2025-10-04T03:56:22,5.0,65006.28515625,5.9,6.5
2025-10-04T03:56:23,5.0,65006.28515625,5.8,6.5
2025-10-04T03:56:24,5.0,65006.28515625,5.9,6.5
2025-10-04T03:56:25,6.0,65006.28515625,5.9,6.5
2025-10-04T03:56:26,4.0,65006.28515625,5.8,6.5
2025-10-04T03:56:27,4.0,65006.28515625,5.8,6.5
2025-10-04T03:56:28,6.0,65006.28515625,6.0,6.5
2025-10-04T03:56:29,5.0,65006.28515625,5.9,6.5
2025-10-04T03:56:30,6.0,65006.28515625,5.8,6.5
2025-10-04T03:56:31,5.0,65006.28515625,5.9,6.5
2025-10-04T03:56:32,4.0,65006.28515625,5.9,6.5
2025-10-04T03:56:33,7.0,65006.28515625,5.8,6.5
2025-10-04T03:56:34,4.0,65006.28515625,5.9,6.5
2025-10-04T03:56:35,5.0,65006.28515625,5.9,6.5
2025-10-04T03:56:36,4.0,65006.28515625,5.9,6.5
2025-10-04T03:56:37,6.0,65006.28515625,5.9,6.5
2025-10-04T03:56:38,5.0,65006.28515625,5.9,6.5
2025-10-04T03:56:39,4.0,65006.28515625,5.8,6.5
2025-10-04T03:56:40,5.0,65006.28515625,5.9,6.5
2025-10-04T03:56:41,3.0,65006.28515625,5.9,6.5
2025-10-04T03:56:42,7.0,65006.28515625,5.9,6.5
2025-10-04T03:56:43,4.0,65006.28515625,5.9,6.5
2025-10-04T03:56:44,4.0,65006.28515625,5.9,6.5
2025-10-04T03:56:45,6.0,65006.28515625,5.9,6.5
2025-10-04T03:56:46,4.0,65006.28515625,5.9,6.5
2025-10-04T03:56:47,5.0,65006.28515625,5.9,6.5
2025-10-04T03:56:48,6.0,65006.28515625,5.9,6.5
2025-10-04T03:56:49,5.0,65006.28515625,5.8,6.5
2025-10-04T03:56:50,4.0,65006.28515625,5.9,6.5
2025-10-04T03:56:51,4.0,65006.28515625,5.9,6.5
2025-10-04T03:56:52,5.0,65006.28515625,5.8,6.5
2025-10-04T03:56:53,4.0,65006.28515625,5.9,6.5
2025-10-04T03:56:54,7.0,65006.28515625,6.0,6.5
2025-10-04T03:56:55,6.0,65006.28515625,5.9,6.5
2025-10-04T03:56:56,4.0,65006.28515625,5.9,6.5
2025-10-04T03:56:57,5.0,65006.28515625,5.9,6.5
2025-10-04T03:56:58,4.0,65006.28515625,5.8,6.5
2025-10-04T03:56:59,5.0,65006.28515625,5.9,6.5
2025-10-04T03:57:00,5.0,65006.28515625,5.9,6.5
2025-10-04T03:57:01,5.0,65006.28515625,5.9,6.5
2025-10-04T03:57:02,5.0,65006.28515625,5.9,6.5
2025-10-04T03:57:03,5.0,65006.28515625,5.9,6.5
2025-10-04T03:57:04,5.0,65006.28515625,5.8,6.5
2025-10-04T03:57:05,5.0,65006.28515625,5.9,6.5
2025-10-04T03:57:06,5.0,65006.28515625,5.9,6.5
2025-10-04T03:57:07,4.0,65006.28515625,5.9,6.5
2025-10-04T03:57:08,5.0,65006.28515625,5.9,6.5
2025-10-04T03:57:09,5.0,65006.28515625,5.9,6.5
2025-10-04T03:57:10,5.0,65006.28515625,5.9,6.5
2025-10-04T03:57:11,4.0,65006.28515625,5.8,6.5
2025-10-04T03:57:12,5.0,65006.28515625,5.9,6.5
2025-10-04T03:57:13,5.0,65006.28515625,5.9,6.5
2025-10-04T03:57:14,4.0,65006.28515625,5.8,6.5
2025-10-04T03:57:15,5.0,65006.28515625,5.9,6.5
2025-10-04T03:57:16,6.0,65006.28515625,5.9,6.5
2025-10-04T03:57:17,4.0,65006.28515625,5.8,6.5
2025-10-04T03:57:18,6.0,65006.28515625,5.9,6.5
2025-10-04T03:57:19,4.0,65006.28515625,5.9,6.5
2025-10-04T03:57:20,5.0,65006.28515625,5.9,6.5
2025-10-04T03:57:21,5.0,65006.28515625,5.9,6.5
2025-10-04T03:57:22,4.0,65006.28515625,5.9,6.5
2025-10-04T03:57:23,5.0,65006.28515625,5.9,6.5
2025-10-04T03:57:24,4.0,65006.28515625,5.8,6.5
2025-10-04T03:57:25,5.0,65006.28515625,5.9,6.5
2025-10-04T03:57:26,5.0,65006.28515625,5.9,6.5
2025-10-04T03:57:27,5.0,65006.28515625,5.9,6.5
2025-10-04T03:57:28,5.0,65006.28515625,5.9,6.5
2025-10-04T03:57:29,5.0,65006.28515625,5.9,6.5
2025-10-04T03:57:30,5.0,65006.28515625,5.8,6.5
2025-10-04T03:57:31,4.0,65006.28515625,5.9,6.5
2025-10-04T03:57:32,4.0,65006.28515625,5.8,6.5
2025-10-04T03:57:33,8.0,65006.28515625,5.9,6.5
2025-10-04T03:57:34,5.0,65006.28515625,5.9,6.5
2025-10-04T03:57:35,4.0,65006.28515625,5.9,6.5
2025-10-04T03:57:36,4.0,65006.28515625,5.8,6.5
2025-10-04T03:57:37,5.0,65006.28515625,5.9,6.5
2025-10-04T03:57:38,5.0,65006.28515625,5.9,6.5
2025-10-04T03:57:39,4.0,65006.28515625,5.8,6.5
2025-10-04T03:57:40,6.0,65006.28515625,5.9,6.5
2025-10-04T03:57:41,4.0,65006.28515625,5.9,6.5
2025-10-04T03:57:42,6.0,65006.28515625,5.9,6.5
2025-10-04T03:57:43,4.0,65006.28515625,5.8,6.5
2025-10-04T03:57:44,6.0,65006.28515625,5.9,6.5
2025-10-04T03:57:45,3.0,65006.28515625,5.9,6.5
2025-10-04T03:57:46,6.0,65006.28515625,5.9,6.5
2025-10-04T03:57:47,6.0,65006.28515625,5.9,6.5
2025-10-04T03:57:48,4.0,65006.28515625,5.9,6.5
2025-10-04T03:57:49,4.0,65006.28515625,5.8,6.5
2025-10-04T03:57:50,7.0,65006.28515625,5.9,6.5
2025-10-04T03:57:51,4.0,65006.28515625,5.9,6.5
2025-10-04T03:57:52,6.0,65006.28515625,5.8,6.5
2025-10-04T03:57:53,5.0,65006.28515625,5.9,6.5
2025-10-04T03:57:54,4.0,65006.28515625,5.9,6.5
2025-10-04T03:57:55,4.0,65006.28515625,5.8,6.5
2025-10-04T03:57:56,6.0,65006.28515625,5.8,6.5
2025-10-04T03:57:57,5.0,65006.28515625,5.9,6.5
2025-10-04T03:57:58,5.0,65006.28515625,5.9,6.5
2025-10-04T03:57:59,5.0,65006.28515625,5.9,6.5
2025-10-04T03:58:00,6.0,65006.28515625,5.9,6.5
2025-10-04T03:58:01,3.0,65006.28515625,5.9,6.5
2025-10-04T03:58:02,5.0,65006.28515625,5.9,6.5
2025-10-04T03:58:03,5.0,65006.28515625,5.9,6.5
2025-10-04T03:58:04,5.0,65006.28515625,5.9,6.5
2025-10-04T03:58:05,5.0,65006.28515625,5.8,6.5
2025-10-04T03:58:06,5.0,65006.28515625,5.9,6.5
2025-10-04T03:58:07,4.0,65006.28515625,5.9,6.5
2025-10-04T03:58:08,6.0,65006.28515625,5.9,6.5
2025-10-04T03:58:09,4.0,65006.28515625,5.9,6.5
2025-10-04T03:58:10,5.0,65006.28515625,5.9,6.5
2025-10-04T03:58:11,5.0,65006.28515625,5.8,6.5
2025-10-04T03:58:12,5.0,65006.28515625,5.9,6.5
2025-10-04T03:58:13,6.0,65006.28515625,6.0,6.5
2025-10-04T03:58:14,5.0,65006.28515625,5.8,6.5
2025-10-04T03:58:15,4.0,65006.28515625,5.8,6.5
2025-10-04T03:58:16,6.0,65006.28515625,6.0,6.5
2025-10-04T03:58:17,4.0,65006.28515625,5.8,6.5
2025-10-04T03:58:18,3.0,65006.28515625,5.8,6.5
2025-10-04T03:58:19,7.0,65006.28515625,5.9,6.5
2025-10-04T03:58:20,5.0,65006.28515625,5.9,6.5
2025-10-04T03:58:21,3.0,65006.28515625,5.8,6.5
2025-10-04T03:58:22,6.0,65006.28515625,5.9,6.5
2025-10-04T03:58:23,5.0,65006.28515625,5.9,6.5
2025-10-04T03:58:24,5.0,65006.28515625,5.8,6.5
2025-10-04T03:58:25,4.0,65006.28515625,5.9,6.5
2025-10-04T03:58:26,5.0,65006.28515625,5.9,6.5
2025-10-04T03:58:27,4.0,65006.28515625,5.8,6.5
2025-10-04T03:58:28,4.0,65006.28515625,5.9,6.5
2025-10-04T03:58:29,6.0,65006.28515625,5.9,6.5
2025-10-04T03:58:30,5.0,65006.28515625,5.9,6.5
2025-10-04T03:58:31,6.0,65006.28515625,5.9,6.5
2025-10-04T03:58:32,4.0,65006.28515625,5.9,6.5
2025-10-04T03:58:33,4.0,65006.28515625,5.8,6.5
2025-10-04T03:58:34,5.0,65006.28515625,5.8,6.5
2025-10-04T03:58:35,22.0,65006.28515625,6.0,6.5
2025-10-04T03:58:36,4.0,65006.28515625,5.9,6.5
2025-10-04T03:58:37,6.0,65006.28515625,5.8,6.5
2025-10-04T03:58:38,5.0,65006.28515625,5.9,6.5
2025-10-04T03:58:39,4.0,65006.28515625,5.9,6.5
2025-10-04T03:58:40,5.0,65006.28515625,5.8,6.5
2025-10-04T03:58:41,6.0,65006.28515625,5.9,6.5
2025-10-04T03:58:42,4.0,65006.28515625,5.9,6.5
2025-10-04T03:58:43,5.0,65006.28515625,5.8,6.5
2025-10-04T03:58:44,6.0,65006.28515625,5.9,6.5
2025-10-04T03:58:45,4.0,65006.28515625,5.8,6.5
2025-10-04T03:58:46,5.0,65006.28515625,5.8,6.5
2025-10-04T03:58:47,6.0,65006.28515625,5.9,6.5
2025-10-04T03:58:48,5.0,65006.28515625,5.9,6.5
2025-10-04T03:58:49,5.0,65006.28515625,5.8,6.5
2025-10-04T03:58:50,6.0,65006.28515625,5.9,6.5
2025-10-04T03:58:51,4.0,65006.28515625,5.9,6.5
2025-10-04T03:58:52,6.0,65006.28515625,5.9,6.5
2025-10-04T03:58:53,3.0,65006.28515625,5.8,6.5
2025-10-04T03:58:54,5.0,65006.28515625,5.9,6.5
2025-10-04T03:58:55,5.0,65006.28515625,5.9,6.5
2025-10-04T03:58:56,7.0,65006.28515625,5.8,6.5
2025-10-04T03:58:57,4.0,65006.28515625,5.9,6.5
2025-10-04T03:58:58,5.0,65006.28515625,5.9,6.5
2025-10-04T03:58:59,4.0,65006.28515625,5.8,6.5
2025-10-04T03:59:00,3.0,65006.28515625,5.9,6.5
2025-10-04T03:59:01,6.0,65006.28515625,6.0,6.5
2025-10-04T03:59:02,6.0,65006.28515625,5.9,6.5
2025-10-04T03:59:03,5.0,65006.28515625,5.9,6.5
2025-10-04T03:59:04,5.0,65006.28515625,5.9,6.5
2025-10-04T03:59:05,4.0,65006.28515625,5.8,6.5
2025-10-04T03:59:06,5.0,65006.28515625,5.8,6.5
2025-10-04T03:59:07,7.0,65006.28515625,5.9,6.5
2025-10-04T03:59:08,4.0,65006.28515625,5.8,6.5
2025-10-04T03:59:09,4.0,65006.28515625,5.9,6.5
2025-10-04T03:59:10,7.0,65006.28515625,5.9,6.5
2025-10-04T03:59:11,4.0,65006.28515625,5.9,6.5
2025-10-04T03:59:12,3.0,65006.28515625,5.8,6.5
2025-10-04T03:59:13,6.0,65006.28515625,5.9,6.5
2025-10-04T03:59:14,6.0,65006.28515625,5.9,6.5
2025-10-04T03:59:15,4.0,65006.28515625,5.8,6.5
2025-10-04T03:59:16,6.0,65006.28515625,5.9,6.5
2025-10-04T03:59:17,4.0,65006.28515625,5.9,6.5
2025-10-04T03:59:18,6.0,65006.28515625,5.9,6.5
2025-10-04T03:59:19,6.0,65006.28515625,5.9,6.5
2025-10-04T03:59:20,4.0,65006.28515625,5.9,6.5
2025-10-04T03:59:21,3.0,65006.28515625,5.8,6.5
2025-10-04T03:59:22,7.0,65006.28515625,5.9,6.5
2025-10-04T03:59:23,5.0,65006.28515625,5.9,6.5
2025-10-04T03:59:24,5.0,65006.28515625,5.9,6.5
2025-10-04T03:59:25,5.0,65006.28515625,5.9,6.5
2025-10-04T03:59:26,6.0,65006.28515625,5.9,6.5
2025-10-04T03:59:27,4.0,65006.28515625,5.8,6.5
2025-10-04T03:59:28,5.0,65006.28515625,5.9,6.5
2025-10-04T03:59:29,4.0,65006.28515625,5.9,6.5
2025-10-04T03:59:30,7.0,65006.28515625,5.9,6.5
2025-10-04T03:59:31,3.0,65006.28515625,5.8,6.5
2025-10-04T03:59:32,5.0,65006.28515625,5.9,6.5
2025-10-04T03:59:33,3.0,65006.28515625,5.9,6.5
2025-10-04T03:59:34,5.0,65006.28515625,5.8,6.5
2025-10-04T03:59:35,4.0,65006.28515625,5.9,6.5
2025-10-04T03:59:36,6.0,65006.28515625,5.9,6.5
2025-10-04T03:59:37,4.0,65006.28515625,5.8,6.5
2025-10-04T03:59:38,6.0,65006.28515625,5.9,6.5
2025-10-04T03:59:39,4.0,65006.28515625,5.9,6.5
2025-10-04T03:59:40,5.0,65006.28515625,5.8,6.5
2025-10-04T03:59:41,4.0,65006.28515625,5.8,6.5
2025-10-04T03:59:42,5.0,65006.28515625,5.9,6.5
2025-10-04T03:59:43,4.0,65006.28515625,5.9,6.5
2025-10-04T03:59:44,6.0,65006.28515625,5.9,6.5
2025-10-04T03:59:45,6.0,65006.28515625,5.9,6.5
2025-10-04T03:59:46,4.0,65006.28515625,5.8,6.5
2025-10-04T03:59:47,3.0,65006.28515625,5.8,6.5
2025-10-04T03:59:48,5.0,65006.28515625,5.9,6.5
2025-10-04T03:59:49,5.0,65006.28515625,5.9,6.5
2025-10-04T03:59:50,6.0,65006.28515625,5.8,6.5
2025-10-04T03:59:51,5.0,65006.28515625,5.9,6.5
2025-10-04T03:59:52,4.0,65006.28515625,5.9,6.5
2025-10-04T03:59:53,4.0,65006.28515625,5.8,6.5
2025-10-04T03:59:54,5.0,65006.28515625,5.9,6.5
2025-10-04T03:59:55,5.0,65006.28515625,5.8,6.5
2025-10-04T03:59:56,4.0,65006.28515625,5.8,6.5
2025-10-04T03:59:57,6.0,65006.28515625,5.9,6.5
2025-10-04T03:59:58,7.0,65006.28515625,6.0,6.5
2025-10-04T03:59:59,3.0,65006.28515625,5.8,6.5
2025-10-04T04:00:00,4.0,65006.28515625,5.9,6.5
2025-10-04T04:00:01,5.0,65006.28515625,5.9,6.5
2025-10-04T04:00:02,5.0,65006.28515625,5.8,6.5
2025-10-04T04:00:03,7.0,65006.28515625,5.8,6.5
2025-10-04T04:00:04,4.0,65006.28515625,5.9,6.5
2025-10-04T04:00:05,4.0,65006.28515625,5.9,6.5
2025-10-04T04:00:06,6.0,65006.28515625,5.8,6.5
2025-10-04T04:00:07,4.0,65006.28515625,5.9,6.5
2025-10-04T04:00:08,5.0,65006.28515625,5.9,6.5
2025-10-04T04:00:09,5.0,65006.28515625,5.8,6.5
2025-10-04T04:00:10,6.0,65006.28515625,5.9,6.5
2025-10-04T04:00:11,5.0,65006.28515625,5.9,6.5
2025-10-04T04:00:12,5.0,65006.28515625,5.9,6.5
2025-10-04T04:00:13,3.0,65006.28515625,5.8,6.5
2025-10-04T04:00:14,4.0,65006.28515625,5.9,6.5
2025-10-04T04:00:15,6.0,65006.28515625,5.9,6.5
2025-10-04T04:00:16,5.0,65006.28515625,5.9,6.5
2025-10-04T04:00:17,5.0,65006.28515625,5.9,6.5
2025-10-04T04:00:18,4.0,65006.28515625,5.9,6.5
2025-10-04T04:00:19,6.0,65006.28515625,5.8,6.5
2025-10-04T04:00:20,3.0,65006.28515625,5.9,6.5
2025-10-04T04:00:21,4.0,65006.28515625,5.9,6.5
2025-10-04T04:00:22,5.0,65006.28515625,5.8,6.5
2025-10-04T04:00:23,7.0,65006.28515625,6.0,6.5
2025-10-04T04:00:24,6.0,65006.28515625,6.0,6.5
2025-10-04T04:00:25,5.0,65006.28515625,5.8,6.5
2025-10-04T04:00:26,4.0,65006.28515625,5.9,6.5
2025-10-04T04:00:27,5.0,65006.28515625,5.9,6.5
2025-10-04T04:00:28,5.0,65006.28515625,5.8,6.5
2025-10-04T04:00:29,5.0,65006.28515625,5.9,6.5
2025-10-04T04:00:30,5.0,65006.28515625,5.9,6.5
2025-10-04T04:00:31,5.0,65006.28515625,5.9,6.5
2025-10-04T04:00:32,6.0,65006.28515625,5.9,6.5
2025-10-04T04:00:33,4.0,65006.28515625,5.9,6.5
2025-10-04T04:00:34,3.0,65006.28515625,5.8,6.5
2025-10-04T04:00:35,6.0,65006.28515625,5.9,6.5
2025-10-04T04:00:36,7.0,65006.28515625,5.9,6.5
2025-10-04T04:00:37,5.0,65006.28515625,5.9,6.5
2025-10-04T04:00:38,5.0,65006.28515625,5.9,6.5
2025-10-04T04:00:39,5.0,65006.28515625,5.9,6.5
2025-10-04T04:00:40,4.0,65006.28515625,5.9,6.5
2025-10-04T04:00:41,5.0,65006.28515625,5.9,6.5
2025-10-04T04:00:42,6.0,65006.28515625,5.9,6.5
2025-10-04T04:00:43,7.0,65006.28515625,6.0,6.5
2025-10-04T04:00:44,4.0,65006.28515625,5.8,6.5
2025-10-04T04:00:45,5.0,65006.28515625,5.9,6.5
2025-10-04T04:00:46,5.0,65006.28515625,6.0,6.5
2025-10-04T04:00:47,6.0,65006.28515625,5.9,6.5
2025-10-04T04:00:48,7.0,65006.28515625,6.1,6.5
2025-10-04T04:00:49,4.0,65006.28515625,5.9,6.5
2025-10-04T04:00:50,3.0,65006.28515625,5.8,6.5
2025-10-04T04:00:51,5.0,65006.28515625,5.8,6.5
2025-10-04T04:00:52,6.0,65006.28515625,5.9,6.5
2025-10-04T04:00:53,5.0,65006.28515625,5.9,6.5
2025-10-04T04:00:54,6.0,65006.28515625,5.9,6.5
2025-10-04T04:00:55,5.0,65006.28515625,5.9,6.5
2025-10-04T04:00:56,4.0,65006.28515625,5.9,6.5
2025-10-04T04:00:57,5.0,65006.28515625,5.8,6.5
2025-10-04T04:00:58,4.0,65006.28515625,6.0,6.5
2025-10-04T04:00:59,6.0,65006.28515625,5.9,6.5
2025-10-04T04:01:00,6.0,65006.28515625,5.9,6.5
2025-10-04T04:01:01,6.0,65006.28515625,5.9,6.5
2025-10-04T04:01:02,4.0,65006.28515625,5.9,6.5
2025-10-04T04:01:03,5.0,65006.28515625,5.9,6.5
2025-10-04T04:01:04,5.0,65006.28515625,5.9,6.5
2025-10-04T04:01:05,4.0,65006.28515625,5.9,6.5
2025-10-04T04:01:06,5.0,65006.28515625,5.9,6.5
2025-10-04T04:01:07,6.0,65006.28515625,5.9,6.5
2025-10-04T04:01:08,3.0,65006.28515625,5.9,6.5
2025-10-04T04:01:09,4.0,65006.28515625,5.8,6.5
2025-10-04T04:01:10,6.0,65006.28515625,5.8,6.5
2025-10-04T04:01:11,4.0,65006.28515625,5.9,6.5
2025-10-04T04:01:12,6.0,65006.28515625,5.9,6.5
2025-10-04T04:01:13,3.0,65006.28515625,5.8,6.5
2025-10-04T04:01:14,4.0,65006.28515625,5.9,6.5
2025-10-04T04:01:15,5.0,65006.28515625,5.9,6.5
2025-10-04T04:01:16,5.0,65006.28515625,5.8,6.5
2025-10-04T04:01:17,5.0,65006.28515625,5.9,6.5
2025-10-04T04:01:18,4.0,65006.28515625,6.0,6.5
2025-10-04T04:01:19,4.0,65006.28515625,5.8,6.5
2025-10-04T04:01:20,7.0,65006.28515625,5.9,6.5
2025-10-04T04:01:21,4.0,65006.28515625,5.9,6.5
2025-10-04T04:01:22,5.0,65006.28515625,5.8,6.5
2025-10-04T04:01:23,5.0,65006.28515625,5.9,6.5
2025-10-04T04:01:24,6.0,65006.28515625,5.9,6.5
2025-10-04T04:01:25,5.0,65006.28515625,5.8,6.5
2025-10-04T04:01:26,4.0,65006.28515625,5.9,6.5
2025-10-04T04:01:27,4.0,65006.28515625,5.9,6.5
2025-10-04T04:01:28,6.0,65006.28515625,5.9,6.5
2025-10-04T04:01:29,5.0,65006.28515625,5.8,6.5
2025-10-04T04:01:30,5.0,65006.28515625,5.9,6.5
2025-10-04T04:01:31,4.0,65006.28515625,5.8,6.5
2025-10-04T04:01:32,6.0,65006.28515625,5.8,6.5
2025-10-04T04:01:33,5.0,65006.28515625,5.9,6.5
2025-10-04T04:01:34,3.0,65006.28515625,5.9,6.5
2025-10-04T04:01:35,6.0,65006.28515625,5.8,6.5
2025-10-04T04:01:36,5.0,65006.28515625,5.9,6.5
2025-10-04T04:01:37,5.0,65006.28515625,5.9,6.5
2025-10-04T04:01:38,6.0,65006.28515625,5.9,6.5
2025-10-04T04:01:39,4.0,65006.28515625,5.9,6.5
2025-10-04T04:01:40,5.0,65006.28515625,5.9,6.5
2025-10-04T04:01:41,5.0,65006.28515625,5.8,6.5
2025-10-04T04:01:42,4.0,65006.28515625,5.9,6.5
2025-10-04T04:01:43,5.0,65006.28515625,5.9,6.5
2025-10-04T04:01:44,6.0,65006.28515625,5.9,6.5
2025-10-04T04:01:45,4.0,65006.28515625,5.9,6.5
2025-10-04T04:01:46,5.0,65006.28515625,5.9,6.5
2025-10-04T04:01:47,4.0,65006.28515625,5.8,6.5
2025-10-04T04:01:48,5.0,65006.28515625,5.9,6.5
2025-10-04T04:01:49,5.0,65006.28515625,5.9,6.5
2025-10-04T04:01:50,5.0,65006.28515625,5.9,6.5
2025-10-04T04:01:51,3.0,65006.28515625,5.8,6.5
2025-10-04T04:01:52,7.0,65006.28515625,5.9,6.5
2025-10-04T04:01:53,5.0,65006.28515625,5.9,6.5
2025-10-04T04:01:54,4.0,65006.28515625,5.8,6.5
2025-10-04T04:01:55,4.0,65006.28515625,5.9,6.5
2025-10-04T04:01:56,7.0,65006.28515625,5.9,6.5
2025-10-04T04:01:57,2.0,65006.28515625,5.8,6.5
2025-10-04T04:01:58,4.0,65006.28515625,5.9,6.5
2025-10-04T04:01:59,7.0,65006.28515625,5.9,6.5
2025-10-04T04:02:00,4.0,65006.28515625,5.8,6.5
2025-10-04T04:02:01,22.0,65006.28515625,6.0,6.5
2025-10-04T04:02:02,4.0,65006.28515625,5.9,6.5
2025-10-04T04:02:03,6.0,65006.28515625,5.9,6.5
2025-10-04T04:02:04,4.0,65006.28515625,5.9,6.5
2025-10-04T04:02:05,4.0,65006.28515625,5.9,6.5
2025-10-04T04:02:06,4.0,65006.28515625,5.9,6.5
2025-10-04T04:02:07,5.0,65006.28515625,5.9,6.5
2025-10-04T04:02:08,6.0,65006.28515625,5.9,6.5
2025-10-04T04:02:09,5.0,65006.28515625,5.9,6.5
2025-10-04T04:02:10,4.0,65006.28515625,5.8,6.5
2025-10-04T04:02:11,5.0,65006.28515625,5.9,6.5
2025-10-04T04:02:12,5.0,65006.28515625,5.9,6.5
2025-10-04T04:02:13,5.0,65006.28515625,5.8,6.5
2025-10-04T04:02:14,4.0,65006.28515625,5.9,6.5
2025-10-04T04:02:15,5.0,65006.28515625,5.9,6.5
2025-10-04T04:02:16,4.0,65006.28515625,5.9,6.5
2025-10-04T04:02:17,4.0,65006.28515625,5.9,6.5
2025-10-04T04:02:18,4.0,65006.28515625,5.9,6.5
2025-10-04T04:02:19,3.0,65006.28515625,5.8,6.5
2025-10-04T04:02:20,5.0,65006.28515625,5.9,6.5
2025-10-04T04:02:21,2.0,65006.28515625,5.8,6.5
2025-10-04T04:02:22,4.0,65006.28515625,5.8,6.5
2025-10-04T04:02:23,3.0,65006.28515625,5.9,6.5
2025-10-04T04:02:24,5.0,65006.28515625,5.9,6.5
2025-10-04T04:02:25,6.0,65006.28515625,5.8,6.5
2025-10-04T04:02:26,9.0,65006.28515625,5.9,6.5
2025-10-04T04:02:27,7.0,65006.28515625,5.9,6.5
2025-10-04T04:02:28,9.0,65006.28515625,5.9,6.5
2025-10-04T04:02:29,8.0,65006.28515625,5.9,6.5
2025-10-04T04:02:30,9.0,65006.28515625,5.9,6.5
2025-10-04T04:02:31,7.0,65006.28515625,5.9,6.5
2025-10-04T04:02:32,7.0,65006.28515625,5.8,6.5
2025-10-04T04:02:33,6.0,65006.28515625,5.9,6.5
2025-10-04T04:02:34,4.0,65006.28515625,5.9,6.5
2025-10-04T04:02:35,6.0,65006.28515625,5.8,6.5
2025-10-04T04:02:36,5.0,65006.28515625,5.9,6.5
2025-10-04T04:02:37,5.0,65006.28515625,5.9,6.5
2025-10-04T04:02:38,7.0,65006.28515625,5.9,6.5
2025-10-04T04:02:39,4.0,65006.28515625,5.9,6.5
2025-10-04T04:02:40,4.0,65006.28515625,5.9,6.5
2025-10-04T04:02:41,4.0,65006.28515625,5.8,6.5
2025-10-04T04:02:42,6.0,65006.28515625,5.9,6.5
2025-10-04T04:02:43,4.0,65006.28515625,5.9,6.5
2025-10-04T04:02:44,4.0,65006.28515625,5.9,6.5
2025-10-04T04:02:45,5.0,65006.28515625,5.9,6.5
2025-10-04T04:02:46,6.0,65006.28515625,5.9,6.5
2025-10-04T04:02:47,5.0,65006.28515625,5.9,6.5
2025-10-04T04:02:48,5.0,65006.28515625,5.9,6.5
2025-10-04T04:02:49,4.0,65006.28515625,5.9,6.5
2025-10-04T04:02:50,4.0,65006.28515625,5.8,6.5
2025-10-04T04:02:51,4.0,65006.28515625,5.8,6.5
2025-10-04T04:02:52,5.0,65006.28515625,5.9,6.5
2025-10-04T04:02:53,4.0,65006.28515625,5.9,6.5
2025-10-04T04:02:54,6.0,65006.28515625,5.9,6.5
2025-10-04T04:02:55,5.0,65006.28515625,5.9,6.5
2025-10-04T04:02:56,4.0,65006.28515625,5.9,6.5
2025-10-04T04:02:57,4.0,65006.28515625,5.8,6.5
2025-10-04T04:02:58,5.0,65006.28515625,5.9,6.5
2025-10-04T04:02:59,5.0,65006.28515625,5.9,6.5
2025-10-04T04:03:00,4.0,65006.28515625,5.9,6.5
2025-10-04T04:03:01,6.0,65006.28515625,5.9,6.5
2025-10-04T04:03:02,7.0,65006.28515625,5.9,6.5
2025-10-04T04:03:03,4.0,65006.28515625,5.9,6.5
2025-10-04T04:03:04,4.0,65006.28515625,5.9,6.5
2025-10-04T04:03:05,5.0,65006.28515625,5.9,6.5
2025-10-04T04:03:06,4.0,65006.28515625,5.8,6.5
2025-10-04T04:03:07,5.0,65006.28515625,5.9,6.5
2025-10-04T04:03:08,5.0,65006.28515625,5.9,6.5
2025-10-04T04:03:09,5.0,65006.28515625,5.9,6.5
2025-10-04T04:03:10,5.0,65006.28515625,5.9,6.5
2025-10-04T04:03:11,4.0,65006.28515625,5.9,6.5
2025-10-04T04:03:12,5.0,65006.28515625,5.9,6.5
2025-10-04T04:03:13,5.0,65006.28515625,5.8,6.5
2025-10-04T04:03:14,5.0,65006.28515625,5.9,6.5
2025-10-04T04:03:15,4.0,65006.28515625,5.9,6.5
2025-10-04T04:03:16,5.0,65006.28515625,5.9,6.5
2025-10-04T04:03:17,5.0,65006.28515625,5.9,6.5
2025-10-04T04:03:18,4.0,65006.28515625,5.9,6.5
2025-10-04T04:03:19,4.0,65006.28515625,5.8,6.5
2025-10-04T04:03:20,7.0,65006.28515625,5.9,6.5
2025-10-04T04:03:21,5.0,65006.28515625,5.9,6.5
2025-10-04T04:03:22,4.0,65006.28515625,5.8,6.5
2025-10-04T04:03:23,5.0,65006.28515625,5.9,6.5
2025-10-04T04:03:24,5.0,65006.28515625,5.9,6.5
2025-10-04T04:03:25,4.0,65006.28515625,5.9,6.5
2025-10-04T04:03:26,5.0,65006.28515625,5.9,6.5
2025-10-04T04:03:27,4.0,65006.28515625,5.9,6.5
2025-10-04T04:03:28,5.0,65006.28515625,6.0,6.5
2025-10-04T04:03:29,5.0,65006.28515625,5.8,6.5
2025-10-04T04:03:30,4.0,65006.28515625,5.9,6.5
2025-10-04T04:03:31,5.0,65006.28515625,5.9,6.5
2025-10-04T04:03:32,5.0,65006.28515625,5.8,6.5
2025-10-04T04:03:33,5.0,65006.28515625,5.9,6.5
2025-10-04T04:03:34,6.0,65006.28515625,5.9,6.5
2025-10-04T04:03:35,4.0,65006.28515625,5.8,6.5
2025-10-04T04:03:36,4.0,65006.28515625,5.9,6.5
2025-10-04T04:03:37,5.0,65006.28515625,5.9,6.5
2025-10-04T04:03:38,5.0,65006.28515625,5.9,6.5
2025-10-04T04:03:39,7.0,65006.28515625,5.9,6.5
2025-10-04T04:03:40,5.0,65006.28515625,5.9,6.5
2025-10-04T04:03:41,4.0,65006.28515625,5.8,6.5
2025-10-04T04:03:42,3.0,65006.28515625,5.8,6.5
2025-10-04T04:03:43,5.0,65006.28515625,5.9,6.5
2025-10-04T04:03:44,5.0,65006.28515625,5.9,6.5
2025-10-04T04:03:45,4.0,65006.28515625,5.8,6.5
2025-10-04T04:03:46,5.0,65006.28515625,6.0,6.5
2025-10-04T04:03:47,6.0,65006.28515625,5.9,6.5
2025-10-04T04:03:48,3.0,65006.28515625,5.8,6.5
2025-10-04T04:03:49,4.0,65006.28515625,5.9,6.5
2025-10-04T04:03:50,4.0,65006.28515625,5.9,6.5
2025-10-04T04:03:51,6.0,65006.28515625,5.9,6.5
2025-10-04T04:03:52,4.0,65006.28515625,5.9,6.5
2025-10-04T04:03:53,4.0,65006.28515625,5.9,6.5
2025-10-04T04:03:54,5.0,65006.28515625,5.8,6.5
2025-10-04T04:03:55,4.0,65006.28515625,5.8,6.5
2025-10-04T04:03:56,6.0,65006.28515625,5.9,6.5
2025-10-04T04:03:57,4.0,65006.28515625,5.9,6.5
2025-10-04T04:03:58,5.0,65006.28515625,5.9,6.5
2025-10-04T04:03:59,4.0,65006.28515625,5.9,6.5
2025-10-04T04:04:00,4.0,65006.28515625,5.9,6.5
2025-10-04T04:04:01,6.0,65006.28515625,5.9,6.5
2025-10-04T04:04:02,4.0,65006.28515625,5.9,6.5
2025-10-04T04:04:03,5.0,65006.28515625,5.9,6.5
2025-10-04T04:04:04,5.0,65006.28515625,5.9,6.5
2025-10-04T04:04:05,5.0,65006.28515625,5.9,6.5
2025-10-04T04:04:06,4.0,65006.28515625,5.9,6.5
2025-10-04T04:04:07,5.0,65006.28515625,5.8,6.5
2025-10-04T04:04:08,4.0,65006.28515625,5.9,6.5
2025-10-04T04:04:09,5.0,65006.28515625,5.9,6.5
2025-10-04T04:04:10,4.0,65006.28515625,5.8,6.5
2025-10-04T04:04:11,5.0,65006.28515625,5.9,6.5
2025-10-04T04:04:12,5.0,65006.28515625,5.9,6.5
2025-10-04T04:04:13,4.0,65006.28515625,5.8,6.5
2025-10-04T04:04:14,5.0,65006.28515625,5.8,6.5
2025-10-04T04:04:15,3.0,65006.28515625,5.9,6.5
2025-10-04T04:04:16,7.0,65006.28515625,5.9,6.5
2025-10-04T04:04:17,4.0,65006.28515625,5.9,6.5
2025-10-04T04:04:18,5.0,65006.28515625,5.9,6.5
2025-10-04T04:04:19,3.0,65006.28515625,5.8,6.5
2025-10-04T04:04:20,6.0,65006.28515625,5.9,6.5
2025-10-04T04:04:21,3.0,65006.28515625,5.9,6.5
2025-10-04T04:04:22,5.0,65006.28515625,5.9,6.5
2025-10-04T04:04:23,6.0,65006.28515625,5.8,6.5
2025-10-04T04:04:24,5.0,65006.28515625,6.0,6.5
2025-10-04T04:04:25,5.0,65006.28515625,5.9,6.5
2025-10-04T04:04:26,5.0,65006.28515625,5.8,6.5
2025-10-04T04:04:27,5.0,65006.28515625,5.9,6.5
2025-10-04T04:04:28,3.0,65006.28515625,5.9,6.5
2025-10-04T04:04:29,5.0,65006.28515625,5.8,6.5
2025-10-04T04:04:30,5.0,65006.28515625,5.8,6.5
2025-10-04T04:04:31,6.0,65006.28515625,5.9,6.5
2025-10-04T04:04:32,4.0,65006.28515625,5.8,6.5
2025-10-04T04:04:33,6.0,65006.28515625,5.9,6.5
2025-10-04T04:04:34,4.0,65006.28515625,5.9,6.5
2025-10-04T04:04:35,4.0,65006.28515625,5.8,6.5
2025-10-04T04:04:36,5.0,65006.28515625,5.9,6.5
2025-10-04T04:04:37,5.0,65006.28515625,5.9,6.5
2025-10-04T04:04:38,6.0,65006.28515625,5.9,6.5
2025-10-04T04:04:39,3.0,65006.28515625,5.8,6.5
2025-10-04T04:04:40,5.0,65006.28515625,5.9,6.5
2025-10-04T04:04:41,4.0,65006.28515625,5.9,6.5
2025-10-04T04:04:42,5.0,65006.28515625,5.8,6.5
2025-10-04T04:04:43,6.0,65006.28515625,5.9,6.5
2025-10-04T04:04:44,5.0,65006.28515625,5.9,6.5
2025-10-04T04:04:45,4.0,65006.28515625,5.8,6.5
2025-10-04T04:04:46,4.0,65006.28515625,5.9,6.5
2025-10-04T04:04:47,6.0,65006.28515625,6.0,6.5
2025-10-04T04:04:48,6.0,65006.28515625,5.9,6.5
2025-10-04T04:04:49,5.0,65006.28515625,5.9,6.5
2025-10-04T04:04:50,5.0,65006.28515625,5.9,6.5
2025-10-04T04:04:51,4.0,65006.28515625,5.8,6.5
2025-10-04T04:04:52,4.0,65006.28515625,5.8,6.5
2025-10-04T04:04:53,4.0,65006.28515625,5.9,6.5
2025-10-04T04:04:54,5.0,65006.28515625,5.8,6.5
2025-10-04T04:04:55,6.0,65006.28515625,5.9,6.5
2025-10-04T04:04:56,5.0,65006.28515625,5.9,6.5
2025-10-04T04:04:57,3.0,65006.28515625,5.9,6.5
2025-10-04T04:04:58,5.0,65006.28515625,5.8,6.5
2025-10-04T04:04:59,4.0,65006.28515625,5.9,6.5
2025-10-04T04:05:00,5.0,65006.28515625,5.9,6.5
2025-10-04T04:05:01,4.0,65006.28515625,5.8,6.5
2025-10-04T04:05:02,4.0,65006.28515625,5.9,6.5
2025-10-04T04:05:03,5.0,65006.28515625,5.9,6.5
2025-10-04T04:05:04,4.0,65006.28515625,5.8,6.5
2025-10-04T04:05:05,5.0,65006.28515625,5.9,6.5
2025-10-04T04:05:06,5.0,65006.28515625,5.9,6.5
2025-10-04T04:05:07,4.0,65006.28515625,5.9,6.5
2025-10-04T04:05:08,6.0,65006.28515625,5.9,6.5
2025-10-04T04:05:09,4.0,65006.28515625,5.9,6.5
2025-10-04T04:05:10,5.0,65006.28515625,5.9,6.5
2025-10-04T04:05:11,4.0,65006.28515625,5.8,6.5
2025-10-04T04:05:12,5.0,65006.28515625,5.9,6.5
2025-10-04T04:05:13,5.0,65006.28515625,5.9,6.5
2025-10-04T04:05:14,3.0,65006.28515625,5.8,6.5
2025-10-04T04:05:15,5.0,65006.28515625,5.9,6.5
2025-10-04T04:05:16,6.0,65006.28515625,6.0,6.5
2025-10-04T04:05:17,5.0,65006.28515625,5.8,6.5
2025-10-04T04:05:18,4.0,65006.28515625,5.9,6.5
2025-10-04T04:05:19,4.0,65006.28515625,5.9,6.5
2025-10-04T04:05:20,5.0,65006.28515625,5.8,6.5
2025-10-04T04:05:21,5.0,65006.28515625,5.8,6.5
2025-10-04T04:05:22,5.0,65006.28515625,5.9,6.5
2025-10-04T04:05:23,6.0,65006.28515625,5.9,6.5
2025-10-04T04:05:24,5.0,65006.28515625,5.9,6.5
2025-10-04T04:05:25,19.3,65006.28515625,6.0,6.5
2025-10-04T04:05:26,6.2,65006.28515625,5.9,6.5
2025-10-04T04:05:27,5.0,65006.28515625,5.9,6.5
2025-10-04T04:05:28,5.0,65006.28515625,5.9,6.5
2025-10-04T04:05:29,4.0,65006.28515625,5.9,6.5
2025-10-04T04:05:30,6.0,65006.28515625,5.8,6.5
2025-10-04T04:05:31,4.0,65006.28515625,5.9,6.5
2025-10-04T04:05:32,6.0,65006.28515625,5.9,6.5
2025-10-04T04:05:33,5.0,65006.28515625,5.9,6.5
2025-10-04T04:05:34,4.0,65006.28515625,5.9,6.5
2025-10-04T04:05:35,5.0,65006.28515625,5.9,6.5
2025-10-04T04:05:36,5.0,65006.28515625,5.8,6.5
2025-10-04T04:05:37,4.0,65006.28515625,5.9,6.5
2025-10-04T04:05:38,6.0,65006.28515625,6.0,6.5
2025-10-04T04:05:39,5.0,65006.28515625,5.8,6.5
2025-10-04T04:05:40,6.0,65006.28515625,5.9,6.5
2025-10-04T04:05:41,4.0,65006.28515625,5.9,6.5
2025-10-04T04:05:42,6.0,65006.28515625,5.9,6.5
2025-10-04T04:05:43,4.0,65006.28515625,5.9,6.5
2025-10-04T04:05:44,6.0,65006.28515625,5.9,6.5
2025-10-04T04:05:45,4.0,65006.28515625,5.8,6.5
2025-10-04T04:05:46,6.0,65006.28515625,6.0,6.5
2025-10-04T04:05:47,5.0,65006.28515625,5.9,6.5
2025-10-04T04:05:48,5.0,65006.28515625,5.9,6.5
2025-10-04T04:05:49,4.0,65006.28515625,5.8,6.5
2025-10-04T04:05:50,5.0,65006.28515625,5.9,6.5
2025-10-04T04:05:51,5.0,65006.28515625,5.9,6.5
2025-10-04T04:05:52,4.0,65006.28515625,5.8,6.5
2025-10-04T04:05:53,6.0,65006.28515625,5.9,6.5
2025-10-04T04:05:54,5.0,65006.28515625,5.9,6.5
2025-10-04T04:05:55,5.0,65006.28515625,5.9,6.5
2025-10-04T04:05:56,3.0,65006.28515625,5.9,6.5
2025-10-04T04:05:57,5.0,65006.28515625,5.9,6.5
2025-10-04T04:05:58,5.0,65006.28515625,5.9,6.5
2025-10-04T04:05:59,5.0,65006.28515625,5.9,6.5
2025-10-04T04:06:00,6.0,65006.28515625,5.9,6.5
2025-10-04T04:06:01,6.0,65006.28515625,5.9,6.5
2025-10-04T04:06:02,5.0,65006.28515625,5.9,6.5
2025-10-04T04:06:03,4.0,65006.28515625,5.9,6.5
2025-10-04T04:06:04,5.0,65006.28515625,5.9,6.5
2025-10-04T04:06:05,6.0,65006.28515625,5.9,6.5
2025-10-04T04:06:06,5.0,65006.28515625,5.9,6.5
2025-10-04T04:06:07,6.0,65006.28515625,6.0,6.5
2025-10-04T04:06:08,6.0,65006.28515625,5.9,6.5
2025-10-04T04:06:09,5.0,65006.28515625,5.9,6.5
2025-10-04T04:06:10,3.0,65006.28515625,5.9,6.5
2025-10-04T04:06:11,7.0,65006.28515625,5.9,6.5
2025-10-04T04:06:12,6.0,65006.28515625,5.9,6.5
2025-10-04T04:06:13,5.0,65006.28515625,5.9,6.5
2025-10-04T04:06:14,4.0,65006.28515625,5.8,6.5
2025-10-04T04:06:15,7.0,65006.28515625,6.1,6.5
2025-10-04T04:06:16,4.0,65006.28515625,5.9,6.5
2025-10-04T04:06:17,6.0,65006.28515625,5.9,6.5
2025-10-04T04:06:18,5.0,65006.28515625,5.9,6.5
2025-10-04T04:06:19,4.0,65006.28515625,5.9,6.5
2025-10-04T04:06:20,4.0,65006.28515625,5.9,6.5
2025-10-04T04:06:21,5.0,65006.28515625,5.9,6.5
2025-10-04T04:06:22,6.0,65006.28515625,5.9,6.5
2025-10-04T04:06:23,6.0,65006.28515625,5.9,6.5
2025-10-04T04:06:24,4.0,65006.28515625,5.8,6.5
2025-10-04T04:06:25,4.0,65006.28515625,5.9,6.5
2025-10-04T04:06:26,5.0,65006.28515625,5.9,6.5
2025-10-04T04:06:27,5.0,65006.28515625,5.9,6.5
2025-10-04T04:06:28,5.0,65006.28515625,5.9,6.5
2025-10-04T04:06:29,6.0,65006.28515625,5.9,6.5
2025-10-04T04:06:30,4.0,65006.28515625,5.8,6.5
2025-10-04T04:06:31,4.0,65006.28515625,5.8,6.5
2025-10-04T04:06:32,4.0,65006.28515625,5.9,6.5
2025-10-04T04:06:33,6.0,65006.28515625,5.8,6.5
2025-10-04T04:06:34,7.0,65006.28515625,6.0,6.5
2025-10-04T04:06:35,6.0,65006.28515625,5.9,6.5
2025-10-04T04:06:36,4.0,65006.28515625,5.8,6.5
2025-10-04T04:06:37,4.0,65006.28515625,5.9,6.5
2025-10-04T04:06:38,5.0,65006.28515625,5.9,6.5
2025-10-04T04:06:39,5.0,65006.28515625,5.9,6.5
2025-10-04T04:06:40,6.0,65006.28515625,6.0,6.5
2025-10-04T04:06:41,5.0,65006.28515625,5.9,6.5
2025-10-04T04:06:42,5.0,65006.28515625,5.9,6.5
2025-10-04T04:06:43,4.0,65006.28515625,5.9,6.5
2025-10-04T04:06:44,4.0,65006.28515625,5.9,6.5
2025-10-04T04:06:45,5.0,65006.28515625,5.9,6.5
2025-10-04T04:06:46,7.0,65006.28515625,5.9,6.5
2025-10-04T04:06:47,5.0,65006.28515625,5.9,6.5
2025-10-04T04:06:48,6.0,65006.28515625,6.0,6.5
2025-10-04T04:06:49,4.0,65006.28515625,5.8,6.5
2025-10-04T04:06:50,5.0,65006.28515625,5.9,6.5
2025-10-04T04:06:51,4.0,65006.28515625,5.9,6.5
2025-10-04T04:06:52,7.0,65006.28515625,5.9,6.5
2025-10-04T04:06:53,5.0,65006.28515625,5.9,6.5
2025-10-04T04:06:54,5.0,65006.28515625,5.9,6.5
2025-10-04T04:06:55,5.0,65006.28515625,5.8,6.5
2025-10-04T04:06:56,4.0,65006.28515625,5.8,6.5
2025-10-04T04:06:57,6.0,65006.28515625,5.9,6.5
2025-10-04T04:06:58,4.0,65006.28515625,5.9,6.5
2025-10-04T04:06:59,5.0,65006.28515625,5.9,6.5
2025-10-04T04:07:00,5.0,65006.28515625,5.9,6.5
2025-10-04T04:07:01,5.0,65006.28515625,5.9,6.5
2025-10-04T04:07:02,4.0,65006.28515625,5.9,6.5
2025-10-04T04:07:03,5.0,65006.28515625,5.9,6.5
2025-10-04T04:07:04,5.0,65006.28515625,5.9,6.5
2025-10-04T04:07:05,5.0,65006.28515625,5.8,6.5
2025-10-04T04:07:06,5.0,65006.28515625,5.9,6.5
2025-10-04T04:07:07,6.0,65006.28515625,5.9,6.5
2025-10-04T04:07:08,4.0,65006.28515625,5.8,6.5
2025-10-04T04:07:09,2.0,65006.28515625,5.9,6.5
2025-10-04T04:07:10,4.0,65006.28515625,5.9,6.5
2025-10-04T04:07:11,6.0,65006.28515625,5.8,6.5
2025-10-04T04:07:12,5.0,65006.28515625,5.8,6.5
2025-10-04T04:07:13,5.0,65006.28515625,5.9,6.5
2025-10-04T04:07:14,4.0,65006.28515625,5.8,6.5
2025-10-04T04:07:15,5.0,65006.28515625,5.9,6.5
2025-10-04T04:07:16,4.0,65006.28515625,5.9,6.5
2025-10-04T04:07:17,4.0,65006.28515625,5.8,6.5
2025-10-04T04:07:18,3.0,65006.28515625,5.9,6.5
2025-10-04T04:07:19,6.0,65006.28515625,5.9,6.5
2025-10-04T04:07:20,3.0,65006.28515625,5.8,6.5
2025-10-04T04:07:21,6.0,65006.28515625,5.9,6.5
2025-10-04T04:07:22,4.0,65006.28515625,5.9,6.5
2025-10-04T04:07:23,5.0,65006.28515625,5.9,6.5
2025-10-04T04:07:24,6.0,65006.28515625,5.8,6.5
2025-10-04T04:07:25,4.0,65006.28515625,5.9,6.5
2025-10-04T04:07:26,4.0,65006.28515625,5.9,6.5
2025-10-04T04:07:27,4.0,65006.28515625,5.8,6.5
2025-10-04T04:07:28,8.0,65006.28515625,6.0,6.5
2025-10-04T04:07:29,3.0,65006.28515625,5.9,6.5
2025-10-04T04:07:30,6.0,65006.28515625,5.9,6.5
2025-10-04T04:07:31,4.0,65006.28515625,5.9,6.5
2025-10-04T04:07:32,7.0,65006.28515625,6.0,6.5
2025-10-04T04:07:33,5.0,65006.28515625,5.8,6.5
2025-10-04T04:07:34,4.0,65006.28515625,5.9,6.5
2025-10-04T04:07:35,6.0,65006.28515625,5.9,6.5
2025-10-04T04:07:36,5.0,65006.28515625,5.9,6.5
2025-10-04T04:07:37,4.0,65006.28515625,5.8,6.5
2025-10-04T04:07:38,6.0,65006.28515625,5.9,6.5
2025-10-04T04:07:39,4.0,65006.28515625,5.9,6.5
2025-10-04T04:07:40,5.0,65006.28515625,5.8,6.5
2025-10-04T04:07:41,4.0,65006.28515625,5.9,6.5
2025-10-04T04:07:42,7.0,65006.28515625,5.9,6.5
2025-10-04T04:07:43,4.0,65006.28515625,5.8,6.5
2025-10-04T04:07:44,4.0,65006.28515625,5.9,6.5
2025-10-04T04:07:45,4.0,65006.28515625,5.9,6.5
2025-10-04T04:07:46,5.0,65006.28515625,5.9,6.5
2025-10-04T04:07:47,5.0,65006.28515625,5.9,6.5
2025-10-04T04:07:48,4.0,65006.28515625,5.9,6.5
2025-10-04T04:07:49,4.0,65006.28515625,5.8,6.5
2025-10-04T04:07:50,6.0,65006.28515625,5.9,6.5
2025-10-04T04:07:51,5.0,65006.28515625,5.9,6.5
2025-10-04T04:07:52,5.0,65006.28515625,5.8,6.5
2025-10-04T04:07:53,4.0,65006.28515625,5.9,6.5
2025-10-04T04:07:54,5.0,65006.28515625,5.9,6.5
2025-10-04T04:07:55,4.0,65006.28515625,5.8,6.5
2025-10-04T04:07:56,5.0,65006.28515625,5.9,6.5
2025-10-04T04:07:57,6.0,65006.28515625,5.9,6.5
2025-10-04T04:07:58,4.0,65006.28515625,5.9,6.5
2025-10-04T04:07:59,3.0,65006.28515625,5.8,6.5
2025-10-04T04:08:00,5.0,65006.28515625,5.9,6.5
2025-10-04T04:08:01,6.0,65006.28515625,5.9,6.5
2025-10-04T04:08:02,4.0,65006.28515625,5.8,6.5
2025-10-04T04:08:03,5.0,65006.28515625,5.9,6.5
2025-10-04T04:08:04,4.0,65006.28515625,5.9,6.5
2025-10-04T04:08:05,5.0,65006.28515625,5.8,6.5
2025-10-04T04:08:06,3.0,65006.28515625,5.9,6.5
2025-10-04T04:08:07,6.0,65006.28515625,5.9,6.5
2025-10-04T04:08:08,4.0,65006.28515625,5.9,6.5
2025-10-04T04:08:09,5.0,65006.28515625,5.9,6.5
2025-10-04T04:08:10,4.0,65006.28515625,5.9,6.5
2025-10-04T04:08:11,5.0,65006.28515625,5.8,6.5
2025-10-04T04:08:12,5.0,65006.28515625,5.9,6.5
2025-10-04T04:08:13,6.0,65006.28515625,5.9,6.5
2025-10-04T04:08:14,7.0,65006.28515625,6.0,6.5
2025-10-04T04:08:15,4.0,65006.28515625,5.8,6.5
2025-10-04T04:08:16,5.0,65006.28515625,5.9,6.5
2025-10-04T04:08:17,4.0,65006.28515625,5.9,6.5
2025-10-04T04:08:18,5.0,65006.28515625,5.9,6.5
2025-10-04T04:08:19,6.0,65006.28515625,5.9,6.5
2025-10-04T04:08:20,5.0,65006.28515625,5.9,6.5
2025-10-04T04:08:21,4.0,65006.28515625,5.8,6.5
2025-10-04T04:08:22,5.0,65006.28515625,5.9,6.5
2025-10-04T04:08:23,4.0,65006.28515625,5.9,6.5
2025-10-04T04:08:24,6.0,65006.28515625,5.9,6.5
2025-10-04T04:08:25,5.0,65006.28515625,5.8,6.5
2025-10-04T04:08:26,6.0,65006.28515625,5.9,6.5
2025-10-04T04:08:27,4.0,65006.28515625,5.9,6.5
2025-10-04T04:08:28,5.0,65006.28515625,5.9,6.5
2025-10-04T04:08:29,5.0,65006.28515625,5.9,6.5
2025-10-04T04:08:30,6.0,65006.28515625,5.9,6.5
2025-10-04T04:08:31,4.0,65006.28515625,5.8,6.5
2025-10-04T04:08:32,5.0,65006.28515625,5.9,6.5
2025-10-04T04:08:33,5.0,65006.28515625,5.9,6.5
2025-10-04T04:08:34,5.0,65006.28515625,5.9,6.5
2025-10-04T04:08:35,6.0,65006.28515625,5.9,6.5
2025-10-04T04:08:36,4.0,65006.28515625,5.9,6.5
2025-10-04T04:08:37,5.0,65006.28515625,5.9,6.5
2025-10-04T04:08:38,5.0,65006.28515625,5.9,6.5
2025-10-04T04:08:39,4.0,65006.28515625,5.9,6.5
2025-10-04T04:08:40,5.0,65006.28515625,5.9,6.5
2025-10-04T04:08:41,6.0,65006.28515625,5.9,6.5
2025-10-04T04:08:42,3.0,65006.28515625,5.9,6.5
2025-10-04T04:08:43,6.0,65006.28515625,5.9,6.5
2025-10-04T04:08:44,4.0,65006.28515625,5.9,6.5
2025-10-04T04:08:45,4.0,65006.28515625,5.9,6.5
2025-10-04T04:08:46,7.0,65006.28515625,5.9,6.5
2025-10-04T04:08:47,5.0,65006.28515625,5.8,6.5
2025-10-04T04:08:48,4.0,65006.28515625,5.9,6.5
2025-10-04T04:08:49,5.0,65006.28515625,5.9,6.5
2025-10-04T04:08:50,6.0,65006.28515625,5.8,6.5
2025-10-04T04:08:51,5.0,65006.28515625,5.8,6.5
2025-10-04T04:08:52,21.0,65006.28515625,6.0,6.5
2025-10-04T04:08:53,4.0,65006.28515625,5.8,6.5
2025-10-04T04:08:54,6.0,65006.28515625,5.9,6.5
2025-10-04T04:08:55,4.0,65006.28515625,5.9,6.5
2025-10-04T04:08:56,5.0,65006.28515625,5.8,6.5
2025-10-04T04:08:57,5.0,65006.28515625,5.9,6.5
2025-10-04T04:08:58,5.0,65006.28515625,6.0,6.5
2025-10-04T04:08:59,5.0,65006.28515625,5.9,6.5
2025-10-04T04:09:00,6.0,65006.28515625,5.9,6.5
2025-10-04T04:09:01,4.0,65006.28515625,5.8,6.5
2025-10-04T04:09:02,4.0,65006.28515625,5.9,6.5
2025-10-04T04:09:03,5.0,65006.28515625,5.8,6.5
2025-10-04T04:09:04,4.0,65006.28515625,5.9,6.5
2025-10-04T04:09:05,5.0,65006.28515625,5.9,6.5
2025-10-04T04:09:06,5.0,65006.28515625,5.9,6.5
2025-10-04T04:09:07,7.0,65006.28515625,5.9,6.5
2025-10-04T04:09:08,4.0,65006.28515625,5.9,6.5
2025-10-04T04:09:09,4.0,65006.28515625,5.8,6.5
2025-10-04T04:09:10,3.0,65006.28515625,5.9,6.5
2025-10-04T04:09:11,5.0,65006.28515625,5.9,6.5
2025-10-04T04:09:12,6.0,65006.28515625,5.9,6.5
2025-10-04T04:09:13,4.0,65006.28515625,5.8,6.5
2025-10-04T04:09:14,4.0,65006.28515625,5.9,6.5
2025-10-04T04:09:15,5.0,65006.28515625,5.9,6.5
2025-10-04T04:09:16,5.0,65006.28515625,5.8,6.5
2025-10-04T04:09:17,4.0,65006.28515625,5.9,6.5
2025-10-04T04:09:18,4.0,65006.28515625,6.0,6.5
2025-10-04T04:09:19,6.0,65006.28515625,5.8,6.5
2025-10-04T04:09:20,4.0,65006.28515625,5.9,6.5
2025-10-04T04:09:21,4.0,65006.28515625,5.9,6.5
2025-10-04T04:09:22,4.0,65006.28515625,5.8,6.5
2025-10-04T04:09:23,4.0,65006.28515625,5.9,6.5
2025-10-04T04:09:24,4.0,65006.28515625,5.9,6.5
2025-10-04T04:09:25,4.0,65006.28515625,5.8,6.5
2025-10-04T04:09:26,6.0,65006.28515625,5.9,6.5
2025-10-04T04:09:27,6.0,65006.28515625,5.9,6.5
2025-10-04T04:09:28,4.0,65006.28515625,5.8,6.5
2025-10-04T04:09:29,5.0,65006.28515625,5.9,6.5
2025-10-04T04:09:30,4.0,65006.28515625,5.9,6.5
2025-10-04T04:09:31,6.0,65006.28515625,5.9,6.5
2025-10-04T04:09:32,4.0,65006.28515625,5.8,6.5
2025-10-04T04:09:33,5.0,65006.28515625,5.9,6.5
2025-10-04T04:09:34,4.0,65006.28515625,5.9,6.5
2025-10-04T04:09:35,4.0,65006.28515625,5.8,6.5
2025-10-04T04:09:36,4.0,65006.28515625,5.9,6.5
2025-10-04T04:09:37,6.0,65006.28515625,5.9,6.5
2025-10-04T04:09:38,3.0,65006.28515625,5.8,6.5
2025-10-04T04:09:39,7.0,65006.28515625,5.9,6.5
2025-10-04T04:09:40,4.0,65006.28515625,5.9,6.5
2025-10-04T04:09:41,3.0,65006.28515625,5.8,6.5
2025-10-04T04:09:42,6.0,65006.28515625,5.9,6.5
2025-10-04T04:09:43,4.0,65006.28515625,5.9,6.5
2025-10-04T04:09:44,4.0,65006.28515625,5.9,6.5
2025-10-04T04:09:45,3.0,65006.28515625,5.8,6.5
2025-10-04T04:09:46,6.0,65006.28515625,5.9,6.5
2025-10-04T04:09:47,6.0,65006.28515625,5.9,6.5
2025-10-04T04:09:48,4.0,65006.28515625,5.9,6.5
2025-10-04T04:09:49,5.0,65006.28515625,5.9,6.5
2025-10-04T04:09:50,4.0,65006.28515625,5.9,6.5
2025-10-04T04:09:51,4.0,65006.28515625,5.8,6.5
2025-10-04T04:09:52,4.0,65006.28515625,5.9,6.5
2025-10-04T04:09:53,6.0,65006.28515625,5.9,6.5
2025-10-04T04:09:54,6.0,65006.28515625,5.8,6.5
2025-10-04T04:09:55,4.0,65006.28515625,5.9,6.5
2025-10-04T04:09:56,6.0,65006.28515625,5.9,6.5
2025-10-04T04:09:57,4.0,65006.28515625,5.8,6.5
2025-10-04T04:09:58,3.0,65006.28515625,5.9,6.5
2025-10-04T04:09:59,5.0,65006.28515625,5.9,6.5
2025-10-04T04:10:00,4.0,65006.28515625,5.9,6.5
2025-10-04T04:10:01,6.0,65006.28515625,5.9,6.5
2025-10-04T04:10:02,5.0,65006.28515625,5.9,6.5
2025-10-04T04:10:03,5.0,65006.28515625,5.9,6.5
2025-10-04T04:10:04,4.0,65006.28515625,5.8,6.5
2025-10-04T04:10:05,4.0,65006.28515625,5.9,6.5
2025-10-04T04:10:06,6.0,65006.28515625,5.9,6.5
2025-10-04T04:10:07,5.0,65006.28515625,5.9,6.5
2025-10-04T04:10:08,6.0,65006.28515625,5.9,6.5
2025-10-04T04:10:09,5.0,65006.28515625,5.9,6.5
2025-10-04T04:10:10,4.0,65006.28515625,5.8,6.5
2025-10-04T04:10:11,4.0,65006.28515625,5.9,6.5
2025-10-04T04:10:12,5.0,65006.28515625,5.9,6.5
2025-10-04T04:10:13,5.0,65006.28515625,5.8,6.5
2025-10-04T04:10:14,4.0,65006.28515625,5.9,6.5
2025-10-04T04:10:15,6.0,65006.28515625,6.0,6.5
2025-10-04T04:10:16,4.0,65006.28515625,5.9,6.5
2025-10-04T04:10:17,6.0,65006.28515625,5.9,6.5
2025-10-04T04:10:18,5.0,65006.28515625,5.9,6.5
2025-10-04T04:10:19,5.0,65006.28515625,5.9,6.5
2025-10-04T04:10:20,5.0,65006.28515625,5.9,6.5
2025-10-04T04:10:21,5.0,65006.28515625,5.9,6.5
2025-10-04T04:10:22,3.0,65006.28515625,5.9,6.5
2025-10-04T04:10:23,8.0,65006.28515625,5.9,6.5
2025-10-04T04:10:24,5.0,65006.28515625,5.9,6.5
2025-10-04T04:10:25,5.0,65006.28515625,5.9,6.5
2025-10-04T04:10:26,5.0,65006.28515625,5.9,6.5
2025-10-04T04:10:27,5.0,65006.28515625,5.9,6.5
2025-10-04T04:10:28,5.0,65006.28515625,5.9,6.5
2025-10-04T04:10:29,4.0,65006.28515625,5.8,6.5
2025-10-04T04:10:30,5.0,65006.28515625,5.9,6.5
2025-10-04T04:10:31,6.0,65006.28515625,5.9,6.5
2025-10-04T04:10:32,4.0,65006.28515625,5.8,6.5
2025-10-04T04:10:33,5.0,65006.28515625,5.9,6.5
2025-10-04T04:10:34,4.0,65006.28515625,5.9,6.5
2025-10-04T04:10:35,6.0,65006.28515625,5.9,6.5
2025-10-04T04:10:36,5.0,65006.28515625,5.9,6.5
2025-10-04T04:10:37,4.0,65006.28515625,5.9,6.5
2025-10-04T04:10:38,6.0,65006.28515625,5.9,6.5
2025-10-04T04:10:39,4.0,65006.28515625,5.9,6.5
2025-10-04T04:10:40,5.0,65006.28515625,6.0,6.5
2025-10-04T04:10:41,5.0,65006.28515625,5.9,6.5
2025-10-04T04:10:42,6.0,65006.28515625,5.8,6.5
2025-10-04T04:10:43,6.0,65006.28515625,5.9,6.5
2025-10-04T04:10:44,4.0,65006.28515625,5.8,6.5
2025-10-04T04:10:45,5.0,65006.28515625,5.8,6.5
2025-10-04T04:10:46,4.0,65006.28515625,5.9,6.5
2025-10-04T04:10:47,4.0,65006.28515625,5.9,6.5
2025-10-04T04:10:48,6.0,65006.28515625,5.9,6.5
2025-10-04T04:10:49,5.0,65006.28515625,5.9,6.5
2025-10-04T04:10:50,5.0,65006.28515625,5.9,6.5
2025-10-04T04:10:51,4.0,65006.28515625,5.8,6.5
2025-10-04T04:10:52,4.0,65006.28515625,5.9,6.5
2025-10-04T04:10:53,4.0,65006.28515625,5.9,6.5
2025-10-04T04:10:54,5.0,65006.28515625,5.9,6.5
2025-10-04T04:10:55,5.0,65006.28515625,5.8,6.5
2025-10-04T04:10:56,5.0,65006.28515625,5.9,6.5
2025-10-04T04:10:57,4.0,65006.28515625,5.8,6.5
2025-10-04T04:10:58,5.0,65006.28515625,5.9,6.5
2025-10-04T04:10:59,5.0,65006.28515625,5.9,6.5
2025-10-04T04:11:00,6.0,65006.28515625,5.9,6.5
2025-10-04T04:11:01,5.0,65006.28515625,5.8,6.5
2025-10-04T04:11:02,4.0,65006.28515625,5.9,6.5
2025-10-04T04:11:03,6.0,65006.28515625,5.9,6.5
2025-10-04T04:11:04,4.0,65006.28515625,5.8,6.5
2025-10-04T04:11:05,3.0,65006.28515625,5.9,6.5
2025-10-04T04:11:06,6.0,65006.28515625,5.9,6.5
2025-10-04T04:11:07,6.0,65006.28515625,5.9,6.5
2025-10-04T04:11:08,4.0,65006.28515625,5.9,6.5
2025-10-04T04:11:09,5.0,65006.28515625,5.9,6.5
2025-10-04T04:11:10,4.0,65006.28515625,5.8,6.5
2025-10-04T04:11:11,6.0,65006.28515625,5.9,6.5
2025-10-04T04:11:12,6.0,65006.28515625,5.9,6.5
2025-10-04T04:11:13,3.0,65006.28515625,5.8,6.5
2025-10-04T04:11:14,6.0,65006.28515625,5.9,6.5
2025-10-04T04:11:15,4.0,65006.28515625,5.9,6.5
2025-10-04T04:11:16,6.0,65006.28515625,5.9,6.5
2025-10-04T04:11:17,6.0,65006.28515625,5.9,6.5
2025-10-04T04:11:18,3.0,65006.28515625,5.9,6.5
2025-10-04T04:11:19,4.0,65006.28515625,5.9,6.5
2025-10-04T04:11:20,5.0,65006.28515625,5.8,6.5
2025-10-04T04:11:21,7.0,65006.28515625,5.9,6.5
2025-10-04T04:11:22,4.0,65006.28515625,5.9,6.5
2025-10-04T04:11:23,5.0,65006.28515625,5.8,6.5
2025-10-04T04:11:24,5.0,65006.28515625,5.9,6.5
2025-10-04T04:11:25,2.0,65006.28515625,5.9,6.5
2025-10-04T04:11:26,4.0,65006.28515625,5.8,6.5
2025-10-04T04:11:27,7.0,65006.28515625,5.9,6.5
2025-10-04T04:11:28,4.0,65006.28515625,5.9,6.5
2025-10-04T04:11:29,5.0,65006.28515625,6.0,6.5
2025-10-04T04:11:30,5.0,65006.28515625,6.0,6.5
2025-10-04T04:11:31,5.0,65006.28515625,6.2,6.5
2025-10-04T04:11:32,5.0,65006.28515625,6.5,6.5
2025-10-04T04:11:33,4.0,65006.28515625,6.5,6.5
2025-10-04T04:11:34,4.0,65006.28515625,6.5,6.5
2025-10-04T04:11:35,5.0,65006.28515625,6.5,6.5
2025-10-04T04:11:36,6.0,65006.28515625,6.4,6.5
2025-10-04T04:11:37,5.0,65006.28515625,5.9,6.5
2025-10-04T04:11:38,5.0,65006.28515625,5.9,6.5
2025-10-04T04:11:39,5.0,65006.28515625,5.8,6.5
2025-10-04T04:11:40,5.0,65006.28515625,5.9,6.5
2025-10-04T04:11:41,5.0,65006.28515625,5.9,6.5
2025-10-04T04:11:42,6.0,65006.28515625,6.3,6.5
2025-10-04T04:11:43,5.0,65006.28515625,6.0,6.5
2025-10-04T04:11:44,5.0,65006.28515625,5.9,6.5
2025-10-04T04:11:45,5.0,65006.28515625,5.9,6.5
2025-10-04T04:11:46,4.0,65006.28515625,5.8,6.5
2025-10-04T04:11:47,7.0,65006.28515625,5.9,6.5
2025-10-04T04:11:48,5.0,65006.28515625,5.9,6.5
2025-10-04T04:11:49,4.0,65006.28515625,5.8,6.5
2025-10-04T04:11:50,5.0,65006.28515625,5.9,6.5
2025-10-04T04:11:51,5.0,65006.28515625,5.9,6.5
2025-10-04T04:11:52,6.0,65006.28515625,5.8,6.5
2025-10-04T04:11:53,5.0,65006.28515625,5.9,6.5
2025-10-04T04:11:54,6.0,65006.28515625,6.0,6.5
2025-10-04T04:11:55,3.0,65006.28515625,5.8,6.5
2025-10-04T04:11:56,4.0,65006.28515625,5.9,6.5
2025-10-04T04:11:57,6.0,65006.28515625,5.9,6.5
2025-10-04T04:11:58,6.0,65006.28515625,5.9,6.5
2025-10-04T04:11:59,5.0,65006.28515625,5.9,6.5
2025-10-04T04:12:00,6.0,65006.28515625,5.9,6.5
2025-10-04T04:12:01,6.0,65006.28515625,5.9,6.5
2025-10-04T04:12:02,4.0,65006.28515625,5.9,6.5
2025-10-04T04:12:03,5.0,65006.28515625,5.9,6.5
2025-10-04T04:12:04,4.0,65006.28515625,5.9,6.5
2025-10-04T04:12:05,5.0,65006.28515625,5.9,6.5
2025-10-04T04:12:06,5.0,65006.28515625,5.9,6.5
2025-10-04T04:12:07,6.0,65006.28515625,5.9,6.5
2025-10-04T04:12:08,6.0,65006.28515625,5.9,6.5
2025-10-04T04:12:09,3.0,65006.28515625,5.9,6.5
2025-10-04T04:12:10,5.0,65006.28515625,5.9,6.5
2025-10-04T04:12:11,6.0,65006.28515625,5.8,6.5
2025-10-04T04:12:12,5.0,65006.28515625,5.9,6.5
2025-10-04T04:12:13,5.0,65006.28515625,5.9,6.5
2025-10-04T04:12:14,5.0,65006.28515625,5.8,6.5
2025-10-04T04:12:15,6.0,65006.28515625,5.9,6.5
2025-10-04T04:12:16,4.0,65006.28515625,5.9,6.5
2025-10-04T04:12:17,4.0,65006.28515625,5.8,6.5
2025-10-04T04:12:18,6.0,65006.28515625,5.9,6.5
2025-10-04T04:12:19,4.0,65006.28515625,5.9,6.5
2025-10-04T04:12:20,6.0,65006.28515625,5.9,6.5
2025-10-04T04:12:21,18.6,65006.28515625,6.0,6.5
2025-10-04T04:12:22,7.2,65006.28515625,5.9,6.5
2025-10-04T04:12:23,4.0,65006.28515625,5.9,6.5
2025-10-04T04:12:24,3.0,65006.28515625,5.8,6.5
2025-10-04T04:12:25,5.0,65006.28515625,5.9,6.5
2025-10-04T04:12:26,6.0,65006.28515625,5.9,6.5
2025-10-04T04:12:27,5.0,65006.28515625,5.9,6.5
2025-10-04T04:12:28,5.0,65006.28515625,5.9,6.5
2025-10-04T04:12:29,4.0,65006.28515625,5.8,6.5
2025-10-04T04:12:30,5.0,65006.28515625,5.8,6.5
2025-10-04T04:12:31,5.0,65006.28515625,5.9,6.5
2025-10-04T04:12:32,6.0,65006.28515625,5.9,6.5
2025-10-04T04:12:33,7.0,65006.28515625,5.9,6.5
2025-10-04T04:12:34,5.0,65006.28515625,5.9,6.5
2025-10-04T04:12:35,5.0,65006.28515625,5.9,6.5
2025-10-04T04:12:36,4.0,65006.28515625,5.8,6.5
2025-10-04T04:12:37,5.0,65006.28515625,5.9,6.5
2025-10-04T04:12:38,7.0,65006.28515625,6.0,6.5
2025-10-04T04:12:39,6.0,65006.28515625,5.9,6.5
2025-10-04T04:12:40,5.0,65006.28515625,5.9,6.5
2025-10-04T04:12:41,5.0,65006.28515625,5.9,6.5
2025-10-04T04:12:42,4.0,65006.28515625,5.9,6.5
2025-10-04T04:12:43,4.0,65006.28515625,5.9,6.5
2025-10-04T04:12:44,5.0,65006.28515625,5.9,6.5
2025-10-04T04:12:45,7.0,65006.28515625,5.9,6.5
2025-10-04T04:12:46,6.0,65006.28515625,5.9,6.5
2025-10-04T04:12:47,5.0,65006.28515625,5.9,6.5
2025-10-04T04:12:48,5.0,65006.28515625,5.9,6.5
2025-10-04T04:12:49,5.0,65006.28515625,5.8,6.5
2025-10-04T04:12:50,4.0,65006.28515625,5.9,6.5
2025-10-04T04:12:51,4.0,65006.28515625,5.9,6.5
2025-10-04T04:12:52,5.0,65006.28515625,5.8,6.5
2025-10-04T04:12:53,6.0,65006.28515625,5.9,6.5
2025-10-04T04:12:54,5.0,65006.28515625,5.9,6.5
2025-10-04T04:12:55,6.0,65006.28515625,5.8,6.5
2025-10-04T04:12:56,3.0,65006.28515625,5.8,6.5
2025-10-04T04:12:57,5.0,65006.28515625,5.9,6.5
2025-10-04T04:12:58,6.0,65006.28515625,5.9,6.5
2025-10-04T04:12:59,5.0,65006.28515625,5.9,6.5
2025-10-04T04:13:00,5.0,65006.28515625,5.9,6.5
2025-10-04T04:13:01,5.0,65006.28515625,5.9,6.5
2025-10-04T04:13:02,4.0,65006.28515625,5.8,6.5
2025-10-04T04:13:03,6.0,65006.28515625,5.9,6.5
2025-10-04T04:13:04,4.0,65006.28515625,5.9,6.5
2025-10-04T04:13:05,5.0,65006.28515625,5.8,6.5
2025-10-04T04:13:06,4.0,65006.28515625,5.9,6.5
2025-10-04T04:13:07,8.0,65006.28515625,6.0,6.5
2025-10-04T04:13:08,4.0,65006.28515625,5.9,6.5
2025-10-04T04:13:09,5.0,65006.28515625,5.9,6.5
2025-10-04T04:13:10,4.0,65006.28515625,5.9,6.5
2025-10-04T04:13:11,5.0,65006.28515625,5.8,6.5
2025-10-04T04:13:12,5.0,65006.28515625,5.9,6.5
2025-10-04T04:13:13,8.0,65006.28515625,6.0,6.5
2025-10-04T04:13:14,4.0,65006.28515625,5.9,6.5
2025-10-04T04:13:15,5.0,65006.28515625,5.9,6.5
2025-10-04T04:13:16,5.0,65006.28515625,6.0,6.5
2025-10-04T04:13:17,5.0,65006.28515625,5.9,6.5
2025-10-04T04:13:18,4.0,65006.28515625,5.9,6.5
2025-10-04T04:13:19,6.0,65006.28515625,5.9,6.5
2025-10-04T04:13:20,6.0,65006.28515625,5.9,6.5
2025-10-04T04:13:21,3.0,65006.28515625,5.8,6.5
2025-10-04T04:13:22,4.0,65006.28515625,5.9,6.5
2025-10-04T04:13:23,5.0,65006.28515625,5.9,6.5
2025-10-04T04:13:24,4.0,65006.28515625,5.8,6.5
2025-10-04T04:13:25,3.0,65006.28515625,5.9,6.5
2025-10-04T04:13:26,7.0,65006.28515625,6.0,6.5
2025-10-04T04:13:27,4.0,65006.28515625,5.8,6.5
2025-10-04T04:13:28,6.0,65006.28515625,6.0,6.5
2025-10-04T04:13:29,5.0,65006.28515625,5.9,6.5
2025-10-04T04:13:30,4.0,65006.28515625,5.8,6.5
2025-10-04T04:13:31,5.0,65006.28515625,5.9,6.5
2025-10-04T04:13:32,6.0,65006.28515625,5.9,6.5
2025-10-04T04:13:33,4.0,65006.28515625,5.8,6.5
2025-10-04T04:13:34,6.0,65006.28515625,5.9,6.5
2025-10-04T04:13:35,6.0,65006.28515625,5.9,6.5
2025-10-04T04:13:36,4.0,65006.28515625,5.8,6.5
2025-10-04T04:13:37,4.0,65006.28515625,5.8,6.5
2025-10-04T04:13:38,5.0,65006.28515625,5.9,6.5
2025-10-04T04:13:39,6.0,65006.28515625,5.9,6.5
2025-10-04T04:13:40,5.0,65006.28515625,5.9,6.5
2025-10-04T04:13:41,5.0,65006.28515625,5.9,6.5
2025-10-04T04:13:42,6.0,65006.28515625,5.9,6.5
2025-10-04T04:13:43,4.0,65006.28515625,5.8,6.5
2025-10-04T04:13:44,5.0,65006.28515625,5.9,6.5
2025-10-04T04:13:45,5.0,65006.28515625,5.9,6.5
2025-10-04T04:13:46,6.0,65006.28515625,5.8,6.5
2025-10-04T04:13:47,5.0,65006.28515625,5.9,6.5
2025-10-04T04:13:48,5.0,65006.28515625,5.9,6.5
2025-10-04T04:13:49,6.0,65006.28515625,5.8,6.5
2025-10-04T04:13:50,5.0,65006.28515625,5.9,6.5
2025-10-04T04:13:51,4.0,65006.28515625,5.9,6.5
2025-10-04T04:13:52,5.0,65006.28515625,5.9,6.5
2025-10-04T04:13:53,6.0,65006.28515625,5.9,6.5
2025-10-04T04:13:54,4.0,65006.28515625,5.9,6.5
2025-10-04T04:13:55,5.0,65006.28515625,5.9,6.5
2025-10-04T04:13:56,4.0,65006.28515625,5.9,6.5
2025-10-04T04:13:57,5.0,65006.28515625,5.9,6.5
2025-10-04T04:13:58,5.0,65006.28515625,5.9,6.5
2025-10-04T04:13:59,4.0,65006.28515625,5.8,6.5
2025-10-04T04:14:00,6.0,65006.28515625,5.9,6.5
2025-10-04T04:14:01,5.0,65006.28515625,5.9,6.5
2025-10-04T04:14:02,5.0,65006.28515625,5.8,6.5
2025-10-04T04:14:03,4.0,65006.28515625,5.9,6.5
2025-10-04T04:14:04,4.0,65006.28515625,5.9,6.5
2025-10-04T04:14:05,6.0,65006.28515625,5.8,6.5
2025-10-04T04:14:06,6.0,65006.28515625,5.9,6.5
2025-10-04T04:14:07,3.0,65006.28515625,5.8,6.5
2025-10-04T04:14:08,6.0,65006.28515625,5.9,6.5
2025-10-04T04:14:09,6.0,65006.28515625,5.9,6.5
2025-10-04T04:14:10,5.0,65006.28515625,5.9,6.5
2025-10-04T04:14:11,4.0,65006.28515625,5.8,6.5
2025-10-04T04:14:12,5.0,65006.28515625,5.9,6.5
2025-10-04T04:14:13,2.0,65006.28515625,5.9,6.5
2025-10-04T04:14:14,2.0,65006.28515625,5.9,6.5
2025-10-04T04:14:15,3.0,65006.28515625,5.9,6.5
2025-10-04T04:14:16,2.0,65006.28515625,5.9,6.5
2025-10-04T04:14:17,2.0,65006.28515625,5.8,6.5
2025-10-04T04:14:18,2.0,65006.28515625,5.8,6.5
2025-10-04T04:14:19,2.0,65006.28515625,5.9,6.5
2025-10-04T04:14:20,4.0,65006.28515625,5.8,6.5
2025-10-04T04:14:21,5.0,65006.28515625,5.7,6.5
2025-10-04T04:14:22,4.0,65006.28515625,5.8,6.5
2025-10-04T04:14:23,66.4,65024.1015625,5.8,6.5
2025-10-04T04:14:24,98.9,65024.1015625,5.7,6.5
2025-10-04T04:14:25,100.4,65024.1015625,5.7,6.5
2025-10-04T04:14:26,99.6,65024.1015625,5.7,6.5
2025-10-04T04:14:27,99.5,65024.1015625,5.7,6.5
2025-10-04T04:14:28,99.5,65024.1015625,5.7,6.5
2025-10-04T04:14:29,100.4,65024.1015625,5.7,6.5
2025-10-04T04:14:30,98.7,65047.8515625,5.7,6.5
2025-10-04T04:14:31,101.0,65116.6015625,5.7,6.5
2025-10-04T04:14:32,99.3,65155.3515625,5.7,6.5
2025-10-04T04:14:33,99.8,65226.6015625,5.7,6.5
2025-10-04T04:14:34,99.1,65299.1015625,5.7,6.5
2025-10-04T04:14:35,99.8,65341.6015625,5.7,6.5
2025-10-04T04:14:36,99.9,65400.3515625,5.8,6.5
2025-10-04T04:14:37,100.3,65471.6015625,5.7,6.5
2025-10-04T04:14:38,99.0,65542.8515625,5.7,6.5
2025-10-04T04:14:39,99.5,65575.3515625,5.7,6.5
2025-10-04T04:14:40,99.4,65622.8515625,5.8,6.5
2025-10-04T04:14:41,100.2,65692.8515625,5.7,6.5
2025-10-04T04:14:46,144.7,65744.3671875,5.7,6.5
2025-10-04T04:14:47,81.0,65761.30859375,5.7,6.5
2025-10-04T04:14:50,128.8,65737.6796875,5.7,6.5
2025-10-04T04:14:50,94.9,65752.54296875,5.7,6.5
2025-10-04T04:14:50,90.4,65750.92578125,5.8,6.5
2025-10-04T04:14:53,133.4,65750.92578125,5.7,7.0
2025-10-04T04:14:54,95.1,73598.97265625,5.7,7.0
2025-10-04T04:14:54,87.8,73798.98046875,5.7,7.0
2025-10-04T04:14:54,71.7,73860.99609375,5.7,7.0
2025-10-04T04:14:54,100.2,73949.0078125,5.9,7.0
2025-10-04T04:14:54,114.6,74131.12109375,5.7,7.0
2025-10-04T04:14:54,93.6,74349.1484375,5.9,7.0
2025-10-04T04:14:55,251.4,74899.05859375,5.7,7.1
2025-10-04T04:14:57,110.4,79663.171875,5.7,7.5
2025-10-04T04:14:57,93.7,82838.66796875,5.7,7.5
2025-10-04T04:14:57,95.0,83372.75,5.8,7.5
2025-10-04T04:15:00,110.4,87874.921875,5.7,8.1
2025-10-04T04:15:01,109.7,99220.42578125,5.7,8.4
2025-10-04T04:15:02,62.3,99490.453125,5.8,8.4
2025-10-04T04:15:02,110.1,99640.50390625,5.7,8.4
2025-10-04T04:15:02,89.2,100042.58984375,5.7,7.4
2025-10-04T04:15:03,98.6,80372.94921875,5.7,7.4
2025-10-04T04:15:04,100.0,80372.94921875,5.7,7.4
2025-10-04T04:15:05,100.0,59070.4921875,5.7,6.2
2025-10-04T04:15:06,99.7,59070.4921875,5.7,6.2
2025-10-04T04:15:07,99.1,59068.97265625,5.7,6.2
2025-10-04T04:15:08,98.8,59068.97265625,5.7,6.2
2025-10-04T04:15:09,99.8,59068.97265625,5.7,6.2
2025-10-04T04:15:10,99.1,59068.97265625,5.7,6.2
2025-10-04T04:15:11,100.1,59068.97265625,5.7,6.2
2025-10-04T04:15:12,99.8,59082.72265625,5.7,6.2
2025-10-04T04:15:13,99.4,59121.47265625,5.7,6.2
2025-10-04T04:15:14,100.1,59192.72265625,5.7,6.3
2025-10-04T04:15:15,99.9,59262.72265625,5.7,6.3
2025-10-04T04:15:16,99.9,59295.22265625,5.7,6.3
2025-10-04T04:15:17,99.2,59362.72265625,5.7,6.3
2025-10-04T04:15:18,99.5,59431.47265625,5.7,6.3
2025-10-04T04:15:20,99.9,59496.47265625,5.7,6.3
2025-10-04T04:15:20,98.3,59520.22265625,5.8,6.3
2025-10-04T04:15:21,100.0,59587.72265625,5.7,6.3
2025-10-04T04:15:22,98.8,59652.72265625,5.7,6.3
2025-10-04T04:15:28,100.9,59711.70703125,5.7,6.3
2025-10-04T04:15:28,101.4,59812.85546875,5.7,6.3
2025-10-04T04:15:29,73.8,59835.8828125,2.5,6.3
2025-10-04T04:15:32,494.7,61960.5703125,5.7,6.3
2025-10-04T04:15:32,13.9,61964.96484375,5.7,6.3
2025-10-04T04:15:33,74.4,61964.16796875,5.7,6.3
2025-10-04T04:15:33,101.1,61964.16796875,5.7,6.3
2025-10-04T04:15:36,178.5,67681.8515625,5.7,6.8
2025-10-04T04:15:36,72.7,69882.3359375,5.9,6.8
2025-10-04T04:15:36,86.9,70040.359375,5.5,6.8
2025-10-04T04:15:36,174.9,70160.37109375,5.6,6.8
2025-10-04T04:15:36,83.2,70282.390625,5.6,6.8
2025-10-04T04:15:36,144.3,70538.40234375,5.7,6.8
2025-10-04T04:15:36,48.7,70560.4140625,5.9,6.8
2025-10-04T04:15:39,119.4,74346.52734375,5.7,7.3
2025-10-04T04:15:39,91.7,79001.5859375,5.8,7.3
2025-10-04T04:15:39,113.1,79483.64453125,5.7,7.3
2025-10-04T04:15:43,106.6,84128.9296875,5.7,8.1
2025-10-04T04:15:43,96.7,95472.9609375,5.7,8.2
2025-10-04T04:15:44,78.6,95618.984375,5.7,8.2
2025-10-04T04:15:44,107.3,95807.01953125,5.8,8.2
2025-10-04T04:15:44,114.2,96273.09375,5.7,8.2
2025-10-04T04:15:45,92.9,76647.59375,5.7,7.2
2025-10-04T04:15:46,100.0,76647.59375,5.8,7.2
2025-10-04T04:15:47,100.5,61351.5234375,5.7,6.4
2025-10-04T04:15:48,99.0,61337.71875,5.7,6.4
2025-10-04T04:15:49,100.7,61337.71875,5.7,6.4
2025-10-04T04:15:50,98.3,61337.71875,5.7,6.4
2025-10-04T04:15:51,101.0,61337.71875,5.7,6.4
2025-10-04T04:15:52,99.0,61337.71875,5.7,6.4
2025-10-04T04:15:53,99.0,61337.71875,5.7,6.4
2025-10-04T04:15:54,100.0,61337.71875,5.7,6.4
2025-10-04T04:15:55,100.0,61337.71875,5.7,6.4
2025-10-04T04:15:56,102.8,61337.71875,5.7,6.4
2025-10-04T04:15:57,96.8,61323.29296875,5.7,6.4
2025-10-04T04:15:58,99.3,61323.29296875,5.8,6.4
2025-10-04T04:15:59,99.0,61323.29296875,5.7,6.4
2025-10-04T04:16:00,101.0,61323.29296875,5.7,6.4
2025-10-04T04:16:01,99.0,61323.29296875,5.7,6.4
2025-10-04T04:16:02,98.5,61323.29296875,5.7,6.4
2025-10-04T04:16:03,101.5,61323.29296875,5.7,6.4
2025-10-04T04:16:04,99.0,61323.29296875,5.7,6.4
2025-10-04T04:16:05,100.0,61323.29296875,5.7,6.4
2025-10-04T04:16:06,99.3,61308.1875,5.7,6.4
2025-10-04T04:16:07,99.1,61308.1875,5.7,6.4
2025-10-04T04:16:08,100.6,61308.1875,5.8,6.4
2025-10-04T04:16:09,99.0,61308.1875,5.7,6.4
2025-10-04T04:16:10,100.0,61308.1875,5.7,6.4
2025-10-04T04:16:11,100.0,61308.1875,5.7,6.4
2025-10-04T04:16:12,100.0,61308.1875,5.7,6.4
2025-10-04T04:16:13,97.5,61308.1875,5.8,6.4
2025-10-04T04:16:14,140.5,61293.68359375,5.7,6.4
2025-10-04T04:16:15,57.0,61293.68359375,5.7,6.3
2025-10-04T04:16:16,100.3,61293.68359375,5.7,6.3
2025-10-04T04:16:17,100.3,61209.54296875,5.7,6.3
2025-10-04T04:16:19,149.0,61081.55859375,5.7,6.3
2025-10-04T04:16:19,53.7,61081.55859375,5.7,6.3
2025-10-04T04:16:20,106.2,61081.55859375,5.7,6.3
2025-10-04T04:16:22,95.7,61219.05859375,5.7,6.3
2025-10-04T04:16:22,98.0,61219.05859375,5.7,6.3
2025-10-04T04:16:24,100.3,61327.80859375,5.7,6.3
2025-10-04T04:16:24,100.1,61279.80859375,5.7,6.3
2025-10-04T04:16:25,100.7,61279.80859375,5.7,6.3
2025-10-04T04:16:26,103.4,60955.10546875,5.8,6.3
2025-10-04T04:16:27,94.1,60977.60546875,5.8,6.3
2025-10-04T04:16:28,99.1,60890.87109375,5.7,6.3
2025-10-04T04:16:29,99.9,60910.87109375,5.7,6.3
2025-10-04T04:16:30,100.6,61007.12109375,5.8,6.3
2025-10-04T04:16:31,91.4,60943.12109375,5.6,6.3
2025-10-04T04:16:32,95.4,61060.62109375,5.7,6.3
2025-10-04T04:16:33,100.6,61194.37109375,5.8,6.3
2025-10-04T04:16:34,98.5,61194.37109375,5.7,6.3
2025-10-04T04:16:35,100.6,61194.37109375,5.7,6.3
2025-10-04T04:16:36,99.3,61194.37109375,5.8,6.3
2025-10-04T04:16:38,147.6,61194.37109375,5.8,6.3
2025-10-04T04:16:38,52.8,60995.4609375,5.7,6.3
2025-10-04T04:16:39,99.5,60995.4609375,5.8,6.3
2025-10-04T04:16:40,103.8,61014.2109375,5.7,6.3
2025-10-04T04:16:41,91.4,61014.2109375,5.7,6.3
2025-10-04T04:16:42,73.6,61109.2109375,5.6,6.3
2025-10-04T04:16:44,100.1,61110.9765625,5.7,6.3
2025-10-04T04:16:44,99.3,61110.9765625,5.7,6.3
2025-10-04T04:16:45,100.2,61223.4765625,5.8,6.3
2025-10-04T04:16:46,81.5,61223.4765625,5.7,6.3
2025-10-04T04:16:47,65.0,61131.1796875,5.5,6.3
2025-10-04T04:16:49,101.5,61085.8359375,5.7,6.3
2025-10-04T04:16:49,95.9,61085.8359375,5.7,6.3
2025-10-04T04:16:50,5.0,61085.8359375,5.1,6.3
2025-10-04T04:16:51,1.0,61085.8359375,5.1,6.3
2025-10-04T04:16:52,2.0,61085.8359375,5.2,6.3
2025-10-04T04:16:53,2.0,61085.8359375,5.1,6.3
2025-10-04T04:16:54,1.0,61085.8359375,5.1,6.3
2025-10-04T04:16:55,2.0,61085.8359375,5.1,6.3
2025-10-04T04:16:56,1.0,61085.8359375,5.1,6.3
2025-10-04T04:16:57,1.0,61085.8359375,5.1,6.3
2025-10-04T04:16:58,2.0,61085.8359375,5.1,6.3
2025-10-04T04:16:59,1.0,61085.8359375,5.2,6.3
2025-10-04T04:17:00,28.0,61086.1015625,5.9,6.3
2025-10-04T04:17:01,0.0,61086.1015625,6.2,6.3
2025-10-04T04:17:02,0.0,61086.1015625,5.8,6.3
2025-10-04T04:17:03,0.0,61086.1015625,5.7,6.3
2025-10-04T04:17:04,0.0,61086.1015625,5.7,6.3
2025-10-04T04:17:05,0.0,61086.1015625,5.8,6.3
2025-10-04T04:17:06,0.0,61086.1015625,5.7,6.3
2025-10-04T04:17:07,0.0,61086.1015625,5.7,6.3
2025-10-04T04:17:08,0.0,61086.1015625,5.8,6.3
2025-10-04T04:17:09,1.0,61086.1015625,5.7,6.3
2025-10-04T04:17:10,0.0,61086.1015625,5.7,6.3
2025-10-04T04:17:11,0.0,61086.1015625,5.9,6.3
2025-10-04T04:17:12,1.0,61086.1015625,5.8,6.3
2025-10-04T04:17:13,0.0,61086.1015625,5.7,6.3
2025-10-04T04:17:14,0.0,61086.1015625,5.7,6.3
2025-10-04T04:17:15,0.0,61086.1015625,5.8,6.3
2025-10-04T04:17:16,0.0,61086.1015625,5.7,6.3
2025-10-04T04:17:17,0.0,61086.1015625,5.8,6.3
2025-10-04T04:17:18,0.0,61086.1015625,5.8,6.3
2025-10-04T04:17:19,0.0,61086.1015625,5.7,6.3
2025-10-04T04:17:20,0.0,61086.1015625,5.8,6.3
2025-10-04T04:17:21,0.0,61086.1015625,5.8,6.3
2025-10-04T04:17:22,0.0,61086.1015625,5.7,6.3
2025-10-04T04:17:23,0.0,61086.1015625,5.7,6.3
2025-10-04T04:17:24,0.0,61086.1015625,5.8,6.3
2025-10-04T04:17:25,0.0,61086.1015625,5.7,6.3
2025-10-04T04:17:26,1.0,61086.1015625,5.8,6.3
2025-10-04T04:17:27,0.0,61086.1015625,5.8,6.3
2025-10-04T04:17:28,0.0,61086.1015625,5.8,6.3
2025-10-04T04:17:29,0.0,61086.1015625,5.7,6.3
2025-10-04T04:17:30,0.0,61086.1015625,5.8,6.3
2025-10-04T04:17:31,0.0,61086.1015625,5.7,6.3
2025-10-04T04:17:32,0.0,61086.1015625,5.8,6.3
2025-10-04T04:17:33,0.0,61086.1015625,5.8,6.3
2025-10-04T04:17:34,0.0,61086.1015625,5.8,6.3
2025-10-04T04:17:35,0.0,61086.1015625,5.7,6.3
2025-10-04T04:17:36,0.0,61086.1015625,5.8,6.3
2025-10-04T04:17:37,0.0,61086.1015625,5.8,6.3
2025-10-04T04:17:38,0.0,61086.1015625,5.7,6.3
2025-10-04T04:17:39,0.0,61086.1015625,5.8,6.3
2025-10-04T04:17:40,0.0,61086.1015625,5.8,6.3
2025-10-04T04:17:41,0.0,61086.1015625,5.7,6.3
2025-10-04T04:17:42,1.0,61086.1015625,5.8,6.3
2025-10-04T04:17:43,0.0,61086.1015625,5.8,6.3
2025-10-04T04:17:44,0.0,61086.1015625,5.7,6.3
2025-10-04T04:17:45,0.0,61086.1015625,5.8,6.3
2025-10-04T04:17:46,0.0,61086.1015625,5.8,6.3
2025-10-04T04:17:47,0.0,61086.1015625,5.7,6.3
2025-10-04T04:17:48,1.0,61086.1015625,5.8,6.3
2025-10-04T04:17:49,0.0,61086.1015625,5.8,6.3
2025-10-04T04:17:50,1.0,61086.1015625,5.7,6.3
2025-10-04T04:17:51,2.0,61086.1015625,5.8,6.3
2025-10-04T04:17:52,1.0,61086.1015625,5.8,6.3
2025-10-04T04:17:53,3.0,61086.1015625,5.7,6.3
2025-10-04T04:17:54,1.0,61086.1015625,5.8,6.3
2025-10-04T04:17:55,3.0,61086.1015625,5.8,6.3
2025-10-04T04:17:56,0.0,61086.1015625,5.7,6.3
2025-10-04T04:17:57,1.0,61086.1015625,5.8,6.3
2025-10-04T04:17:58,2.0,61086.1015625,5.8,6.3
2025-10-04T04:17:59,1.0,61086.1015625,5.7,6.3
2025-10-04T04:18:00,0.0,61086.1015625,5.8,6.3
2025-10-04T04:18:01,1.0,61086.1015625,5.8,6.3
2025-10-04T04:18:02,0.0,61086.1015625,5.7,6.3
2025-10-04T04:18:03,2.0,61086.1015625,5.7,6.3
2025-10-04T04:18:04,0.0,61086.1015625,5.8,6.3
2025-10-04T04:18:05,1.0,61086.1015625,5.7,6.3
2025-10-04T04:18:06,0.0,61086.1015625,5.7,6.3
2025-10-04T04:18:07,0.0,61086.1015625,5.8,6.3
2025-10-04T04:18:08,0.0,61086.1015625,5.8,6.3
2025-10-04T04:18:09,0.0,61086.1015625,5.7,6.3
2025-10-04T04:18:10,0.0,61086.1015625,5.8,6.3
2025-10-04T04:18:11,0.0,61086.1015625,5.8,6.3
2025-10-04T04:18:12,0.0,61086.1015625,5.7,6.3
2025-10-04T04:18:13,0.0,61086.1015625,5.8,6.3
2025-10-04T04:18:14,0.0,61086.1015625,5.8,6.3
2025-10-04T04:18:15,0.0,61086.1015625,5.7,6.3
2025-10-04T04:18:16,0.0,61086.1015625,5.8,6.3
2025-10-04T04:18:17,0.0,61086.1015625,5.8,6.3
2025-10-04T04:18:18,0.0,61086.1015625,5.7,6.3
2025-10-04T04:18:19,0.0,61086.1015625,5.7,6.3
2025-10-04T04:18:20,22.6,61108.62890625,5.8,6.3
2025-10-04T04:18:21,99.5,61075.9296875,5.7,6.3
2025-10-04T04:18:22,18.4,61071.9296875,6.2,6.3
2025-10-04T04:18:23,0.0,61071.9296875,5.8,6.3
2025-10-04T04:18:24,0.0,61071.9296875,5.8,6.3
2025-10-04T04:18:25,0.0,61071.9296875,5.7,6.3
2025-10-04T04:18:26,2.0,61071.9296875,5.9,6.3
2025-10-04T04:18:27,7.0,61071.9296875,5.9,6.3
2025-10-04T04:18:28,14.0,61071.9296875,6.0,6.3
2025-10-04T04:18:29,7.0,61071.9296875,5.9,6.3
2025-10-04T04:18:30,1.0,61071.9296875,5.8,6.3
2025-10-04T04:18:31,1.0,61071.9296875,5.7,6.3
2025-10-04T04:18:32,4.0,61071.9296875,5.9,6.3
2025-10-04T04:18:33,7.0,61071.9296875,6.0,6.3
2025-10-04T04:18:34,10.0,61071.9296875,5.9,6.3
2025-10-04T04:18:35,8.0,61071.9296875,5.9,6.3
2025-10-04T04:18:36,3.0,61071.9296875,5.8,6.3
2025-10-04T04:18:37,1.0,61071.9296875,5.8,6.3
2025-10-04T04:18:38,7.0,61071.9296875,5.9,6.3
2025-10-04T04:18:39,7.0,61071.9296875,5.9,6.3
2025-10-04T04:18:40,7.0,61071.9296875,5.9,6.3
2025-10-04T04:18:41,6.0,61071.9296875,5.9,6.3
2025-10-04T04:18:42,5.0,61071.9296875,5.9,6.3
2025-10-04T04:18:43,2.0,61071.9296875,5.8,6.3
2025-10-04T04:18:44,6.0,61071.9296875,5.9,6.3
2025-10-04T04:18:45,7.0,61071.9296875,6.0,6.3
2025-10-04T04:18:46,9.0,61071.9296875,5.9,6.3
2025-10-04T04:18:47,6.0,61071.9296875,5.9,6.3
2025-10-04T04:18:48,3.0,61071.9296875,5.9,6.3
2025-10-04T04:18:49,4.0,61071.9296875,5.8,6.3
2025-10-04T04:18:50,5.0,61071.9296875,5.8,6.3
2025-10-04T04:18:51,8.0,61071.9296875,6.0,6.3
2025-10-04T04:18:52,6.0,61071.9296875,5.9,6.3
2025-10-04T04:18:53,7.0,61071.9296875,5.9,6.3
2025-10-04T04:18:54,3.0,61071.9296875,5.8,6.3
2025-10-04T04:18:55,5.0,61071.9296875,5.9,6.3
2025-10-04T04:18:56,5.0,61071.9296875,5.8,6.3
2025-10-04T04:18:57,6.0,61071.9296875,5.9,6.3
2025-10-04T04:18:58,6.0,61071.9296875,5.9,6.3
2025-10-04T04:18:59,7.0,61071.9296875,5.9,6.3
2025-10-04T04:19:00,4.0,61071.9296875,5.8,6.3
2025-10-04T04:19:01,5.0,61071.9296875,5.9,6.3
2025-10-04T04:19:02,6.0,61071.9296875,5.9,6.3
2025-10-04T04:19:03,6.0,61071.9296875,5.9,6.3
2025-10-04T04:19:04,4.0,61071.9296875,5.9,6.3
2025-10-04T04:19:05,5.0,61071.9296875,5.9,6.3
2025-10-04T04:19:06,7.0,61071.9296875,5.9,6.3
2025-10-04T04:19:07,6.0,61071.9296875,5.9,6.3
2025-10-04T04:19:08,5.0,61071.9296875,5.9,6.3
2025-10-04T04:19:09,3.0,61071.9296875,5.8,6.3
2025-10-04T04:19:10,5.0,61071.9296875,5.9,6.3
2025-10-04T04:19:11,7.0,61071.9296875,5.9,6.3
2025-10-04T04:19:12,7.0,61071.9296875,5.9,6.3
2025-10-04T04:19:13,6.0,61071.9296875,5.9,6.3
2025-10-04T04:19:14,4.0,61071.9296875,5.9,6.3
2025-10-04T04:19:15,5.0,61071.9296875,5.8,6.3
2025-10-04T04:19:16,5.0,61071.9296875,5.9,6.3
2025-10-04T04:19:17,6.0,61071.9296875,5.9,6.3
2025-10-04T04:19:18,5.0,61071.9296875,5.8,6.3
2025-10-04T04:19:19,6.0,61071.9296875,5.9,6.3
2025-10-04T04:19:20,5.0,61071.9296875,5.9,6.3
2025-10-04T04:19:21,6.0,61071.9296875,5.9,6.3
2025-10-04T04:19:22,4.0,61071.9296875,5.8,6.3
2025-10-04T04:19:23,3.0,61071.9296875,5.9,6.3
2025-10-04T04:19:24,6.0,61071.9296875,5.9,6.3
2025-10-04T04:19:25,6.0,61071.9296875,5.9,6.3
2025-10-04T04:19:26,7.0,61071.9296875,5.9,6.3
2025-10-04T04:19:27,7.0,61071.9296875,5.9,6.3
2025-10-04T04:19:28,5.0,61071.9296875,5.8,6.3
2025-10-04T04:19:29,2.0,61071.9296875,5.8,6.3
2025-10-04T04:19:30,5.0,61071.9296875,5.9,6.3
2025-10-04T04:19:31,6.0,61071.9296875,5.9,6.3
2025-10-04T04:19:32,6.0,61071.9296875,5.9,6.3
2025-10-04T04:19:33,7.0,61071.9296875,5.9,6.3
2025-10-04T04:19:34,4.0,61071.9296875,5.8,6.3
2025-10-04T04:19:35,4.0,61071.9296875,5.9,6.3
2025-10-04T04:19:36,4.0,61071.9296875,5.9,6.3
2025-10-04T04:19:37,6.0,61071.9296875,5.8,6.3
2025-10-04T04:19:38,2.0,61071.9296875,5.9,6.3
2025-10-04T04:19:39,4.0,61071.9296875,5.9,6.3
2025-10-04T04:19:40,2.0,61071.9296875,5.8,6.3
2025-10-04T04:19:41,2.0,61071.9296875,5.8,6.3
2025-10-04T04:19:42,2.0,61071.9296875,5.9,6.3
2025-10-04T04:19:43,2.0,61071.9296875,5.8,6.3
2025-10-04T04:19:44,3.0,61071.9296875,5.8,6.3
2025-10-04T04:19:45,2.0,61071.9296875,5.8,6.3
2025-10-04T04:19:46,3.0,61071.9296875,5.8,6.3
2025-10-04T04:19:47,3.0,61071.9296875,5.8,6.3
2025-10-04T04:19:48,2.0,61071.9296875,5.8,6.3
2025-10-04T04:19:49,68.3,61116.17578125,5.8,6.3
2025-10-04T04:19:50,100.1,61174.58203125,5.7,6.3
2025-10-04T04:19:51,104.0,61128.12890625,5.7,6.3
2025-10-04T04:19:52,94.9,61128.12890625,5.7,6.3
2025-10-04T04:19:53,100.4,61128.12890625,5.7,6.3
2025-10-04T04:19:54,42.9,61128.12890625,5.4,6.3
2025-10-04T04:19:55,30.0,61132.1796875,5.6,6.3
2025-10-04T04:19:56,0.0,61132.1796875,6.2,6.3
2025-10-04T04:19:57,0.0,61132.1796875,5.8,6.3
2025-10-04T04:19:58,0.0,61132.1796875,5.8,6.3
2025-10-04T04:19:59,0.0,61132.1796875,5.7,6.3
2025-10-04T04:20:00,1.0,61132.1796875,5.7,6.3
2025-10-04T04:20:01,0.0,61132.1796875,5.8,6.3
2025-10-04T04:20:02,0.0,61132.1796875,5.7,6.3
2025-10-04T04:20:03,0.0,61132.1796875,5.7,6.3
2025-10-04T04:20:04,0.0,61132.1796875,5.8,6.3
2025-10-04T04:20:05,0.0,61132.1796875,5.7,6.3
2025-10-04T04:20:06,0.0,61132.1796875,5.7,6.3
2025-10-04T04:20:07,0.0,61132.1796875,5.8,6.3
2025-10-04T04:20:08,1.0,61132.1796875,5.8,6.3
2025-10-04T04:20:09,0.0,61132.1796875,5.7,6.3
2025-10-04T04:20:10,0.0,61132.1796875,5.8,6.3
2025-10-04T04:20:11,0.0,61132.1796875,5.8,6.3
2025-10-04T04:20:12,0.0,61132.1796875,5.7,6.3
2025-10-04T04:20:13,0.0,61132.1796875,5.8,6.3
2025-10-04T04:20:14,0.0,61132.1796875,5.7,6.3
2025-10-04T04:20:15,0.0,61132.1796875,5.7,6.3
2025-10-04T04:20:16,0.0,61132.1796875,5.8,6.3
2025-10-04T04:20:17,0.0,61132.1796875,5.8,6.3
2025-10-04T04:20:18,0.0,61132.1796875,5.7,6.3
2025-10-04T04:20:19,0.0,61132.1796875,5.7,6.3
2025-10-04T04:20:20,0.0,61132.1796875,5.8,6.3
2025-10-04T04:20:21,0.0,61132.1796875,5.7,6.3
2025-10-04T04:20:22,0.0,61132.1796875,5.8,6.3
2025-10-04T04:20:23,0.0,61132.1796875,5.8,6.3
2025-10-04T04:20:24,1.0,61132.1796875,5.7,6.3
2025-10-04T04:20:25,0.0,61132.1796875,5.8,6.3
2025-10-04T04:20:26,1.0,61132.1796875,5.8,6.3
2025-10-04T04:20:27,9.0,61132.1796875,5.8,6.3
2025-10-04T04:20:28,82.7,61083.953125,6.1,6.3
2025-10-04T04:20:29,5.0,61083.953125,6.5,6.3
2025-10-04T04:20:30,0.0,61083.953125,5.7,6.3
2025-10-04T04:20:31,0.0,61083.953125,5.8,6.3
2025-10-04T04:20:32,0.0,61083.953125,5.8,6.3
2025-10-04T04:20:33,0.0,61083.953125,5.7,6.3
2025-10-04T04:20:34,0.0,61083.953125,5.7,6.3
2025-10-04T04:20:35,0.0,61083.953125,5.8,6.3
2025-10-04T04:20:36,0.0,61083.953125,5.8,6.3
2025-10-04T04:20:37,0.0,61083.953125,5.7,6.3
2025-10-04T04:20:38,0.0,61083.953125,5.8,6.3
2025-10-04T04:20:39,1.0,61083.953125,5.8,6.3
2025-10-04T04:20:40,0.0,61083.953125,5.7,6.3
2025-10-04T04:20:41,1.0,61083.953125,5.8,6.3
2025-10-04T04:20:42,1.0,61083.953125,5.9,6.3
2025-10-04T04:20:43,2.0,61083.953125,5.8,6.3
2025-10-04T04:20:44,2.0,61083.953125,5.8,6.3
2025-10-04T04:20:45,4.0,61083.953125,5.9,6.3
2025-10-04T04:20:46,4.0,61083.953125,5.9,6.3
2025-10-04T04:20:47,2.0,61083.953125,5.8,6.3
2025-10-04T04:20:48,4.0,61083.953125,5.9,6.3
2025-10-04T04:20:49,1.0,61083.953125,5.8,6.3
2025-10-04T04:20:50,5.0,61083.953125,5.9,6.3
2025-10-04T04:20:51,1.0,61083.953125,5.8,6.3
2025-10-04T04:20:52,4.0,61083.953125,5.8,6.3
2025-10-04T04:20:53,3.0,61083.953125,5.9,6.3
2025-10-04T04:20:54,2.0,61083.953125,5.9,6.3
2025-10-04T04:20:55,1.0,61083.953125,5.8,6.3
2025-10-04T04:20:56,2.0,61083.953125,5.8,6.3
2025-10-04T04:20:57,1.0,61083.953125,5.8,6.3
2025-10-04T04:20:58,1.0,61083.953125,5.8,6.3
2025-10-04T04:20:59,1.0,61083.953125,5.8,6.3
2025-10-04T04:21:00,1.0,61083.953125,5.9,6.3
2025-10-04T04:21:01,3.0,61083.953125,5.8,6.3
2025-10-04T04:21:02,2.0,61083.953125,5.8,6.3
2025-10-04T04:21:03,2.0,61083.953125,5.9,6.3
2025-10-04T04:21:04,2.0,61083.953125,5.8,6.3
2025-10-04T04:21:05,3.0,61083.953125,5.9,6.3
2025-10-04T04:21:06,1.0,61083.953125,5.9,6.3
2025-10-04T04:21:07,4.0,61083.953125,5.8,6.3
2025-10-04T04:21:08,4.0,61083.953125,5.9,6.3
2025-10-04T04:21:09,5.0,61083.953125,5.9,6.3
2025-10-04T04:21:10,1.0,61083.953125,5.8,6.3
2025-10-04T04:21:11,2.0,61083.953125,5.8,6.3
2025-10-04T04:21:12,2.0,61083.953125,5.9,6.3
2025-10-04T04:21:13,2.0,61083.953125,5.9,6.3
2025-10-04T04:21:14,4.0,61083.953125,5.8,6.3
2025-10-04T04:21:15,1.0,61083.953125,5.8,6.3
2025-10-04T04:21:16,2.0,61083.953125,5.8,6.3
2025-10-04T04:21:17,1.0,61083.953125,5.7,6.3
2025-10-04T04:21:18,1.0,61083.953125,5.9,6.3
2025-10-04T04:21:19,3.0,61083.953125,5.9,6.3
2025-10-04T04:21:20,2.0,61083.953125,5.8,6.3
2025-10-04T04:21:21,5.0,61083.953125,5.9,6.3
2025-10-04T04:21:22,4.0,61083.953125,5.9,6.3
2025-10-04T04:21:23,2.0,61083.953125,5.8,6.3
2025-10-04T04:21:24,3.0,61083.953125,5.8,6.3
2025-10-04T04:21:25,2.0,61083.953125,5.9,6.3
2025-10-04T04:21:26,1.0,61083.953125,5.8,6.3
2025-10-04T04:21:27,2.0,61083.953125,5.8,6.3
2025-10-04T04:21:28,3.0,61083.953125,5.9,6.3
2025-10-04T04:21:29,3.0,61083.953125,5.8,6.3
2025-10-04T04:21:30,1.0,61083.953125,5.8,6.3
2025-10-04T04:21:31,1.0,61083.953125,5.9,6.3
2025-10-04T04:21:32,1.0,61083.953125,5.8,6.3
2025-10-04T04:21:33,1.0,61083.953125,5.8,6.3
2025-10-04T04:21:34,1.0,61083.953125,5.9,6.3
2025-10-04T04:21:35,0.0,61083.953125,5.8,6.3
2025-10-04T04:21:36,1.0,61083.953125,5.8,6.3
2025-10-04T04:21:37,1.0,61083.953125,5.9,6.3
2025-10-04T04:21:38,1.0,61083.953125,5.8,6.3
2025-10-04T04:21:39,0.0,61083.953125,5.8,6.3
2025-10-04T04:21:40,1.0,61083.953125,5.8,6.3
2025-10-04T04:21:41,2.0,61083.953125,5.8,6.3
2025-10-04T04:21:42,1.0,61083.953125,5.8,6.3
2025-10-04T04:21:43,1.0,61083.953125,5.8,6.3
2025-10-04T04:21:44,1.0,61083.953125,5.9,6.3
2025-10-04T04:21:45,1.0,61083.953125,5.8,6.3
2025-10-04T04:21:46,1.0,61083.953125,5.8,6.3
2025-10-04T04:21:47,1.0,61083.953125,5.8,6.3
2025-10-04T04:21:48,1.0,61083.953125,5.8,6.3
2025-10-04T04:21:49,2.0,61083.953125,5.8,6.3
2025-10-04T04:21:50,2.0,61083.953125,5.8,6.3
2025-10-04T04:21:51,2.0,61083.953125,5.7,6.3
2025-10-04T04:21:52,0.0,61083.953125,5.8,6.3
2025-10-04T04:21:53,2.0,61083.953125,5.8,6.3
2025-10-04T04:21:54,2.0,61083.953125,5.7,6.3
2025-10-04T04:21:55,2.0,61083.953125,5.8,6.3
2025-10-04T04:21:56,2.0,61083.953125,5.8,6.3
2025-10-04T04:21:57,0.0,61083.953125,5.8,6.3
2025-10-04T04:21:58,2.0,61083.953125,5.8,6.3
2025-10-04T04:21:59,0.0,61083.953125,5.8,6.3
2025-10-04T04:22:00,36.9,61150.328125,5.7,6.3
2025-10-04T04:22:01,89.2,61040.88671875,6.1,6.3
2025-10-04T04:22:02,0.0,61040.88671875,6.5,6.3
2025-10-04T04:22:03,1.0,61040.88671875,5.7,6.3
2025-10-04T04:22:04,0.0,61040.88671875,5.7,6.3
2025-10-04T04:22:05,0.0,61040.88671875,5.8,6.3
2025-10-04T04:22:06,0.0,61040.88671875,5.7,6.3
2025-10-04T04:22:07,0.0,61040.88671875,5.7,6.3
2025-10-04T04:22:08,0.0,61040.88671875,5.8,6.3
2025-10-04T04:22:09,0.0,61040.88671875,5.8,6.3
2025-10-04T04:22:10,0.0,61040.88671875,5.7,6.3
2025-10-04T04:22:11,0.0,61040.88671875,5.8,6.3
2025-10-04T04:22:12,2.0,61040.88671875,5.9,6.3
2025-10-04T04:22:13,3.0,61040.88671875,5.8,6.3
2025-10-04T04:22:14,4.0,61040.88671875,5.9,6.3
2025-10-04T04:22:15,6.0,61040.88671875,6.0,6.3
2025-10-04T04:22:16,2.0,61040.88671875,5.8,6.3
2025-10-04T04:22:17,3.0,61040.88671875,5.9,6.3
2025-10-04T04:22:18,2.0,61040.88671875,5.9,6.3
2025-10-04T04:22:19,3.0,61040.88671875,5.8,6.3
2025-10-04T04:22:20,2.0,61040.88671875,5.8,6.3
2025-10-04T04:22:21,3.0,61040.88671875,5.9,6.3
2025-10-04T04:22:22,2.0,61040.88671875,5.8,6.3
2025-10-04T04:22:23,3.0,61040.88671875,5.9,6.3
2025-10-04T04:22:24,3.0,61040.88671875,5.8,6.3
2025-10-04T04:22:25,2.0,61040.88671875,5.8,6.3
2025-10-04T04:22:26,4.0,61040.88671875,5.9,6.3
2025-10-04T04:22:27,3.0,61040.88671875,5.9,6.3
2025-10-04T04:22:28,4.0,61040.88671875,5.9,6.3
2025-10-04T04:22:29,1.0,61040.88671875,5.8,6.3
2025-10-04T04:22:30,3.0,61040.88671875,5.9,6.3
2025-10-04T04:22:31,4.0,61040.88671875,5.8,6.3
2025-10-04T04:22:32,4.0,61040.88671875,5.8,6.3
2025-10-04T04:22:33,2.0,61040.88671875,5.9,6.3
2025-10-04T04:22:34,2.0,61040.88671875,5.9,6.3
2025-10-04T04:22:35,3.0,61040.88671875,5.8,6.3
2025-10-04T04:22:36,4.0,61040.88671875,5.9,6.3
2025-10-04T04:22:37,3.0,61040.88671875,5.9,6.3
2025-10-04T04:22:38,3.0,61040.88671875,6.0,6.3
2025-10-04T04:22:39,3.0,61040.88671875,5.9,6.3
2025-10-04T04:22:40,2.0,61040.88671875,5.9,6.3
2025-10-04T04:22:41,4.0,61040.88671875,5.9,6.3
2025-10-04T04:22:42,4.0,61040.88671875,5.9,6.3
2025-10-04T04:22:43,3.0,61040.88671875,5.9,6.3
2025-10-04T04:22:44,4.0,61040.88671875,5.8,6.3
2025-10-04T04:22:45,2.0,61040.88671875,5.9,6.3
2025-10-04T04:22:46,3.0,61040.88671875,5.9,6.3
2025-10-04T04:22:47,3.0,61040.88671875,5.8,6.3
2025-10-04T04:22:48,2.0,61040.88671875,5.9,6.3
2025-10-04T04:22:49,1.0,61040.88671875,5.8,6.3
2025-10-04T04:22:50,1.0,61040.88671875,5.8,6.3
2025-10-04T04:22:51,2.0,61040.88671875,5.9,6.3
2025-10-04T04:22:52,1.0,61040.88671875,5.9,6.3
2025-10-04T04:22:53,1.0,61040.88671875,5.8,6.3
2025-10-04T04:22:54,1.0,61040.88671875,5.9,6.3
2025-10-04T04:22:55,2.0,61040.88671875,5.9,6.3
2025-10-04T04:22:56,0.0,61040.88671875,5.8,6.3
2025-10-04T04:22:57,2.0,61040.88671875,5.9,6.3
2025-10-04T04:22:58,1.0,61040.88671875,5.9,6.3
2025-10-04T04:22:59,1.0,61040.88671875,5.8,6.3
2025-10-04T04:23:00,2.0,61040.88671875,5.8,6.3
2025-10-04T04:23:01,1.0,61040.88671875,5.9,6.3
2025-10-04T04:23:02,2.0,61040.88671875,5.8,6.3
2025-10-04T04:23:03,3.0,61040.88671875,5.8,6.3
2025-10-04T04:23:04,3.0,61040.88671875,5.8,6.3
2025-10-04T04:23:05,3.0,61040.88671875,5.8,6.3
2025-10-04T04:23:06,3.0,61040.88671875,5.8,6.3
2025-10-04T04:23:07,0.0,61040.88671875,5.8,6.3
2025-10-04T04:23:08,0.0,61040.88671875,5.7,6.3
2025-10-04T04:23:09,89.5,61119.1328125,5.7,6.3
2025-10-04T04:23:10,41.2,61119.1328125,5.4,6.3
2025-10-04T04:23:11,0.0,61119.1328125,5.1,6.3
2025-10-04T04:23:12,0.0,61119.1328125,5.1,6.3
2025-10-04T04:23:13,0.0,61119.1328125,5.1,6.3
2025-10-04T04:23:14,0.0,61119.1328125,5.1,6.3
2025-10-04T04:23:15,0.0,61119.1328125,5.1,6.3
2025-10-04T04:23:16,0.0,61119.1328125,5.1,6.3
2025-10-04T04:23:17,0.0,61119.1328125,5.1,6.3
2025-10-04T04:23:18,0.0,61119.1328125,5.1,6.3
2025-10-04T04:23:19,0.0,61119.1328125,5.1,6.3
