timestamp,proc_cpu_pct,proc_mem_mb,sys_cpu_pct,sys_mem_pct
2025-10-03T22:35:08,0.0,116.05859375,8.3,3.1
2025-10-03T22:35:09,99.5,260.23046875,6.4,3.1
2025-10-03T22:35:10,26.1,277.73046875,5.9,3.1
2025-10-03T22:35:11,0.0,277.73046875,5.7,3.1
2025-10-03T22:35:12,0.0,277.73046875,5.9,3.1
2025-10-03T22:35:13,0.0,277.73046875,5.8,3.1
2025-10-03T22:35:14,0.0,277.73046875,5.7,3.1
2025-10-03T22:35:15,2.0,277.73046875,5.8,3.1
2025-10-03T22:35:16,5.0,278.98046875,5.9,3.1
2025-10-03T22:35:17,0.0,278.98046875,5.7,3.1
2025-10-03T22:35:18,8.0,278.98046875,5.9,3.1
2025-10-03T22:35:19,0.0,278.98046875,5.8,3.1
2025-10-03T22:35:20,0.0,278.98046875,5.8,3.1
2025-10-03T22:35:21,0.0,278.98046875,5.7,3.1
2025-10-03T22:35:22,0.0,278.98046875,5.8,3.1
2025-10-03T22:35:23,12.0,280.23046875,5.8,3.1
2025-10-03T22:35:24,45.0,346.51953125,6.2,3.1
2025-10-03T22:35:25,0.0,346.51953125,5.8,3.1
2025-10-03T22:35:26,0.0,346.51953125,5.8,3.1
2025-10-03T22:35:27,0.0,346.51953125,5.7,3.1
2025-10-03T22:35:28,0.0,346.51953125,5.9,3.1
2025-10-03T22:35:29,0.0,346.51953125,5.8,3.1
2025-10-03T22:35:30,1.0,346.51953125,5.7,3.1
2025-10-03T22:35:31,0.0,346.51953125,5.8,3.1
2025-10-03T22:35:32,0.0,346.51953125,6.0,3.1
2025-10-03T22:35:33,0.0,346.51953125,5.7,3.1
2025-10-03T22:35:34,0.0,346.51953125,5.8,3.1
2025-10-03T22:35:35,0.0,346.51953125,5.8,3.1
2025-10-03T22:35:36,0.0,346.51953125,5.8,3.1
2025-10-03T22:35:37,0.0,346.51953125,5.8,3.1
2025-10-03T22:35:38,0.0,346.51953125,5.8,3.1
2025-10-03T22:35:39,0.0,346.51953125,5.7,3.1
2025-10-03T22:35:40,0.0,346.51953125,5.9,3.1
2025-10-03T22:35:41,0.0,346.51953125,5.8,3.1
2025-10-03T22:35:42,0.0,346.51953125,5.7,3.1
2025-10-03T22:35:43,0.0,346.51953125,5.7,3.1
2025-10-03T22:35:44,0.0,346.51953125,5.9,3.1
2025-10-03T22:35:45,0.0,346.51953125,5.8,3.1
2025-10-03T22:35:46,0.0,346.51953125,5.8,3.1
2025-10-03T22:35:47,1.0,346.51953125,5.9,3.1
2025-10-03T22:35:48,0.0,346.51953125,5.9,3.1
2025-10-03T22:35:49,0.0,346.51953125,5.7,3.1
2025-10-03T22:35:50,0.0,346.51953125,5.8,3.1
2025-10-03T22:35:51,0.0,346.51953125,5.8,3.1
2025-10-03T22:35:52,0.0,346.51953125,5.8,3.1
2025-10-03T22:35:53,0.0,346.51953125,5.9,3.1
2025-10-03T22:35:54,0.0,346.51953125,5.9,3.1
2025-10-03T22:35:55,0.0,346.51953125,5.8,3.1
2025-10-03T22:35:56,0.0,346.51953125,5.8,3.1
2025-10-03T22:35:57,3.0,347.76953125,5.9,3.1
2025-10-03T22:35:58,0.0,347.76953125,5.8,3.1
2025-10-03T22:35:59,0.0,347.76953125,5.8,3.1
2025-10-03T22:36:00,0.0,347.76953125,5.8,3.1
2025-10-03T22:36:01,0.0,347.76953125,6.1,3.1
2025-10-03T22:36:02,1.0,347.76953125,5.7,3.1
2025-10-03T22:36:03,1.0,347.76953125,5.8,3.1
2025-10-03T22:36:04,0.0,347.76953125,5.8,3.1
2025-10-03T22:36:05,0.0,347.76953125,5.8,3.1
2025-10-03T22:36:06,0.0,347.76953125,5.8,3.1
2025-10-03T22:36:07,2.0,347.76953125,5.8,3.1
2025-10-03T22:36:08,0.0,347.76953125,5.7,3.1
2025-10-03T22:36:09,1.0,347.76953125,5.9,3.1
2025-10-03T22:36:10,0.0,347.76953125,5.8,3.1
2025-10-03T22:36:11,0.0,347.76953125,5.7,3.1
2025-10-03T22:36:12,0.0,347.76953125,5.8,3.1
2025-10-03T22:36:13,0.0,347.76953125,5.9,3.1
2025-10-03T22:36:14,0.0,347.76953125,5.7,3.1
2025-10-03T22:36:15,0.0,347.76953125,5.8,3.1
2025-10-03T22:36:16,0.0,347.76953125,5.8,3.1
2025-10-03T22:36:17,0.0,347.76953125,5.9,3.1
2025-10-03T22:36:18,2.0,347.76953125,5.8,3.1
2025-10-03T22:36:19,0.0,347.76953125,5.8,3.1
2025-10-03T22:36:20,0.0,347.76953125,5.8,3.1
2025-10-03T22:36:21,0.0,347.76953125,5.8,3.1
2025-10-03T22:36:22,2.0,349.01953125,6.0,3.1
2025-10-03T22:36:23,0.0,349.01953125,6.4,3.1
2025-10-03T22:36:24,0.0,349.01953125,6.4,3.1
2025-10-03T22:36:25,0.0,349.01953125,6.5,3.1
2025-10-03T22:36:26,0.0,349.01953125,6.4,3.2
2025-10-03T22:36:27,0.0,349.01953125,6.3,3.2
2025-10-03T22:36:28,0.0,349.01953125,5.9,3.2
2025-10-03T22:36:29,0.0,349.01953125,5.9,3.2
2025-10-03T22:36:30,0.0,349.01953125,5.7,3.2
2025-10-03T22:36:31,0.0,349.01953125,5.7,3.2
2025-10-03T22:36:32,0.0,349.01953125,5.8,3.2
2025-10-03T22:36:33,0.0,349.01953125,5.9,3.2
2025-10-03T22:36:34,1.0,349.01953125,5.8,3.2
2025-10-03T22:36:35,0.0,349.01953125,5.8,3.2
2025-10-03T22:36:36,0.0,349.01953125,5.8,3.2
2025-10-03T22:36:37,0.0,349.01953125,5.8,3.2
2025-10-03T22:36:38,0.0,349.01953125,5.9,3.2
2025-10-03T22:36:39,0.0,349.01953125,5.8,3.2
2025-10-03T22:36:40,0.0,349.01953125,5.7,3.2
2025-10-03T22:36:41,0.0,349.01953125,5.8,3.2
2025-10-03T22:36:42,0.0,349.01953125,5.9,3.2
2025-10-03T22:36:43,0.0,349.01953125,5.7,3.2
2025-10-03T22:36:44,2.0,349.01953125,5.8,3.2
2025-10-03T22:36:45,0.0,349.01953125,5.8,3.2
2025-10-03T22:36:46,0.0,349.01953125,5.9,3.2
2025-10-03T22:36:47,0.0,349.01953125,5.7,3.2
2025-10-03T22:36:48,0.0,349.01953125,5.8,3.2
2025-10-03T22:36:49,0.0,349.01953125,5.8,3.2
2025-10-03T22:36:50,0.0,349.01953125,5.9,3.2
2025-10-03T22:36:51,0.0,349.01953125,5.8,3.2
2025-10-03T22:36:52,2.0,349.01953125,5.8,3.2
2025-10-03T22:36:53,0.0,349.01953125,5.8,3.2
2025-10-03T22:36:54,0.0,349.01953125,6.0,3.1
2025-10-03T22:36:55,0.0,349.01953125,5.8,3.1
2025-10-03T22:36:56,0.0,349.01953125,5.7,3.1
2025-10-03T22:36:57,0.0,349.01953125,5.8,3.1
2025-10-03T22:36:58,0.0,349.01953125,5.9,3.1
2025-10-03T22:36:59,0.0,349.01953125,5.7,3.1
2025-10-03T22:37:00,0.0,349.01953125,5.8,3.1
2025-10-03T22:37:01,0.0,349.01953125,5.8,3.1
2025-10-03T22:37:02,0.0,349.01953125,5.8,3.1
2025-10-03T22:37:03,0.0,349.01953125,5.8,3.1
2025-10-03T22:37:04,0.0,349.01953125,5.8,3.1
2025-10-03T22:37:05,1.0,349.01953125,5.7,3.1
2025-10-03T22:37:06,0.0,349.01953125,5.9,3.1
2025-10-03T22:37:07,0.0,349.01953125,5.8,3.1
2025-10-03T22:37:08,0.0,349.01953125,5.8,3.1
2025-10-03T22:37:09,1.0,350.26953125,5.8,3.1
2025-10-03T22:37:10,0.0,350.26953125,5.9,3.1
2025-10-03T22:37:11,0.0,350.26953125,5.8,3.1
2025-10-03T22:37:12,0.0,350.26953125,5.7,3.1
2025-10-03T22:37:13,1.0,350.26953125,5.8,3.1
2025-10-03T22:37:14,0.0,350.26953125,5.9,3.1
2025-10-03T22:37:15,0.0,350.26953125,5.7,3.1
2025-10-03T22:37:16,0.0,350.26953125,5.8,3.1
2025-10-03T22:37:17,0.0,350.26953125,5.8,3.1
2025-10-03T22:37:18,0.0,350.26953125,5.9,3.1
2025-10-03T22:37:19,0.0,350.26953125,5.8,3.1
2025-10-03T22:37:20,0.0,350.26953125,5.8,3.1
2025-10-03T22:37:21,2.0,351.51953125,5.8,3.1
2025-10-03T22:37:22,0.0,351.51953125,5.9,3.1
2025-10-03T22:37:23,0.0,351.51953125,5.8,3.1
2025-10-03T22:37:24,0.0,351.51953125,5.8,3.1
2025-10-03T22:37:25,0.0,351.51953125,5.8,3.1
2025-10-03T22:37:26,0.0,351.51953125,5.9,3.1
2025-10-03T22:37:27,0.0,351.51953125,5.8,3.1
2025-10-03T22:37:28,1.0,351.51953125,5.8,3.1
2025-10-03T22:37:29,0.0,351.51953125,5.8,3.1
2025-10-03T22:37:30,0.0,351.51953125,5.8,3.1
2025-10-03T22:37:31,1.0,351.51953125,5.8,3.1
2025-10-03T22:37:32,0.0,351.51953125,5.8,3.1
2025-10-03T22:37:33,0.0,351.51953125,5.8,3.1
2025-10-03T22:37:34,0.0,351.51953125,5.7,3.1
2025-10-03T22:37:35,0.0,351.51953125,5.9,3.1
2025-10-03T22:37:36,2.0,352.76953125,5.8,3.1
2025-10-03T22:37:37,0.0,352.76953125,5.7,3.1
2025-10-03T22:37:38,0.0,352.76953125,5.8,3.1
2025-10-03T22:37:39,1.0,352.76953125,5.9,3.1
2025-10-03T22:37:40,0.0,352.76953125,5.7,3.1
2025-10-03T22:37:41,0.0,352.76953125,5.8,3.1
2025-10-03T22:37:42,0.0,352.76953125,5.8,3.1
2025-10-03T22:37:43,0.0,352.76953125,5.9,3.1
2025-10-03T22:37:44,0.0,352.76953125,5.7,3.1
2025-10-03T22:37:45,1.0,354.01953125,5.8,3.1
2025-10-03T22:37:46,0.0,354.01953125,5.7,3.1
2025-10-03T22:37:47,1.0,354.01953125,5.9,3.1
2025-10-03T22:37:48,0.0,354.01953125,5.8,3.1
2025-10-03T22:37:49,0.0,354.01953125,5.8,3.1
2025-10-03T22:37:50,0.0,354.01953125,5.7,3.1
2025-10-03T22:37:51,0.0,354.01953125,6.1,3.1
2025-10-03T22:37:52,1.0,354.01953125,5.9,3.1
2025-10-03T22:37:53,0.0,354.01953125,5.7,3.1
2025-10-03T22:37:54,1.0,354.01953125,5.8,3.1
2025-10-03T22:37:55,0.0,354.01953125,5.9,3.1
2025-10-03T22:37:56,0.0,354.01953125,5.7,3.1
2025-10-03T22:37:57,0.0,354.01953125,5.8,3.1
2025-10-03T22:37:58,0.0,354.01953125,5.8,3.1
2025-10-03T22:37:59,0.0,354.01953125,5.9,3.1
2025-10-03T22:38:00,0.0,354.01953125,5.8,3.1
2025-10-03T22:38:01,0.0,354.01953125,5.8,3.1
2025-10-03T22:38:02,0.0,354.01953125,5.8,3.1
2025-10-03T22:38:03,0.0,354.01953125,5.9,3.1
2025-10-03T22:38:04,0.0,354.01953125,5.8,3.1
2025-10-03T22:38:05,0.0,354.01953125,5.8,3.1
2025-10-03T22:38:06,0.0,354.01953125,5.7,3.1
2025-10-03T22:38:07,0.0,354.01953125,5.9,3.1
2025-10-03T22:38:08,0.0,354.01953125,5.8,3.1
2025-10-03T22:38:09,0.0,354.01953125,5.7,3.1
2025-10-03T22:38:10,1.0,354.01953125,5.8,3.1
2025-10-03T22:38:11,1.0,355.26953125,5.9,3.1
2025-10-03T22:38:12,0.0,355.26953125,5.7,3.1
2025-10-03T22:38:13,0.0,355.26953125,5.8,3.1
2025-10-03T22:38:14,0.0,355.26953125,5.8,3.1
2025-10-03T22:38:15,1.0,355.26953125,5.8,3.1
2025-10-03T22:38:16,1.0,355.26953125,5.9,3.1
2025-10-03T22:38:17,0.0,355.26953125,5.8,3.1
2025-10-03T22:38:18,0.0,355.26953125,5.8,3.1
2025-10-03T22:38:19,0.0,355.26953125,5.7,3.1
2025-10-03T22:38:20,0.0,355.26953125,5.9,3.1
2025-10-03T22:38:21,0.0,355.26953125,5.8,3.1
2025-10-03T22:38:22,0.0,355.26953125,5.7,3.1
2025-10-03T22:38:23,0.0,355.26953125,5.8,3.1
2025-10-03T22:38:24,2.0,355.26953125,5.9,3.1
2025-10-03T22:38:25,0.0,355.26953125,5.7,3.1
2025-10-03T22:38:26,0.0,355.26953125,5.8,3.1
2025-10-03T22:38:27,0.0,355.26953125,5.8,3.1
2025-10-03T22:38:28,0.0,355.26953125,5.9,3.1
2025-10-03T22:38:29,0.0,355.26953125,5.8,3.1
2025-10-03T22:38:30,1.0,355.26953125,5.8,3.1
2025-10-03T22:38:31,0.0,355.26953125,5.7,3.1
2025-10-03T22:38:32,0.0,355.26953125,5.9,3.1
2025-10-03T22:38:33,0.0,355.26953125,5.8,3.1
2025-10-03T22:38:34,0.0,355.26953125,5.7,3.1
2025-10-03T22:38:35,0.0,355.26953125,5.9,3.1
2025-10-03T22:38:36,0.0,355.26953125,5.9,3.1
2025-10-03T22:38:37,0.0,355.26953125,5.8,3.1
2025-10-03T22:38:38,0.0,355.26953125,5.8,3.1
2025-10-03T22:38:39,0.0,355.26953125,5.8,3.1
2025-10-03T22:38:40,0.0,355.26953125,5.9,3.1
2025-10-03T22:38:41,0.0,355.26953125,5.7,3.1
2025-10-03T22:38:42,0.0,355.26953125,5.8,3.1
2025-10-03T22:38:43,0.0,355.26953125,5.8,3.1
2025-10-03T22:38:44,0.0,355.26953125,5.8,3.1
2025-10-03T22:38:45,0.0,355.26953125,5.8,3.1
2025-10-03T22:38:46,1.0,355.26953125,5.8,3.1
2025-10-03T22:38:47,0.0,355.26953125,5.7,3.1
2025-10-03T22:38:48,1.0,355.26953125,5.9,3.1
2025-10-03T22:38:49,1.0,355.26953125,5.8,3.1
2025-10-03T22:38:50,0.0,355.26953125,5.7,3.1
2025-10-03T22:38:51,0.0,355.26953125,5.7,3.1
2025-10-03T22:38:52,0.0,355.26953125,5.9,3.1
2025-10-03T22:38:53,1.0,355.26953125,5.7,3.1
2025-10-03T22:38:54,0.0,355.26953125,5.7,3.1
2025-10-03T22:38:55,0.0,355.26953125,5.8,3.1
2025-10-03T22:38:56,0.0,355.26953125,5.9,3.1
2025-10-03T22:38:57,0.0,355.26953125,5.7,3.1
2025-10-03T22:38:58,0.0,355.26953125,5.8,3.1
2025-10-03T22:38:59,0.0,355.26953125,5.8,3.1
2025-10-03T22:39:00,82.3,1359.60546875,6.3,3.2
2025-10-03T22:39:01,98.8,1985.51171875,6.4,3.2
2025-10-03T22:39:02,100.5,4030.09765625,6.4,3.3
2025-10-03T22:39:03,98.6,1966.69140625,6.4,3.2
2025-10-03T22:39:04,69.1,1996.30859375,6.5,3.2
2025-10-03T22:39:05,0.0,1996.30859375,6.1,3.2
2025-10-03T22:39:06,0.0,1996.30859375,5.7,3.2
2025-10-03T22:39:07,2.0,1996.30859375,5.8,3.2
2025-10-03T22:39:08,0.0,1996.30859375,5.8,3.2
2025-10-03T22:39:09,0.0,1996.30859375,5.8,3.2
2025-10-03T22:39:10,0.0,1996.30859375,5.8,3.2
2025-10-03T22:39:11,0.0,1996.30859375,5.8,3.2
2025-10-03T22:39:12,1.0,1996.30859375,5.8,3.2
2025-10-03T22:39:13,16.0,1996.30859375,6.3,3.2
2025-10-03T22:39:14,11.0,1996.30859375,6.1,3.2
2025-10-03T22:39:15,0.0,1996.30859375,5.7,3.2
2025-10-03T22:39:16,0.0,1996.30859375,5.7,3.2
2025-10-03T22:39:17,0.0,1996.30859375,6.0,3.2
2025-10-03T22:39:18,1.0,1996.30859375,5.8,3.2
2025-10-03T22:39:19,0.0,1996.30859375,5.7,3.2
2025-10-03T22:39:20,0.0,1996.30859375,5.8,3.2
2025-10-03T22:39:21,10.0,1996.30859375,6.0,3.2
2025-10-03T22:39:22,13.0,1996.30859375,6.0,3.2
2025-10-03T22:39:23,8.0,1996.30859375,6.0,3.2
2025-10-03T22:39:24,8.0,1996.30859375,6.0,3.2
2025-10-03T22:39:25,0.0,1996.30859375,5.9,3.2
2025-10-03T22:39:26,0.0,1996.30859375,5.8,3.2
2025-10-03T22:39:27,0.0,1996.30859375,5.8,3.2
2025-10-03T22:39:28,1.0,1996.30859375,5.7,3.2
2025-10-03T22:39:29,1.0,1996.30859375,5.9,3.2
2025-10-03T22:39:30,17.0,1996.30859375,6.2,3.2
2025-10-03T22:39:31,9.0,1996.30859375,5.9,3.2
2025-10-03T22:39:32,4.0,1996.30859375,5.9,3.2
2025-10-03T22:39:33,0.0,1996.30859375,5.9,3.2
2025-10-03T22:39:34,0.0,1996.30859375,5.7,3.2
2025-10-03T22:39:35,0.0,1996.30859375,5.8,3.2
2025-10-03T22:39:36,0.0,1996.30859375,5.8,3.2
2025-10-03T22:39:37,1.0,1996.30859375,5.9,3.2
2025-10-03T22:39:38,0.0,1996.30859375,5.8,3.2
2025-10-03T22:39:39,2.0,1996.30859375,5.8,3.2
2025-10-03T22:39:40,14.0,1996.30859375,6.1,3.2
2025-10-03T22:39:41,7.0,1996.30859375,6.0,3.2
2025-10-03T22:39:42,8.0,1996.30859375,6.0,3.2
2025-10-03T22:39:43,0.0,1996.30859375,5.8,3.2
2025-10-03T22:39:44,0.0,1996.30859375,5.7,3.2
2025-10-03T22:39:45,0.0,1996.30859375,5.9,3.2
2025-10-03T22:39:46,0.0,1996.30859375,5.8,3.2
2025-10-03T22:39:47,2.0,1996.30859375,5.7,3.2
2025-10-03T22:39:48,7.0,1996.30859375,5.9,3.2
2025-10-03T22:39:49,10.8,1996.30859375,6.1,3.2
2025-10-03T22:39:50,8.1,1996.30859375,5.9,3.2
2025-10-03T22:39:51,5.0,1996.30859375,5.9,3.2
2025-10-03T22:39:52,0.0,1996.30859375,5.8,3.2
2025-10-03T22:39:53,0.0,1996.30859375,5.8,3.2
2025-10-03T22:39:54,0.0,1996.30859375,6.1,3.2
2025-10-03T22:39:55,1.0,1996.30859375,5.8,3.2
2025-10-03T22:39:56,7.0,1996.30859375,5.9,3.2
2025-10-03T22:39:57,9.0,1996.30859375,6.0,3.2
2025-10-03T22:39:58,7.0,1996.30859375,6.1,3.2
2025-10-03T22:39:59,8.0,1996.30859375,5.9,3.2
2025-10-03T22:40:00,0.0,1996.30859375,5.8,3.2
2025-10-03T22:40:01,0.0,1996.30859375,5.8,3.2
2025-10-03T22:40:02,0.0,1996.30859375,5.9,3.2
2025-10-03T22:40:03,1.0,1996.30859375,5.8,3.2
2025-10-03T22:40:04,3.0,1996.30859375,5.8,3.2
2025-10-03T22:40:05,13.0,1996.30859375,6.1,3.2
2025-10-03T22:40:06,5.0,1996.30859375,6.0,3.2
2025-10-03T22:40:07,9.0,1996.30859375,6.0,3.2
2025-10-03T22:40:08,0.0,1996.30859375,5.8,3.2
2025-10-03T22:40:09,0.0,1996.30859375,5.7,3.2
2025-10-03T22:40:10,0.0,1996.30859375,5.9,3.2
2025-10-03T22:40:11,1.0,1996.30859375,5.8,3.2
2025-10-03T22:40:12,1.0,1996.30859375,5.7,3.2
2025-10-03T22:40:13,12.0,1996.30859375,6.1,3.2
2025-10-03T22:40:14,6.0,1996.30859375,6.0,3.2
2025-10-03T22:40:15,5.0,1996.30859375,5.8,3.2
2025-10-03T22:40:16,7.0,1996.30859375,5.9,3.2
2025-10-03T22:40:17,0.0,1996.30859375,5.8,3.2
2025-10-03T22:40:18,0.0,1996.30859375,5.9,3.2
2025-10-03T22:40:19,0.0,1996.30859375,5.8,3.2
2025-10-03T22:40:20,0.0,1996.30859375,5.8,3.2
2025-10-03T22:40:21,1.0,1996.30859375,5.8,3.2
2025-10-03T22:40:22,4.0,1996.30859375,6.1,3.2
2025-10-03T22:40:23,5.0,1996.30859375,6.0,3.2
2025-10-03T22:40:24,3.0,1996.30859375,5.9,3.2
2025-10-03T22:40:25,0.0,1996.30859375,5.8,3.2
2025-10-03T22:40:26,0.0,1996.30859375,5.9,3.2
2025-10-03T22:40:27,0.0,1996.30859375,5.8,3.2
2025-10-03T22:40:28,1.0,1996.30859375,5.8,3.2
2025-10-03T22:40:29,1.0,1996.30859375,5.8,3.2
2025-10-03T22:40:30,67.9,2006.30859375,6.3,3.2
2025-10-03T22:40:31,101.1,2530.63671875,6.4,3.3
2025-10-03T22:40:32,98.6,2509.51171875,6.4,3.3
2025-10-03T22:40:33,100.0,4417.78125,6.4,3.4
2025-10-03T22:40:34,104.4,4388.82421875,6.6,3.4
2025-10-03T22:40:35,96.6,8281.765625,6.4,3.6
2025-10-03T22:40:36,99.6,12426.26171875,6.4,3.8
2025-10-03T22:40:37,99.4,3301.12890625,6.3,3.4
2025-10-03T22:40:38,99.7,4703.2421875,6.5,3.4
2025-10-03T22:40:39,100.1,6160.1953125,6.5,3.5
2025-10-03T22:40:40,99.6,6642.6953125,6.4,3.5
2025-10-03T22:40:41,99.0,7341.4453125,6.4,3.5
2025-10-03T22:40:42,100.1,8006.4453125,6.4,3.6
2025-10-03T22:40:43,83.4,8059.62890625,6.5,3.6
2025-10-03T22:40:44,0.0,8059.62890625,6.1,3.6
2025-10-03T22:40:45,0.0,8059.62890625,5.8,3.6
2025-10-03T22:40:46,0.0,8059.62890625,5.7,3.6
2025-10-03T22:40:47,0.0,8059.62890625,6.0,3.6
2025-10-03T22:40:48,0.0,8059.62890625,5.8,3.6
2025-10-03T22:40:49,0.0,8059.62890625,5.7,3.6
2025-10-03T22:40:50,1.0,8059.62890625,5.8,3.6
2025-10-03T22:40:51,0.0,8059.62890625,5.9,3.6
2025-10-03T22:40:52,2.0,8059.62890625,5.8,3.6
2025-10-03T22:40:53,5.0,8059.62890625,5.9,3.6
2025-10-03T22:40:54,6.0,8059.62890625,5.9,3.6
2025-10-03T22:40:55,6.0,8059.62890625,6.0,3.6
2025-10-03T22:40:56,4.0,8059.62890625,5.8,3.6
2025-10-03T22:40:57,5.0,8059.62890625,5.9,3.6
2025-10-03T22:40:58,6.0,8059.62890625,5.9,3.6
2025-10-03T22:40:59,3.0,8059.62890625,5.9,3.6
2025-10-03T22:41:00,2.0,8059.62890625,5.8,3.6
2025-10-03T22:41:01,1.0,8059.62890625,5.8,3.6
2025-10-03T22:41:02,3.0,8059.62890625,5.8,3.6
2025-10-03T22:41:03,3.0,8059.62890625,6.0,3.6
2025-10-03T22:41:04,4.0,8059.62890625,5.9,3.6
2025-10-03T22:41:05,2.0,8059.62890625,5.8,3.6
2025-10-03T22:41:06,3.0,8059.62890625,5.9,3.6
2025-10-03T22:41:07,5.0,8059.62890625,6.0,3.6
2025-10-03T22:41:08,5.0,8059.62890625,5.9,3.6
2025-10-03T22:41:09,4.0,8059.62890625,5.8,3.6
2025-10-03T22:41:10,4.0,8059.62890625,5.9,3.6
2025-10-03T22:41:11,3.0,8059.62890625,5.9,3.6
2025-10-03T22:41:12,3.0,8059.62890625,5.8,3.6
2025-10-03T22:41:13,2.0,8059.62890625,5.9,3.6
2025-10-03T22:41:14,4.0,8059.62890625,5.9,3.6
2025-10-03T22:41:15,3.0,8059.62890625,5.9,3.6
2025-10-03T22:41:16,2.0,8059.62890625,5.9,3.6
2025-10-03T22:41:17,4.0,8059.62890625,5.9,3.6
2025-10-03T22:41:18,4.0,8059.62890625,5.8,3.6
2025-10-03T22:41:19,2.0,8059.62890625,6.0,3.6
2025-10-03T22:41:20,5.0,8059.62890625,5.9,3.6
2025-10-03T22:41:21,2.0,8059.62890625,5.8,3.6
2025-10-03T22:41:22,2.0,8059.62890625,5.8,3.6
2025-10-03T22:41:23,5.0,8059.62890625,6.0,3.6
2025-10-03T22:41:24,5.0,8059.62890625,5.9,3.6
2025-10-03T22:41:25,3.0,8059.62890625,5.8,3.6
2025-10-03T22:41:26,3.0,8059.62890625,5.9,3.6
2025-10-03T22:41:27,2.0,8059.62890625,5.8,3.6
2025-10-03T22:41:28,4.0,8059.62890625,6.0,3.6
2025-10-03T22:41:29,2.0,8059.62890625,5.8,3.6
2025-10-03T22:41:30,4.0,8059.62890625,5.8,3.6
2025-10-03T22:41:31,5.0,8059.62890625,5.8,3.6
2025-10-03T22:41:32,4.0,8059.62890625,6.0,3.6
2025-10-03T22:41:33,2.0,8059.62890625,5.8,3.6
2025-10-03T22:41:34,2.0,8059.62890625,5.8,3.6
2025-10-03T22:41:35,3.0,8059.62890625,5.8,3.6
2025-10-03T22:41:36,3.0,8059.62890625,6.0,3.6
2025-10-03T22:41:37,3.0,8059.62890625,5.8,3.6
2025-10-03T22:41:38,4.0,8059.62890625,5.9,3.6
2025-10-03T22:41:39,4.0,8059.62890625,5.9,3.6
2025-10-03T22:41:40,3.0,8059.62890625,5.9,3.6
2025-10-03T22:41:41,3.0,8059.62890625,5.8,3.6
2025-10-03T22:41:42,3.0,8059.62890625,5.9,3.6
2025-10-03T22:41:43,4.0,8059.62890625,5.8,3.6
2025-10-03T22:41:44,3.0,8059.62890625,5.9,3.6
2025-10-03T22:41:45,3.0,8059.62890625,5.9,3.6
2025-10-03T22:41:46,4.0,8059.62890625,5.8,3.6
2025-10-03T22:41:47,5.0,8059.62890625,5.9,3.6
2025-10-03T22:41:48,2.0,8059.62890625,5.9,3.6
2025-10-03T22:41:49,2.0,8059.62890625,5.8,3.6
2025-10-03T22:41:50,4.0,8059.62890625,5.8,3.6
2025-10-03T22:41:51,4.0,8059.62890625,5.9,3.6
2025-10-03T22:41:52,3.0,8059.62890625,5.8,3.6
2025-10-03T22:41:53,3.0,8059.62890625,5.8,3.6
2025-10-03T22:41:54,3.0,8059.62890625,5.8,3.6
2025-10-03T22:41:55,3.0,8059.62890625,5.8,3.6
2025-10-03T22:41:56,3.0,8059.62890625,5.8,3.6
2025-10-03T22:41:57,3.0,8059.62890625,5.8,3.6
2025-10-03T22:41:58,4.0,8059.62890625,5.9,3.6
2025-10-03T22:41:59,3.0,8059.62890625,5.8,3.6
2025-10-03T22:42:00,4.0,8059.62890625,5.9,3.6
2025-10-03T22:42:01,3.0,8059.62890625,5.9,3.6
2025-10-03T22:42:02,2.0,8059.62890625,5.8,3.6
2025-10-03T22:42:03,4.0,8059.62890625,5.9,3.6
2025-10-03T22:42:04,4.0,8059.62890625,5.9,3.6
2025-10-03T22:42:05,4.0,8059.62890625,5.8,3.6
2025-10-03T22:42:06,3.0,8059.62890625,5.8,3.6
2025-10-03T22:42:07,4.0,8059.62890625,5.9,3.6
2025-10-03T22:42:08,1.0,8059.62890625,5.8,3.6
2025-10-03T22:42:09,3.0,8059.62890625,5.8,3.6
2025-10-03T22:42:10,4.0,8059.62890625,5.9,3.6
2025-10-03T22:42:11,2.0,8059.62890625,5.9,3.6
2025-10-03T22:42:12,3.0,8059.62890625,5.8,3.6
2025-10-03T22:42:13,6.0,8059.62890625,5.9,3.6
2025-10-03T22:42:14,3.0,8059.62890625,5.8,3.6
2025-10-03T22:42:15,5.0,8059.62890625,5.8,3.6
2025-10-03T22:42:16,3.0,8059.62890625,5.8,3.6
2025-10-03T22:42:17,3.0,8059.62890625,5.9,3.6
2025-10-03T22:42:18,3.0,8059.62890625,5.8,3.6
2025-10-03T22:42:19,4.0,8059.62890625,5.8,3.6
2025-10-03T22:42:20,4.0,8059.62890625,5.9,3.6
2025-10-03T22:42:21,3.0,8059.62890625,5.8,3.6
2025-10-03T22:42:22,3.0,8059.62890625,5.8,3.6
2025-10-03T22:42:23,3.0,8059.62890625,5.9,3.6
2025-10-03T22:42:24,4.0,8059.62890625,5.8,3.6
2025-10-03T22:42:25,2.0,8059.62890625,5.8,3.6
2025-10-03T22:42:26,3.0,8059.62890625,5.9,3.6
2025-10-03T22:42:27,5.0,8059.62890625,5.9,3.6
2025-10-03T22:42:28,3.0,8059.62890625,5.8,3.6
2025-10-03T22:42:29,4.0,8059.62890625,5.9,3.6
2025-10-03T22:42:30,3.0,8059.62890625,5.9,3.5
2025-10-03T22:42:31,2.0,8059.62890625,5.8,3.5
2025-10-03T22:42:32,3.0,8059.62890625,5.9,3.5
2025-10-03T22:42:33,4.0,8059.62890625,5.9,3.5
2025-10-03T22:42:34,3.0,8059.62890625,5.8,3.5
2025-10-03T22:42:35,4.0,8059.62890625,5.9,3.5
2025-10-03T22:42:36,3.0,8059.62890625,5.8,3.5
2025-10-03T22:42:37,5.0,8059.62890625,5.9,3.5
2025-10-03T22:42:38,4.0,8059.62890625,5.9,3.5
2025-10-03T22:42:39,4.0,8059.62890625,5.9,3.5
2025-10-03T22:42:40,2.0,8059.62890625,5.8,3.5
2025-10-03T22:42:41,3.0,8059.62890625,5.8,3.5
2025-10-03T22:42:42,5.0,8059.62890625,5.9,3.5
2025-10-03T22:42:43,3.0,8059.62890625,5.8,3.5
2025-10-03T22:42:44,4.0,8059.62890625,5.8,3.5
2025-10-03T22:42:45,3.0,8059.62890625,5.9,3.5
2025-10-03T22:42:46,3.0,8059.62890625,5.8,3.5
2025-10-03T22:42:47,4.0,8059.62890625,5.8,3.5
2025-10-03T22:42:48,3.0,8059.62890625,5.9,3.5
2025-10-03T22:42:49,5.0,8059.62890625,5.9,3.5
2025-10-03T22:42:50,3.0,8059.62890625,5.8,3.5
2025-10-03T22:42:51,4.0,8059.62890625,5.9,3.5
2025-10-03T22:42:52,4.0,8059.62890625,5.9,3.5
2025-10-03T22:42:53,5.0,8059.62890625,5.8,3.5
2025-10-03T22:42:54,3.0,8059.62890625,5.9,3.5
2025-10-03T22:42:55,1.0,8059.62890625,5.8,3.5
2025-10-03T22:42:56,4.0,8059.62890625,5.8,3.5
2025-10-03T22:42:57,5.0,8059.62890625,5.8,3.5
2025-10-03T22:42:58,4.0,8059.62890625,5.9,3.5
2025-10-03T22:42:59,3.0,8059.62890625,5.8,3.5
2025-10-03T22:43:00,3.0,8059.62890625,5.8,3.5
2025-10-03T22:43:01,1.0,8059.62890625,5.8,3.5
2025-10-03T22:43:02,3.0,8059.62890625,5.8,3.5
2025-10-03T22:43:03,3.0,8059.62890625,5.8,3.5
2025-10-03T22:43:04,4.0,8059.62890625,5.9,3.5
2025-10-03T22:43:05,2.0,8059.62890625,5.8,3.5
2025-10-03T22:43:06,4.0,8059.62890625,5.8,3.5
2025-10-03T22:43:07,5.0,8059.62890625,5.9,3.5
2025-10-03T22:43:08,4.0,8059.62890625,5.9,3.5
2025-10-03T22:43:09,3.0,8059.62890625,5.8,3.5
2025-10-03T22:43:10,3.0,8059.62890625,5.9,3.5
2025-10-03T22:43:11,3.0,8059.62890625,5.9,3.5
2025-10-03T22:43:12,3.0,8059.62890625,5.8,3.5
2025-10-03T22:43:13,1.0,8059.62890625,5.8,3.5
2025-10-03T22:43:14,3.0,8059.62890625,5.9,3.5
2025-10-03T22:43:15,1.0,8059.62890625,5.7,3.5
2025-10-03T22:43:16,5.0,8059.62890625,5.9,3.5
2025-10-03T22:43:17,5.0,8059.62890625,6.0,3.5
2025-10-03T22:43:18,2.0,8059.62890625,5.8,3.5
2025-10-03T22:43:19,3.0,8059.62890625,5.8,3.5
2025-10-03T22:43:20,4.0,8059.62890625,5.9,3.5
2025-10-03T22:43:21,3.0,8059.62890625,5.8,3.5
2025-10-03T22:43:22,2.0,8059.62890625,5.8,3.5
2025-10-03T22:43:23,4.0,8059.62890625,5.9,3.5
2025-10-03T22:43:24,1.0,8059.62890625,5.8,3.5
2025-10-03T22:43:25,3.0,8059.62890625,5.8,3.5
2025-10-03T22:43:26,3.0,8059.62890625,5.9,3.5
2025-10-03T22:43:27,4.0,8059.62890625,5.9,3.5
2025-10-03T22:43:28,3.0,8059.62890625,5.8,3.5
2025-10-03T22:43:29,4.0,8059.62890625,5.9,3.5
2025-10-03T22:43:30,5.0,8059.62890625,5.9,3.5
2025-10-03T22:43:31,3.0,8059.62890625,5.8,3.5
2025-10-03T22:43:32,5.0,8059.62890625,5.9,3.5
2025-10-03T22:43:33,6.0,8059.62890625,5.9,3.5
2025-10-03T22:43:34,2.0,8059.62890625,5.8,3.5
2025-10-03T22:43:35,3.0,8059.62890625,5.8,3.5
2025-10-03T22:43:36,1.0,8059.62890625,5.8,3.5
2025-10-03T22:43:37,5.0,8059.62890625,5.8,3.5
2025-10-03T22:43:38,1.0,8059.62890625,5.8,3.5
2025-10-03T22:43:39,3.0,8059.62890625,5.9,3.5
2025-10-03T22:43:40,3.0,8059.62890625,5.8,3.5
2025-10-03T22:43:41,4.0,8059.62890625,5.8,3.5
2025-10-03T22:43:42,5.0,8059.62890625,5.9,3.5
2025-10-03T22:43:43,5.0,8059.62890625,5.9,3.5
2025-10-03T22:43:44,3.0,8059.62890625,5.8,3.5
2025-10-03T22:43:45,4.0,8059.62890625,5.9,3.5
2025-10-03T22:43:46,3.0,8059.62890625,5.8,3.5
2025-10-03T22:43:47,3.0,8059.62890625,5.8,3.5
2025-10-03T22:43:48,4.0,8059.62890625,5.9,3.5
2025-10-03T22:43:49,2.0,8059.62890625,5.8,3.5
2025-10-03T22:43:50,4.0,8059.62890625,5.8,3.5
2025-10-03T22:43:51,1.0,8059.62890625,5.8,3.5
2025-10-03T22:43:52,4.0,8059.62890625,5.9,3.5
2025-10-03T22:43:53,4.0,8059.62890625,5.8,3.5
2025-10-03T22:43:54,4.0,8059.62890625,5.8,3.5
2025-10-03T22:43:55,3.0,8059.62890625,5.9,3.5
2025-10-03T22:43:56,3.0,8059.62890625,5.8,3.5
2025-10-03T22:43:57,3.0,8059.62890625,5.8,3.5
2025-10-03T22:43:58,4.0,8059.62890625,5.9,3.5
2025-10-03T22:43:59,2.0,8059.62890625,5.8,3.5
2025-10-03T22:44:00,5.0,8059.62890625,5.9,3.5
2025-10-03T22:44:01,2.0,8059.62890625,5.9,3.5
2025-10-03T22:44:02,2.0,8059.62890625,5.8,3.5
2025-10-03T22:44:03,2.0,8059.62890625,6.0,3.5
2025-10-03T22:44:04,3.0,8059.62890625,5.9,3.5
2025-10-03T22:44:05,2.0,8059.62890625,5.8,3.5
2025-10-03T22:44:06,3.0,8059.62890625,5.8,3.5
2025-10-03T22:44:07,3.0,8059.62890625,5.8,3.5
2025-10-03T22:44:08,3.0,8059.62890625,5.8,3.5
2025-10-03T22:44:09,3.0,8059.62890625,5.8,3.5
2025-10-03T22:44:10,5.0,8059.62890625,5.9,3.5
2025-10-03T22:44:11,3.0,8059.62890625,5.9,3.5
2025-10-03T22:44:12,3.0,8059.62890625,5.8,3.5
2025-10-03T22:44:13,3.0,8059.62890625,5.9,3.5
2025-10-03T22:44:14,4.0,8059.62890625,5.9,3.5
2025-10-03T22:44:15,2.0,8059.62890625,5.8,3.5
2025-10-03T22:44:16,3.0,8059.62890625,5.8,3.5
2025-10-03T22:44:17,3.0,8059.62890625,5.9,3.5
2025-10-03T22:44:18,2.0,8059.62890625,5.8,3.5
2025-10-03T22:44:19,3.0,8059.62890625,5.8,3.5
2025-10-03T22:44:20,3.0,8059.62890625,5.8,3.5
2025-10-03T22:44:21,3.0,8059.62890625,5.8,3.5
2025-10-03T22:44:22,4.0,8059.62890625,5.8,3.5
2025-10-03T22:44:23,2.0,8059.62890625,5.8,3.5
2025-10-03T22:44:24,5.0,8059.62890625,5.9,3.5
2025-10-03T22:44:25,3.0,8059.62890625,5.8,3.5
2025-10-03T22:44:26,4.0,8059.62890625,5.8,3.5
2025-10-03T22:44:27,3.0,8059.62890625,5.9,3.5
2025-10-03T22:44:28,3.0,8059.62890625,5.8,3.5
2025-10-03T22:44:29,3.0,8059.62890625,5.8,3.5
2025-10-03T22:44:30,3.0,8059.62890625,5.8,3.5
2025-10-03T22:44:31,3.0,8059.62890625,5.8,3.5
2025-10-03T22:44:32,3.0,8059.62890625,5.8,3.5
2025-10-03T22:44:33,4.0,8059.62890625,5.9,3.5
2025-10-03T22:44:34,2.0,8059.62890625,5.8,3.5
2025-10-03T22:44:35,3.0,8059.62890625,5.8,3.5
2025-10-03T22:44:36,3.0,8059.62890625,5.9,3.5
2025-10-03T22:44:37,4.0,8059.62890625,5.8,3.5
2025-10-03T22:44:38,2.0,8059.62890625,5.8,3.5
2025-10-03T22:44:39,5.0,8059.62890625,5.9,3.5
2025-10-03T22:44:40,4.0,8059.62890625,5.8,3.5
2025-10-03T22:44:41,3.0,8059.62890625,5.8,3.5
2025-10-03T22:44:42,3.0,8059.62890625,5.8,3.5
2025-10-03T22:44:43,3.0,8059.62890625,5.8,3.5
2025-10-03T22:44:44,2.0,8059.62890625,5.8,3.5
2025-10-03T22:44:45,5.0,8059.62890625,5.9,3.5
2025-10-03T22:44:46,2.0,8059.62890625,5.8,3.5
2025-10-03T22:44:47,2.0,8059.62890625,5.8,3.5
2025-10-03T22:44:48,5.0,8059.62890625,5.9,3.5
2025-10-03T22:44:49,3.0,8059.62890625,5.8,3.5
2025-10-03T22:44:50,2.0,8059.62890625,5.8,3.5
2025-10-03T22:44:51,3.0,8059.62890625,5.8,3.5
2025-10-03T22:44:52,6.0,8059.62890625,5.9,3.5
2025-10-03T22:44:53,4.0,8059.62890625,5.8,3.5
2025-10-03T22:44:54,3.0,8059.62890625,5.8,3.5
2025-10-03T22:44:55,3.0,8059.62890625,5.9,3.5
2025-10-03T22:44:56,2.0,8059.62890625,5.8,3.5
2025-10-03T22:44:57,3.0,8059.62890625,5.8,3.5
2025-10-03T22:44:58,3.0,8059.62890625,5.9,3.5
2025-10-03T22:44:59,3.0,8059.62890625,5.8,3.5
2025-10-03T22:45:00,3.0,8059.62890625,5.8,3.5
2025-10-03T22:45:01,4.0,8059.62890625,5.9,3.5
2025-10-03T22:45:02,5.0,8059.62890625,5.9,3.5
2025-10-03T22:45:03,3.0,8059.62890625,5.8,3.5
2025-10-03T22:45:04,5.0,8059.62890625,5.9,3.5
2025-10-03T22:45:05,2.0,8059.62890625,5.9,3.5
2025-10-03T22:45:06,3.0,8059.62890625,5.8,3.5
2025-10-03T22:45:07,3.0,8059.62890625,5.9,3.5
2025-10-03T22:45:08,4.0,8059.62890625,5.9,3.5
2025-10-03T22:45:09,2.0,8059.62890625,5.8,3.5
2025-10-03T22:45:10,4.0,8059.62890625,5.8,3.5
2025-10-03T22:45:11,3.0,8059.62890625,5.9,3.5
2025-10-03T22:45:12,2.0,8059.62890625,5.8,3.5
2025-10-03T22:45:13,4.0,8059.62890625,5.9,3.5
2025-10-03T22:45:14,3.0,8059.62890625,5.9,3.5
2025-10-03T22:45:15,4.0,8059.62890625,5.8,3.5
2025-10-03T22:45:16,3.0,8059.62890625,5.8,3.5
2025-10-03T22:45:17,3.0,8059.62890625,5.9,3.5
2025-10-03T22:45:18,4.0,8059.62890625,5.8,3.5
2025-10-03T22:45:19,4.0,8059.62890625,5.8,3.5
2025-10-03T22:45:20,2.0,8059.62890625,5.8,3.5
2025-10-03T22:45:21,3.0,8059.62890625,5.9,3.5
2025-10-03T22:45:22,3.0,8059.62890625,5.8,3.5
2025-10-03T22:45:23,2.0,8059.62890625,5.8,3.5
2025-10-03T22:45:24,4.0,8059.62890625,5.9,3.5
2025-10-03T22:45:25,4.0,8059.62890625,5.8,3.5
2025-10-03T22:45:26,3.0,8059.62890625,5.8,3.5
2025-10-03T22:45:27,3.0,8059.62890625,5.8,3.5
2025-10-03T22:45:28,4.0,8059.62890625,5.8,3.5
2025-10-03T22:45:29,1.0,8059.62890625,5.8,3.5
2025-10-03T22:45:30,4.0,8059.62890625,5.9,3.5
2025-10-03T22:45:31,3.0,8059.62890625,5.8,3.5
2025-10-03T22:45:32,3.0,8059.62890625,5.8,3.5
2025-10-03T22:45:33,2.0,8059.62890625,5.8,3.5
2025-10-03T22:45:34,4.0,8059.62890625,5.8,3.5
2025-10-03T22:45:35,4.0,8059.62890625,5.8,3.5
2025-10-03T22:45:36,2.0,8059.62890625,5.8,3.5
2025-10-03T22:45:37,5.0,8059.62890625,5.9,3.5
2025-10-03T22:45:38,3.0,8059.62890625,5.8,3.5
2025-10-03T22:45:39,16.0,8059.62890625,6.0,3.5
2025-10-03T22:45:40,1.0,8059.62890625,5.8,3.5
2025-10-03T22:45:41,3.0,8059.62890625,5.8,3.5
2025-10-03T22:45:42,4.0,8059.62890625,5.9,3.5
2025-10-03T22:45:43,2.0,8059.62890625,5.8,3.5
2025-10-03T22:45:44,2.0,8059.62890625,5.8,3.5
2025-10-03T22:45:45,4.0,8059.62890625,5.9,3.5
2025-10-03T22:45:46,3.0,8059.62890625,5.9,3.5
2025-10-03T22:45:47,4.0,8059.62890625,5.8,3.5
2025-10-03T22:45:48,3.0,8059.62890625,5.9,3.5
2025-10-03T22:45:49,2.0,8059.62890625,5.8,3.5
2025-10-03T22:45:50,4.0,8059.62890625,5.8,3.5
2025-10-03T22:45:51,4.0,8059.62890625,5.8,3.5
2025-10-03T22:45:52,4.0,8059.62890625,5.9,3.5
2025-10-03T22:45:53,2.0,8059.62890625,5.8,3.5
2025-10-03T22:45:54,2.0,8059.62890625,5.8,3.5
2025-10-03T22:45:55,5.0,8059.62890625,5.9,3.5
2025-10-03T22:45:56,4.0,8059.62890625,5.8,3.5
2025-10-03T22:45:57,4.0,8059.62890625,5.9,3.5
2025-10-03T22:45:58,3.0,8059.62890625,5.9,3.5
2025-10-03T22:45:59,6.0,8059.62890625,5.9,3.5
2025-10-03T22:46:00,4.0,8059.62890625,5.8,3.5
2025-10-03T22:46:01,3.0,8059.62890625,5.8,3.5
2025-10-03T22:46:02,3.0,8059.62890625,5.9,3.5
2025-10-03T22:46:03,3.0,8059.62890625,5.8,3.5
2025-10-03T22:46:04,4.0,8059.62890625,5.9,3.5
2025-10-03T22:46:05,4.0,8059.62890625,5.9,3.5
2025-10-03T22:46:06,4.0,8059.62890625,5.8,3.5
2025-10-03T22:46:07,5.0,8059.62890625,5.9,3.5
2025-10-03T22:46:08,5.0,8059.62890625,5.9,3.5
2025-10-03T22:46:09,4.0,8059.62890625,5.8,3.5
2025-10-03T22:46:10,2.0,8059.62890625,5.8,3.5
2025-10-03T22:46:11,2.0,8059.62890625,5.8,3.5
2025-10-03T22:46:12,5.0,8059.62890625,5.8,3.5
2025-10-03T22:46:13,3.0,8059.62890625,5.8,3.5
2025-10-03T22:46:14,4.0,8059.62890625,5.9,3.5
2025-10-03T22:46:15,2.0,8059.62890625,5.8,3.5
2025-10-03T22:46:16,6.0,8059.62890625,5.9,3.5
2025-10-03T22:46:17,2.0,8059.62890625,5.9,3.5
2025-10-03T22:46:18,4.0,8059.62890625,5.9,3.5
2025-10-03T22:46:19,2.0,8059.62890625,5.8,3.5
2025-10-03T22:46:20,2.0,8059.62890625,5.8,3.5
2025-10-03T22:46:21,3.0,8059.62890625,5.8,3.5
2025-10-03T22:46:22,4.0,8059.62890625,5.8,3.5
2025-10-03T22:46:23,4.0,8059.62890625,5.9,3.5
2025-10-03T22:46:24,3.0,8059.62890625,5.9,3.5
2025-10-03T22:46:25,3.0,8059.62890625,5.8,3.5
2025-10-03T22:46:26,4.0,8059.62890625,5.9,3.5
2025-10-03T22:46:27,3.0,8059.62890625,5.8,3.5
2025-10-03T22:46:28,5.0,8059.62890625,5.8,3.5
2025-10-03T22:46:29,3.0,8059.62890625,5.8,3.5
2025-10-03T22:46:30,3.0,8059.62890625,5.8,3.5
2025-10-03T22:46:31,3.0,8059.62890625,5.8,3.5
2025-10-03T22:46:32,3.0,8059.62890625,5.8,3.5
2025-10-03T22:46:33,3.0,8059.62890625,5.9,3.5
2025-10-03T22:46:34,2.0,8059.62890625,5.8,3.5
2025-10-03T22:46:35,2.0,8059.62890625,5.8,3.5
2025-10-03T22:46:36,4.0,8059.62890625,5.9,3.5
2025-10-03T22:46:37,5.0,8059.62890625,5.9,3.5
2025-10-03T22:46:38,4.0,8059.62890625,5.8,3.5
2025-10-03T22:46:39,4.0,8059.62890625,5.9,3.5
2025-10-03T22:46:40,2.0,8059.62890625,5.9,3.5
2025-10-03T22:46:41,4.0,8059.62890625,5.8,3.5
2025-10-03T22:46:42,3.0,8059.62890625,5.9,3.5
2025-10-03T22:46:43,5.0,8059.62890625,5.9,3.5
2025-10-03T22:46:44,3.0,8059.62890625,5.8,3.5
2025-10-03T22:46:45,2.0,8059.62890625,5.8,3.5
2025-10-03T22:46:46,1.0,8059.62890625,5.8,3.5
2025-10-03T22:46:47,4.0,8059.62890625,5.8,3.5
2025-10-03T22:46:48,3.0,8059.62890625,5.9,3.5
2025-10-03T22:46:49,2.0,8059.62890625,5.8,3.5
2025-10-03T22:46:50,5.0,8059.62890625,5.8,3.5
2025-10-03T22:46:51,3.0,8059.62890625,5.8,3.5
2025-10-03T22:46:52,5.0,8059.62890625,5.9,3.5
2025-10-03T22:46:53,3.0,8059.62890625,5.8,3.5
2025-10-03T22:46:54,4.0,8059.62890625,5.8,3.5
2025-10-03T22:46:55,2.0,8059.62890625,5.8,3.5
2025-10-03T22:46:56,4.0,8059.62890625,5.8,3.5
2025-10-03T22:46:57,3.0,8059.62890625,5.8,3.5
2025-10-03T22:46:58,3.0,8059.62890625,5.9,3.5
2025-10-03T22:46:59,4.0,8059.62890625,5.8,3.5
2025-10-03T22:47:00,2.0,8059.62890625,5.8,3.5
2025-10-03T22:47:01,4.0,8059.62890625,5.9,3.5
2025-10-03T22:47:02,1.0,8059.62890625,5.8,3.5
2025-10-03T22:47:03,4.0,8059.62890625,5.8,3.5
2025-10-03T22:47:04,5.0,8059.62890625,5.9,3.5
2025-10-03T22:47:05,3.0,8059.62890625,5.9,3.5
2025-10-03T22:47:06,4.0,8059.62890625,5.8,3.5
2025-10-03T22:47:07,4.0,8059.62890625,5.9,3.5
2025-10-03T22:47:08,2.0,8059.62890625,5.9,3.5
2025-10-03T22:47:09,3.0,8059.62890625,5.8,3.5
2025-10-03T22:47:10,3.0,8059.62890625,5.8,3.5
2025-10-03T22:47:11,3.0,8059.62890625,5.9,3.5
2025-10-03T22:47:12,4.0,8059.62890625,5.8,3.5
2025-10-03T22:47:13,5.0,8059.62890625,5.9,3.5
2025-10-03T22:47:14,3.0,8059.62890625,5.9,3.5
2025-10-03T22:47:15,5.0,8059.62890625,5.9,3.5
2025-10-03T22:47:16,6.0,8059.62890625,5.9,3.5
2025-10-03T22:47:17,3.0,8059.62890625,5.8,3.5
2025-10-03T22:47:18,3.0,8059.62890625,5.8,3.5
2025-10-03T22:47:19,5.0,8059.62890625,5.9,3.5
2025-10-03T22:47:20,2.0,8059.62890625,5.9,3.5
2025-10-03T22:47:21,2.0,8059.62890625,5.8,3.5
2025-10-03T22:47:22,4.0,8059.62890625,5.8,3.5
2025-10-03T22:47:23,3.0,8059.62890625,5.9,3.5
2025-10-03T22:47:24,3.0,8059.62890625,5.8,3.5
2025-10-03T22:47:25,6.0,8059.62890625,5.8,3.5
2025-10-03T22:47:26,5.0,8059.62890625,5.9,3.5
2025-10-03T22:47:27,3.0,8059.62890625,5.9,3.5
2025-10-03T22:47:28,3.0,8059.62890625,5.8,3.5
2025-10-03T22:47:29,4.0,8059.62890625,5.8,3.5
2025-10-03T22:47:30,3.0,8059.62890625,5.9,3.5
2025-10-03T22:47:31,4.0,8059.62890625,5.8,3.5
2025-10-03T22:47:32,4.0,8059.62890625,5.8,3.5
2025-10-03T22:47:33,3.0,8059.62890625,5.9,3.5
2025-10-03T22:47:34,1.0,8059.62890625,5.8,3.5
2025-10-03T22:47:35,5.0,8059.62890625,5.9,3.5
2025-10-03T22:47:36,5.0,8059.62890625,5.9,3.5
2025-10-03T22:47:37,4.0,8059.62890625,5.8,3.5
2025-10-03T22:47:38,3.0,8059.62890625,5.9,3.5
2025-10-03T22:47:39,4.0,8059.62890625,5.9,3.5
2025-10-03T22:47:40,3.0,8059.62890625,5.8,3.5
2025-10-03T22:47:41,3.0,8059.62890625,5.8,3.5
2025-10-03T22:47:42,2.0,8059.62890625,5.9,3.5
2025-10-03T22:47:43,2.0,8059.62890625,5.8,3.5
2025-10-03T22:47:44,3.0,8059.62890625,5.8,3.5
2025-10-03T22:47:45,4.0,8059.62890625,5.9,3.5
2025-10-03T22:47:46,4.0,8059.62890625,5.9,3.5
2025-10-03T22:47:47,5.0,8059.62890625,5.8,3.5
2025-10-03T22:47:48,2.0,8059.62890625,5.8,3.5
2025-10-03T22:47:49,5.0,8059.62890625,5.9,3.5
2025-10-03T22:47:50,4.0,8059.62890625,5.8,3.5
2025-10-03T22:47:51,4.0,8059.62890625,5.9,3.5
2025-10-03T22:47:52,2.0,8059.62890625,5.8,3.5
2025-10-03T22:47:53,5.0,8059.62890625,5.8,3.5
2025-10-03T22:47:54,2.0,8059.62890625,5.8,3.5
2025-10-03T22:47:55,5.0,8059.62890625,5.9,3.5
2025-10-03T22:47:56,3.0,8059.62890625,5.8,3.5
2025-10-03T22:47:57,4.0,8059.62890625,5.9,3.5
2025-10-03T22:47:58,4.0,8059.62890625,5.9,3.5
2025-10-03T22:47:59,3.0,8059.62890625,5.8,3.5
2025-10-03T22:48:00,4.0,8059.62890625,5.8,3.5
2025-10-03T22:48:01,3.0,8059.62890625,5.9,3.5
2025-10-03T22:48:02,3.0,8059.62890625,5.9,3.5
2025-10-03T22:48:03,3.0,8059.62890625,5.8,3.5
2025-10-03T22:48:04,4.0,8059.62890625,5.8,3.5
2025-10-03T22:48:05,3.0,8059.62890625,5.9,3.5
2025-10-03T22:48:06,3.0,8059.62890625,5.8,3.5
2025-10-03T22:48:07,3.0,8059.62890625,5.9,3.5
2025-10-03T22:48:08,6.0,8059.62890625,5.9,3.5
2025-10-03T22:48:09,4.0,8059.62890625,5.8,3.5
2025-10-03T22:48:10,2.0,8059.62890625,5.8,3.5
2025-10-03T22:48:11,4.0,8059.62890625,5.9,3.5
2025-10-03T22:48:12,2.0,8059.62890625,5.8,3.5
2025-10-03T22:48:13,5.0,8059.62890625,5.9,3.5
2025-10-03T22:48:14,3.0,8059.62890625,5.8,3.5
2025-10-03T22:48:15,4.0,8059.62890625,5.8,3.5
2025-10-03T22:48:16,3.0,8059.62890625,5.8,3.5
2025-10-03T22:48:17,2.0,8059.62890625,5.9,3.5
2025-10-03T22:48:18,4.0,8059.62890625,5.9,3.5
2025-10-03T22:48:19,3.0,8059.62890625,5.8,3.5
2025-10-03T22:48:20,5.0,8059.62890625,5.9,3.5
2025-10-03T22:48:21,3.0,8059.62890625,5.9,3.5
2025-10-03T22:48:22,4.0,8059.62890625,5.8,3.5
2025-10-03T22:48:23,4.0,8059.62890625,5.9,3.5
2025-10-03T22:48:24,2.0,8059.62890625,5.8,3.5
2025-10-03T22:48:25,5.0,8059.62890625,5.8,3.5
2025-10-03T22:48:26,4.0,8059.62890625,5.9,3.5
2025-10-03T22:48:27,2.0,8059.62890625,5.8,3.5
2025-10-03T22:48:28,4.0,8059.62890625,5.9,3.5
2025-10-03T22:48:29,3.0,8059.62890625,5.8,3.5
2025-10-03T22:48:30,2.0,8059.62890625,5.8,3.5
2025-10-03T22:48:31,3.0,8059.62890625,5.8,3.5
2025-10-03T22:48:32,5.0,8059.62890625,5.8,3.5
2025-10-03T22:48:33,3.0,8059.62890625,5.9,3.5
2025-10-03T22:48:34,3.0,8059.62890625,5.8,3.5
2025-10-03T22:48:35,2.0,8059.62890625,5.7,3.5
2025-10-03T22:48:36,3.0,8059.62890625,5.9,3.5
2025-10-03T22:48:37,3.0,8059.62890625,5.9,3.5
2025-10-03T22:48:38,5.0,8059.62890625,5.8,3.5
2025-10-03T22:48:39,3.0,8059.62890625,5.9,3.5
2025-10-03T22:48:40,4.0,8059.62890625,5.9,3.5
2025-10-03T22:48:41,1.0,8059.62890625,5.7,3.5
2025-10-03T22:48:42,4.0,8059.62890625,5.9,3.5
2025-10-03T22:48:43,2.0,8059.62890625,5.8,3.5
2025-10-03T22:48:44,3.0,8059.62890625,5.8,3.5
2025-10-03T22:48:45,5.0,8059.62890625,5.9,3.5
2025-10-03T22:48:46,3.0,8059.62890625,5.9,3.5
2025-10-03T22:48:47,4.0,8059.62890625,5.8,3.5
2025-10-03T22:48:48,2.0,8059.62890625,5.8,3.5
2025-10-03T22:48:49,3.0,8059.62890625,5.9,3.5
2025-10-03T22:48:50,1.0,8059.62890625,5.8,3.5
2025-10-03T22:48:51,6.0,8059.62890625,5.9,3.5
2025-10-03T22:48:52,2.0,8059.62890625,5.8,3.5
2025-10-03T22:48:53,3.0,8059.62890625,5.8,3.5
2025-10-03T22:48:54,2.0,8059.62890625,5.8,3.5
2025-10-03T22:48:55,5.0,8059.62890625,5.9,3.5
2025-10-03T22:48:56,2.0,8059.62890625,5.9,3.5
2025-10-03T22:48:57,3.0,8059.62890625,5.8,3.5
2025-10-03T22:48:58,5.0,8059.62890625,5.9,3.5
2025-10-03T22:48:59,1.0,8059.62890625,5.8,3.5
2025-10-03T22:49:00,3.0,8059.62890625,5.8,3.5
2025-10-03T22:49:01,3.0,8059.62890625,5.9,3.5
2025-10-03T22:49:02,3.0,8059.62890625,5.9,3.5
2025-10-03T22:49:03,5.0,8059.62890625,5.8,3.5
2025-10-03T22:49:04,3.0,8059.62890625,5.8,3.5
2025-10-03T22:49:05,2.0,8059.62890625,5.8,3.5
2025-10-03T22:49:06,3.0,8059.62890625,5.8,3.5
2025-10-03T22:49:07,3.0,8059.62890625,5.8,3.5
2025-10-03T22:49:08,3.0,8059.62890625,5.9,3.5
2025-10-03T22:49:09,3.0,8059.62890625,5.8,3.5
2025-10-03T22:49:10,4.0,8059.62890625,5.8,3.5
2025-10-03T22:49:11,4.0,8059.62890625,5.9,3.5
2025-10-03T22:49:12,4.0,8059.62890625,5.8,3.5
2025-10-03T22:49:13,3.0,8059.62890625,5.8,3.5
2025-10-03T22:49:14,3.0,8059.62890625,5.8,3.5
2025-10-03T22:49:15,4.0,8059.62890625,5.9,3.5
2025-10-03T22:49:16,4.0,8059.62890625,5.8,3.5
2025-10-03T22:49:17,4.0,8059.62890625,5.9,3.5
2025-10-03T22:49:18,4.0,8059.62890625,5.9,3.5
2025-10-03T22:49:19,2.0,8059.62890625,5.7,3.5
2025-10-03T22:49:20,3.0,8059.62890625,5.9,3.5
2025-10-03T22:49:21,2.0,8059.62890625,5.9,3.5
2025-10-03T22:49:22,3.0,8059.62890625,5.8,3.5
2025-10-03T22:49:23,4.0,8059.62890625,5.9,3.5
2025-10-03T22:49:24,2.0,8059.62890625,5.8,3.5
2025-10-03T22:49:25,6.0,8059.62890625,5.8,3.5
2025-10-03T22:49:26,3.0,8059.62890625,5.8,3.5
2025-10-03T22:49:27,2.0,8059.62890625,5.8,3.5
2025-10-03T22:49:28,3.0,8059.62890625,5.8,3.5
2025-10-03T22:49:29,3.0,8059.62890625,5.8,3.5
2025-10-03T22:49:30,4.0,8059.62890625,6.0,3.5
2025-10-03T22:49:31,2.0,8059.62890625,5.8,3.5
2025-10-03T22:49:32,4.0,8059.62890625,6.5,3.5
2025-10-03T22:49:33,5.0,8059.62890625,6.0,3.5
2025-10-03T22:49:34,4.0,8059.62890625,5.9,3.5
2025-10-03T22:49:35,4.0,8059.62890625,5.8,3.5
2025-10-03T22:49:36,5.0,8059.62890625,5.9,3.5
2025-10-03T22:49:37,2.0,8059.62890625,5.9,3.5
2025-10-03T22:49:38,1.0,8059.62890625,5.8,3.5
2025-10-03T22:49:39,2.0,8059.62890625,5.8,3.5
2025-10-03T22:49:40,1.0,8059.62890625,6.0,3.5
2025-10-03T22:49:41,2.0,8059.62890625,5.9,3.5
2025-10-03T22:49:42,2.0,8059.62890625,5.9,3.5
2025-10-03T22:49:43,1.0,8059.62890625,5.9,3.5
2025-10-03T22:49:44,2.0,8059.62890625,5.9,3.5
2025-10-03T22:49:45,2.0,8059.62890625,5.8,3.5
2025-10-03T22:49:46,2.0,8059.62890625,5.9,3.5
2025-10-03T22:49:47,1.0,8059.62890625,5.8,3.5
2025-10-03T22:49:48,3.0,8059.62890625,6.0,3.5
2025-10-03T22:49:49,1.0,8059.62890625,5.8,3.5
2025-10-03T22:49:50,1.0,8059.62890625,5.8,3.5
2025-10-03T22:49:51,2.0,8059.62890625,5.8,3.5
2025-10-03T22:49:52,3.0,8059.62890625,6.0,3.5
2025-10-03T22:49:53,2.0,8059.62890625,6.0,3.5
2025-10-03T22:49:54,2.0,8059.62890625,5.7,3.5
2025-10-03T22:49:55,2.0,8059.62890625,5.8,3.5
2025-10-03T22:49:56,1.0,8059.62890625,6.0,3.5
2025-10-03T22:49:57,1.0,8059.62890625,5.7,3.5
2025-10-03T22:49:58,1.0,8059.62890625,5.8,3.5
2025-10-03T22:49:59,44.0,8063.37890625,6.1,3.5
2025-10-03T22:50:00,99.8,8070.87890625,6.5,3.5
2025-10-03T22:50:01,98.9,8128.37890625,6.4,3.5
2025-10-03T22:50:02,101.3,8175.87890625,6.4,3.5
2025-10-03T22:50:04,224.8,10007.01953125,6.4,3.6
2025-10-03T22:50:05,11.0,10097.0859375,6.7,3.6
2025-10-03T22:50:05,103.5,10096.34765625,6.4,3.6
2025-10-03T22:50:06,127.4,14016.94140625,6.4,3.8
2025-10-03T22:50:07,99.9,18305.15234375,6.4,4.1
2025-10-03T22:50:08,74.1,8545.87109375,6.6,3.5
2025-10-03T22:50:09,98.2,8535.95703125,6.4,3.5
2025-10-03T22:50:10,99.7,8584.70703125,6.4,3.5
2025-10-03T22:50:11,100.0,8642.20703125,6.4,3.5
2025-10-03T22:50:12,100.5,9313.578125,6.4,3.6
2025-10-03T22:50:13,321.1,10437.1796875,6.4,3.6
2025-10-03T22:50:14,36.2,14331.15234375,6.3,3.9
2025-10-03T22:50:16,101.6,15621.63671875,6.4,4.0
2025-10-03T22:50:16,95.1,19027.6796875,6.4,3.8
2025-10-03T22:50:17,98.7,10321.890625,6.5,3.7
2025-10-03T22:50:18,100.0,11017.3984375,6.4,3.7
2025-10-03T22:50:19,100.1,11757.42578125,6.3,3.8
2025-10-03T22:50:20,98.8,11783.67578125,6.4,3.8
2025-10-03T22:50:21,99.8,11849.92578125,6.5,3.8
2025-10-03T22:50:22,99.8,11771.28125,6.4,3.8
2025-10-03T22:50:23,17.6,11771.28125,6.5,3.8
2025-10-03T22:50:24,0.0,11771.28125,5.8,3.8
2025-10-03T22:50:25,0.0,11771.28125,5.8,3.8
2025-10-03T22:50:26,0.0,11771.28125,5.8,3.8
2025-10-03T22:50:27,0.0,11771.28125,5.8,3.8
2025-10-03T22:50:28,0.0,11771.28125,5.7,3.8
2025-10-03T22:50:29,4.0,11771.28125,6.2,3.8
2025-10-03T22:50:30,8.0,11771.28125,6.0,3.8
2025-10-03T22:50:31,7.0,11771.28125,5.9,3.8
2025-10-03T22:50:32,6.0,11771.28125,5.9,3.8
2025-10-03T22:50:33,7.0,11771.28125,6.0,3.8
2025-10-03T22:50:34,4.0,11771.28125,5.8,3.8
2025-10-03T22:50:35,1.0,11771.28125,5.8,3.8
2025-10-03T22:50:36,3.0,11771.28125,5.8,3.8
2025-10-03T22:50:37,6.0,11771.28125,6.0,3.8
2025-10-03T22:50:38,7.0,11771.28125,5.9,3.8
2025-10-03T22:50:39,6.0,11771.28125,5.9,3.8
2025-10-03T22:50:40,6.0,11771.28125,5.9,3.8
2025-10-03T22:50:41,4.0,11771.28125,6.1,3.8
2025-10-03T22:50:42,2.0,11771.28125,5.9,3.8
2025-10-03T22:50:43,3.0,11771.28125,5.8,3.8
2025-10-03T22:50:44,7.0,11771.28125,5.8,3.8
2025-10-03T22:50:45,6.0,11771.28125,6.1,3.8
2025-10-03T22:50:46,6.0,11771.28125,5.9,3.8
2025-10-03T22:50:47,5.0,11771.28125,5.9,3.8
2025-10-03T22:50:48,4.0,11771.28125,5.9,3.8
2025-10-03T22:50:49,3.0,11771.28125,6.0,3.8
2025-10-03T22:50:50,4.0,11771.28125,5.8,3.8
2025-10-03T22:50:51,6.0,11771.28125,5.9,3.8
2025-10-03T22:50:52,4.0,11771.28125,6.0,3.8
2025-10-03T22:50:53,5.0,11771.28125,6.0,3.8
2025-10-03T22:50:54,6.0,11771.28125,5.9,3.8
2025-10-03T22:50:55,4.0,11771.28125,5.9,3.8
2025-10-03T22:50:56,6.0,11771.28125,5.8,3.8
2025-10-03T22:50:57,3.0,11771.28125,5.9,3.8
2025-10-03T22:50:58,3.0,11771.28125,6.0,3.8
2025-10-03T22:50:59,6.0,11771.28125,5.9,3.8
2025-10-03T22:51:00,5.0,11771.28125,5.8,3.8
2025-10-03T22:51:01,6.0,11771.28125,5.9,3.8
2025-10-03T22:51:02,5.0,11771.28125,6.0,3.8
2025-10-03T22:51:03,4.0,11771.28125,5.8,3.8
2025-10-03T22:51:04,4.0,11771.28125,5.9,3.8
2025-10-03T22:51:05,5.0,11771.28125,6.0,3.8
2025-10-03T22:51:06,4.0,11771.28125,6.0,3.8
2025-10-03T22:51:07,5.0,11771.28125,5.9,3.8
2025-10-03T22:51:08,5.0,11771.28125,5.9,3.8
2025-10-03T22:51:09,5.0,11771.28125,5.8,3.8
2025-10-03T22:51:10,4.0,11771.28125,6.0,3.8
2025-10-03T22:51:11,6.0,11771.28125,5.9,3.8
2025-10-03T22:51:12,4.0,11771.28125,5.8,3.8
2025-10-03T22:51:13,5.0,11771.28125,5.9,3.8
2025-10-03T22:51:14,5.0,11771.28125,6.0,3.8
2025-10-03T22:51:15,4.0,11771.28125,5.8,3.8
2025-10-03T22:51:16,5.0,11771.28125,5.8,3.8
2025-10-03T22:51:17,5.0,11771.28125,5.9,3.8
2025-10-03T22:51:18,5.0,11771.28125,6.1,3.8
2025-10-03T22:51:19,5.0,11771.28125,5.8,3.8
2025-10-03T22:51:20,4.0,11771.28125,5.9,3.8
2025-10-03T22:51:21,5.0,11771.28125,5.9,3.8
2025-10-03T22:51:22,4.0,11771.28125,5.9,3.8
2025-10-03T22:51:23,5.0,11771.28125,5.9,3.8
2025-10-03T22:51:24,4.0,11771.28125,5.9,3.8
2025-10-03T22:51:25,6.0,11771.28125,5.8,3.8
2025-10-03T22:51:26,4.0,11771.28125,6.2,3.8
2025-10-03T22:51:27,6.0,11771.28125,5.9,3.8
2025-10-03T22:51:28,6.0,11771.28125,5.9,3.8
2025-10-03T22:51:29,3.0,11771.28125,5.9,3.8
2025-10-03T22:51:30,6.0,11771.28125,6.1,3.8
2025-10-03T22:51:31,5.0,11771.28125,5.8,3.8
2025-10-03T22:51:32,4.0,11771.28125,5.8,3.8
2025-10-03T22:51:33,4.0,11771.28125,5.9,3.8
2025-10-03T22:51:34,7.0,11771.28125,6.0,3.8
2025-10-03T22:51:35,6.0,11771.28125,5.9,3.8
2025-10-03T22:51:36,4.0,11771.28125,5.8,3.8
2025-10-03T22:51:37,5.0,11771.28125,5.9,3.8
2025-10-03T22:51:38,5.0,11771.28125,5.9,3.8
2025-10-03T22:51:39,4.0,11771.28125,5.9,3.8
2025-10-03T22:51:40,5.0,11771.28125,5.9,3.8
2025-10-03T22:51:41,5.0,11771.28125,6.0,3.8
2025-10-03T22:51:42,5.0,11771.28125,6.0,3.8
2025-10-03T22:51:43,6.0,11771.28125,6.0,3.8
2025-10-03T22:51:44,5.0,11771.28125,5.8,3.8
2025-10-03T22:51:45,4.0,11771.28125,5.9,3.8
2025-10-03T22:51:46,4.0,11771.28125,5.9,3.8
2025-10-03T22:51:47,7.0,11771.28125,6.0,3.8
2025-10-03T22:51:48,7.0,11771.28125,5.9,3.8
2025-10-03T22:51:49,5.0,11771.28125,5.9,3.8
2025-10-03T22:51:50,4.0,11771.28125,5.9,3.7
2025-10-03T22:51:51,5.0,11771.28125,6.0,3.7
2025-10-03T22:51:52,3.0,11771.28125,5.9,3.7
2025-10-03T22:51:53,5.0,11771.28125,5.9,3.7
2025-10-03T22:51:54,5.0,11771.28125,5.8,3.7
2025-10-03T22:51:55,6.0,11771.28125,6.0,3.7
2025-10-03T22:51:56,4.0,11771.28125,5.9,3.7
2025-10-03T22:51:57,5.0,11771.28125,5.8,3.7
2025-10-03T22:51:58,4.0,11771.28125,5.9,3.7
2025-10-03T22:51:59,5.0,11771.28125,6.0,3.7
2025-10-03T22:52:00,7.0,11771.28125,5.8,3.7
2025-10-03T22:52:01,4.0,11771.28125,5.9,3.7
2025-10-03T22:52:02,6.0,11771.28125,5.9,3.7
2025-10-03T22:52:03,3.0,11771.28125,5.9,3.7
2025-10-03T22:52:04,5.0,11771.28125,5.9,3.7
2025-10-03T22:52:05,5.0,11771.28125,6.0,3.7
2025-10-03T22:52:06,5.0,11771.28125,5.8,3.7
2025-10-03T22:52:07,3.0,11771.28125,6.0,3.7
2025-10-03T22:52:08,6.0,11771.28125,5.9,3.7
2025-10-03T22:52:09,5.0,11771.28125,5.9,3.7
2025-10-03T22:52:10,5.0,11771.28125,5.9,3.7
2025-10-03T22:52:11,5.0,11771.28125,6.0,3.7
2025-10-03T22:52:12,5.0,11771.28125,5.9,3.7
2025-10-03T22:52:13,5.0,11771.28125,5.9,3.7
2025-10-03T22:52:14,5.0,11771.28125,5.9,3.7
2025-10-03T22:52:15,6.0,11771.28125,6.0,3.7
2025-10-03T22:52:16,5.0,11771.28125,5.8,3.7
2025-10-03T22:52:17,4.0,11771.28125,5.9,3.7
2025-10-03T22:52:18,4.0,11771.28125,5.9,3.7
2025-10-03T22:52:19,5.0,11771.28125,5.9,3.7
2025-10-03T22:52:20,5.0,11771.28125,5.9,3.7
2025-10-03T22:52:21,6.0,11771.28125,5.9,3.7
2025-10-03T22:52:22,4.0,11771.28125,5.8,3.7
2025-10-03T22:52:23,4.0,11771.28125,6.0,3.7
2025-10-03T22:52:24,8.0,11771.28125,6.0,3.7
2025-10-03T22:52:25,3.0,11771.28125,5.8,3.7
2025-10-03T22:52:26,5.0,11771.28125,5.9,3.7
2025-10-03T22:52:27,5.0,11771.28125,5.9,3.7
2025-10-03T22:52:28,5.0,11771.28125,5.9,3.7
2025-10-03T22:52:29,5.0,11771.28125,5.9,3.7
2025-10-03T22:52:30,5.0,11771.28125,5.9,3.7
2025-10-03T22:52:31,6.0,11771.28125,5.9,3.7
2025-10-03T22:52:32,3.0,11771.28125,6.0,3.7
2025-10-03T22:52:33,16.0,11771.28125,6.0,3.7
2025-10-03T22:52:34,6.0,11771.28125,5.9,3.7
2025-10-03T22:52:35,3.0,11771.28125,5.9,3.7
2025-10-03T22:52:36,5.0,11771.28125,6.0,3.7
2025-10-03T22:52:37,5.0,11771.28125,5.9,3.7
2025-10-03T22:52:38,4.0,11771.28125,5.8,3.7
2025-10-03T22:52:39,3.0,11771.28125,5.9,3.7
2025-10-03T22:52:40,4.0,11771.28125,6.0,3.7
2025-10-03T22:52:41,3.0,11771.28125,5.9,3.7
2025-10-03T22:52:42,5.0,11771.28125,5.9,3.7
2025-10-03T22:52:43,4.0,11771.28125,5.9,3.7
2025-10-03T22:52:44,5.0,11771.28125,5.9,3.7
2025-10-03T22:52:45,3.0,11771.28125,5.9,3.7
2025-10-03T22:52:46,5.0,11771.28125,5.9,3.7
2025-10-03T22:52:47,4.0,11771.28125,5.8,3.7
2025-10-03T22:52:48,4.0,11771.28125,6.0,3.7
2025-10-03T22:52:49,5.0,11771.28125,5.9,3.7
2025-10-03T22:52:50,3.0,11771.28125,5.8,3.7
2025-10-03T22:52:51,5.0,11771.28125,5.8,3.7
2025-10-03T22:52:52,4.0,11771.28125,6.0,3.7
2025-10-03T22:52:53,4.0,11771.28125,5.8,3.7
2025-10-03T22:52:54,5.0,11771.28125,5.9,3.7
2025-10-03T22:52:55,6.0,11771.28125,5.9,3.7
2025-10-03T22:52:56,4.0,11771.28125,6.0,3.7
2025-10-03T22:52:57,6.0,11771.28125,5.8,3.7
2025-10-03T22:52:58,4.0,11771.28125,5.9,3.7
2025-10-03T22:52:59,4.0,11771.28125,5.9,3.7
2025-10-03T22:53:00,5.0,11771.28125,6.0,3.7
2025-10-03T22:53:01,5.0,11771.28125,5.9,3.7
2025-10-03T22:53:02,5.0,11771.28125,5.9,3.7
2025-10-03T22:53:03,4.0,11771.28125,5.8,3.7
2025-10-03T22:53:04,5.0,11771.28125,6.0,3.7
2025-10-03T22:53:05,3.0,11771.28125,5.9,3.7
2025-10-03T22:53:06,6.0,11771.28125,5.8,3.7
2025-10-03T22:53:07,4.0,11771.28125,5.9,3.7
2025-10-03T22:53:08,6.0,11771.28125,6.0,3.7
2025-10-03T22:53:09,5.0,11771.28125,5.9,3.7
2025-10-03T22:53:10,4.0,11771.28125,5.8,3.7
2025-10-03T22:53:11,5.0,11771.28125,5.9,3.7
2025-10-03T22:53:12,4.0,11771.28125,5.9,3.7
2025-10-03T22:53:13,5.0,11771.28125,5.9,3.7
2025-10-03T22:53:14,4.0,11771.28125,5.9,3.7
2025-10-03T22:53:15,6.0,11771.28125,5.9,3.7
2025-10-03T22:53:16,5.0,11771.28125,5.8,3.7
2025-10-03T22:53:17,5.0,11771.28125,6.1,3.7
2025-10-03T22:53:18,4.0,11771.28125,5.9,3.7
2025-10-03T22:53:19,5.0,11771.28125,5.8,3.7
2025-10-03T22:53:20,4.0,11771.28125,5.9,3.7
2025-10-03T22:53:21,5.0,11771.28125,6.2,3.7
2025-10-03T22:53:22,6.0,11771.28125,5.9,3.7
2025-10-03T22:53:23,3.0,11771.28125,5.8,3.7
2025-10-03T22:53:24,5.0,11771.28125,5.9,3.7
2025-10-03T22:53:25,5.0,11771.28125,6.0,3.7
2025-10-03T22:53:26,4.0,11771.28125,5.9,3.7
2025-10-03T22:53:27,4.0,11771.28125,5.9,3.7
2025-10-03T22:53:28,5.0,11771.28125,5.9,3.7
2025-10-03T22:53:29,6.0,11771.28125,6.0,3.7
2025-10-03T22:53:30,4.0,11771.28125,5.9,3.7
2025-10-03T22:53:31,4.0,11771.28125,5.8,3.7
2025-10-03T22:53:32,4.0,11771.28125,5.9,3.7
2025-10-03T22:53:33,6.0,11771.28125,6.0,3.7
2025-10-03T22:53:34,5.0,11771.28125,5.9,3.7
2025-10-03T22:53:35,4.0,11771.28125,5.8,3.7
2025-10-03T22:53:36,4.0,11771.28125,5.9,3.7
2025-10-03T22:53:37,5.0,11771.28125,6.0,3.7
2025-10-03T22:53:38,5.0,11771.28125,5.8,3.7
2025-10-03T22:53:39,3.0,11771.28125,5.8,3.7
2025-10-03T22:53:40,5.0,11771.28125,5.9,3.7
2025-10-03T22:53:41,6.0,11771.28125,6.0,3.7
2025-10-03T22:53:42,5.0,11771.28125,5.9,3.7
2025-10-03T22:53:43,3.0,11771.28125,5.9,3.7
2025-10-03T22:53:44,5.0,11771.28125,5.8,3.7
2025-10-03T22:53:45,6.0,11771.28125,6.0,3.7
2025-10-03T22:53:46,3.0,11771.28125,5.9,3.7
2025-10-03T22:53:47,5.0,11771.28125,5.8,3.7
2025-10-03T22:53:48,4.0,11771.28125,5.9,3.7
2025-10-03T22:53:49,5.0,11771.28125,6.0,3.7
2025-10-03T22:53:50,6.0,11771.28125,5.9,3.7
2025-10-03T22:53:51,5.0,11771.28125,5.9,3.7
2025-10-03T22:53:52,4.0,11771.28125,5.9,3.7
2025-10-03T22:53:53,5.0,11771.28125,6.0,3.7
2025-10-03T22:53:54,5.0,11771.28125,5.9,3.7
2025-10-03T22:53:55,4.0,11771.28125,5.9,3.7
2025-10-03T22:53:56,5.0,11771.28125,5.9,3.7
2025-10-03T22:53:57,5.0,11771.28125,5.8,3.7
2025-10-03T22:53:58,6.0,11771.28125,6.0,3.7
2025-10-03T22:53:59,6.0,11771.28125,5.9,3.7
2025-10-03T22:54:00,5.0,11771.28125,5.8,3.7
2025-10-03T22:54:01,4.0,11771.28125,5.9,3.7
2025-10-03T22:54:02,5.0,11771.28125,6.1,3.7
2025-10-03T22:54:03,6.0,11771.28125,5.8,3.7
2025-10-03T22:54:04,5.0,11771.28125,5.8,3.7
2025-10-03T22:54:05,4.0,11771.28125,5.9,3.7
2025-10-03T22:54:06,6.0,11771.28125,6.0,3.7
2025-10-03T22:54:07,5.0,11771.28125,5.9,3.7
2025-10-03T22:54:08,4.0,11771.28125,5.9,3.7
2025-10-03T22:54:09,5.0,11771.28125,5.8,3.7
2025-10-03T22:54:10,5.0,11771.28125,6.0,3.7
2025-10-03T22:54:11,5.0,11771.28125,5.9,3.7
2025-10-03T22:54:12,5.0,11771.28125,5.9,3.7
2025-10-03T22:54:13,6.0,11771.28125,5.9,3.7
2025-10-03T22:54:14,4.0,11771.28125,6.0,3.7
2025-10-03T22:54:15,3.0,11771.28125,5.9,3.7
2025-10-03T22:54:16,6.0,11771.28125,5.8,3.7
2025-10-03T22:54:17,6.0,11771.28125,5.9,3.7
2025-10-03T22:54:18,5.0,11771.28125,6.1,3.7
2025-10-03T22:54:19,5.0,11771.28125,5.8,3.7
2025-10-03T22:54:20,5.0,11771.28125,5.9,3.7
2025-10-03T22:54:21,5.0,11771.28125,5.9,3.7
2025-10-03T22:54:22,5.0,11771.28125,5.9,3.7
2025-10-03T22:54:23,3.0,11771.28125,5.8,3.7
2025-10-03T22:54:24,4.0,11771.28125,5.9,3.7
2025-10-03T22:54:25,6.0,11771.28125,5.8,3.7
2025-10-03T22:54:26,5.0,11771.28125,6.0,3.7
2025-10-03T22:54:27,6.0,11771.28125,5.9,3.7
2025-10-03T22:54:28,4.0,11771.28125,5.8,3.7
2025-10-03T22:54:29,6.0,11771.28125,5.9,3.7
2025-10-03T22:54:30,5.0,11771.28125,6.0,3.7
2025-10-03T22:54:31,4.0,11771.28125,5.8,3.7
2025-10-03T22:54:32,4.0,11771.28125,5.8,3.7
2025-10-03T22:54:33,4.0,11771.28125,5.9,3.7
2025-10-03T22:54:34,6.0,11771.28125,6.1,3.7
2025-10-03T22:54:35,4.0,11771.28125,5.8,3.7
2025-10-03T22:54:36,5.0,11771.28125,5.9,3.7
2025-10-03T22:54:37,7.0,11771.28125,5.9,3.7
2025-10-03T22:54:38,4.0,11771.28125,5.9,3.7
2025-10-03T22:54:39,5.0,11771.28125,5.9,3.7
2025-10-03T22:54:40,3.0,11771.28125,5.9,3.7
2025-10-03T22:54:41,4.0,11771.28125,5.8,3.7
2025-10-03T22:54:42,5.0,11771.28125,5.8,3.7
2025-10-03T22:54:43,6.0,11771.28125,6.1,3.7
2025-10-03T22:54:44,7.0,11771.28125,5.9,3.7
2025-10-03T22:54:45,5.0,11771.28125,5.9,3.7
2025-10-03T22:54:46,4.0,11771.28125,5.9,3.7
2025-10-03T22:54:47,4.0,11771.28125,6.0,3.7
2025-10-03T22:54:48,5.0,11771.28125,5.9,3.7
2025-10-03T22:54:49,5.0,11771.28125,5.9,3.7
2025-10-03T22:54:50,6.0,11771.28125,5.9,3.7
2025-10-03T22:54:51,5.0,11771.28125,6.0,3.7
2025-10-03T22:54:52,5.0,11771.28125,5.9,3.7
2025-10-03T22:54:53,6.0,11771.28125,5.9,3.7
2025-10-03T22:54:54,4.0,11771.28125,5.8,3.7
2025-10-03T22:54:55,5.0,11771.28125,6.1,3.7
2025-10-03T22:54:56,5.0,11771.28125,5.9,3.7
2025-10-03T22:54:57,4.0,11771.28125,5.8,3.7
2025-10-03T22:54:58,6.0,11771.28125,6.1,3.7
2025-10-03T22:54:59,6.0,11771.28125,6.1,3.7
2025-10-03T22:55:00,3.0,11771.28125,5.8,3.7
2025-10-03T22:55:01,4.0,11771.28125,5.9,3.7
2025-10-03T22:55:02,5.0,11771.28125,5.9,3.7
2025-10-03T22:55:03,6.0,11771.28125,6.0,3.7
2025-10-03T22:55:04,4.0,11771.28125,5.9,3.7
2025-10-03T22:55:05,4.0,11771.28125,5.9,3.7
2025-10-03T22:55:06,6.0,11771.28125,5.8,3.7
2025-10-03T22:55:07,4.0,11771.28125,6.0,3.7
2025-10-03T22:55:08,5.0,11771.28125,5.9,3.7
2025-10-03T22:55:09,6.0,11771.28125,5.9,3.7
2025-10-03T22:55:10,5.0,11771.28125,5.9,3.7
2025-10-03T22:55:11,5.0,11771.28125,6.0,3.7
2025-10-03T22:55:12,4.0,11771.28125,5.9,3.7
2025-10-03T22:55:13,5.0,11771.28125,5.8,3.7
2025-10-03T22:55:14,5.0,11771.28125,5.9,3.7
2025-10-03T22:55:15,5.0,11771.28125,6.2,3.7
2025-10-03T22:55:16,5.0,11771.28125,5.8,3.7
2025-10-03T22:55:17,4.0,11771.28125,5.9,3.7
2025-10-03T22:55:18,7.0,11771.28125,5.9,3.7
2025-10-03T22:55:19,4.0,11771.28125,5.9,3.7
2025-10-03T22:55:20,4.0,11771.28125,5.9,3.7
2025-10-03T22:55:21,4.0,11771.28125,5.9,3.7
2025-10-03T22:55:22,5.0,11771.28125,5.9,3.7
2025-10-03T22:55:23,5.0,11771.28125,5.9,3.7
2025-10-03T22:55:24,6.0,11771.28125,6.0,3.7
2025-10-03T22:55:25,5.0,11771.28125,5.9,3.7
2025-10-03T22:55:26,4.0,11771.28125,5.8,3.7
2025-10-03T22:55:27,5.0,11771.28125,5.9,3.7
2025-10-03T22:55:28,6.0,11771.28125,6.0,3.7
2025-10-03T22:55:29,4.0,11771.28125,5.8,3.7
2025-10-03T22:55:30,5.0,11771.28125,5.9,3.7
2025-10-03T22:55:31,6.0,11771.28125,5.9,3.7
2025-10-03T22:55:32,6.0,11771.28125,6.0,3.7
2025-10-03T22:55:33,3.0,11771.28125,5.9,3.7
2025-10-03T22:55:34,5.0,11771.28125,5.9,3.7
2025-10-03T22:55:35,5.0,11771.28125,5.8,3.7
2025-10-03T22:55:36,6.0,11771.28125,6.0,3.7
2025-10-03T22:55:37,3.0,11771.28125,5.9,3.7
2025-10-03T22:55:38,5.0,11771.28125,5.8,3.7
2025-10-03T22:55:39,5.0,11771.28125,5.9,3.7
2025-10-03T22:55:40,3.0,11771.28125,6.0,3.7
2025-10-03T22:55:41,5.0,11771.28125,5.9,3.7
2025-10-03T22:55:42,6.0,11771.28125,5.9,3.7
2025-10-03T22:55:43,3.0,11771.28125,5.9,3.7
2025-10-03T22:55:44,5.0,11771.28125,5.9,3.7
2025-10-03T22:55:45,4.0,11771.28125,5.9,3.7
2025-10-03T22:55:46,6.0,11771.28125,5.9,3.7
2025-10-03T22:55:47,4.0,11771.28125,5.9,3.7
2025-10-03T22:55:48,5.0,11771.28125,6.0,3.7
2025-10-03T22:55:49,5.0,11771.28125,5.9,3.7
2025-10-03T22:55:50,5.0,11771.28125,5.9,3.7
2025-10-03T22:55:51,4.0,11771.28125,5.8,3.7
2025-10-03T22:55:52,4.0,11771.28125,6.0,3.7
2025-10-03T22:55:53,4.0,11771.28125,5.9,3.7
2025-10-03T22:55:54,6.0,11771.28125,5.8,3.7
2025-10-03T22:55:55,3.0,11771.28125,5.9,3.7
2025-10-03T22:55:56,5.0,11771.28125,6.1,3.7
2025-10-03T22:55:57,5.0,11771.28125,5.8,3.7
2025-10-03T22:55:58,6.0,11771.28125,5.9,3.7
2025-10-03T22:55:59,4.0,11771.28125,5.9,3.7
2025-10-03T22:56:00,4.0,11771.28125,6.0,3.7
2025-10-03T22:56:01,5.0,11771.28125,5.9,3.7
2025-10-03T22:56:02,3.0,11771.28125,5.9,3.7
2025-10-03T22:56:03,5.0,11771.28125,5.8,3.7
2025-10-03T22:56:04,5.0,11771.28125,5.9,3.7
2025-10-03T22:56:05,6.0,11771.28125,6.0,3.7
2025-10-03T22:56:06,5.0,11771.28125,5.8,3.7
2025-10-03T22:56:07,4.0,11771.28125,5.9,3.7
2025-10-03T22:56:08,5.0,11771.28125,5.9,3.7
2025-10-03T22:56:09,4.0,11771.28125,6.0,3.7
2025-10-03T22:56:10,4.0,11771.28125,5.8,3.7
2025-10-03T22:56:11,5.0,11771.28125,5.9,3.7
2025-10-03T22:56:12,6.0,11771.28125,5.9,3.7
2025-10-03T22:56:13,5.0,11771.28125,6.0,3.7
2025-10-03T22:56:14,5.0,11771.28125,5.9,3.7
2025-10-03T22:56:15,4.0,11771.28125,5.9,3.7
2025-10-03T22:56:16,6.0,11771.28125,5.8,3.7
2025-10-03T22:56:17,5.0,11771.28125,6.0,3.7
2025-10-03T22:56:18,3.0,11771.28125,5.9,3.7
2025-10-03T22:56:19,6.0,11771.28125,5.8,3.7
2025-10-03T22:56:20,7.0,11771.28125,5.9,3.7
2025-10-03T22:56:21,5.0,11771.28125,6.0,3.7
2025-10-03T22:56:22,6.0,11771.28125,5.8,3.7
2025-10-03T22:56:23,5.0,11771.28125,5.9,3.7
2025-10-03T22:56:24,5.0,11771.28125,5.9,3.7
2025-10-03T22:56:25,3.0,11771.28125,5.9,3.7
2025-10-03T22:56:26,5.0,11771.28125,5.9,3.7
2025-10-03T22:56:27,2.0,11771.28125,5.9,3.7
2025-10-03T22:56:28,3.0,11771.28125,5.9,3.7
2025-10-03T22:56:29,2.0,11771.28125,6.0,3.7
2025-10-03T22:56:30,3.0,11771.28125,5.9,3.7
2025-10-03T22:56:31,2.0,11771.28125,5.8,3.7
2025-10-03T22:56:32,2.0,11771.28125,5.8,3.7
2025-10-03T22:56:33,2.0,11771.28125,6.0,3.7
2025-10-03T22:56:34,4.0,11771.28125,5.9,3.7
2025-10-03T22:56:35,4.0,11771.28125,5.8,3.7
2025-10-03T22:56:36,5.0,11771.28125,5.8,3.7
2025-10-03T22:56:37,2.0,11771.28125,5.9,3.7
2025-10-03T22:56:38,0.0,11771.28125,5.7,3.7
2025-10-03T22:56:39,78.9,10447.55859375,6.3,3.7
2025-10-03T22:56:40,99.6,10458.80859375,6.4,3.7
2025-10-03T22:56:41,99.2,10516.30859375,6.5,3.7
2025-10-03T22:56:42,99.9,10587.55859375,6.4,3.7
2025-10-03T22:56:43,101.3,12011.83984375,6.4,3.7
2025-10-03T22:56:44,104.5,12249.9140625,6.4,3.7
2025-10-03T22:56:45,115.8,16145.22265625,6.5,3.9
2025-10-03T22:56:46,68.4,17159.05859375,6.3,4.0
2025-10-03T22:56:47,100.0,20717.99609375,6.3,4.2
2025-10-03T22:56:48,99.2,10656.3203125,6.4,3.7
2025-10-03T22:56:49,99.3,10656.3203125,6.5,3.7
2025-10-03T22:56:50,98.8,10685.0703125,6.4,3.7
2025-10-03T22:56:51,101.0,10740.0703125,6.4,3.7
2025-10-03T22:56:52,100.7,10785.41015625,6.4,3.7
2025-10-03T22:56:53,98.1,10904.05859375,6.6,3.7
2025-10-03T22:56:54,127.2,14828.90625,6.4,3.9
2025-10-03T22:56:55,98.6,19347.95703125,6.4,4.1
2025-10-03T22:56:56,70.2,13909.8046875,6.6,3.9
2025-10-03T22:56:57,99.5,10776.06640625,6.3,3.7
2025-10-03T22:56:58,100.0,10769.9921875,6.6,3.7
2025-10-03T22:56:59,100.0,10769.9921875,6.4,3.7
2025-10-03T22:57:00,99.3,10769.9921875,6.3,3.7
2025-10-03T22:57:01,98.7,10769.9921875,6.4,3.7
2025-10-03T22:57:02,98.8,10769.9921875,6.6,3.7
2025-10-03T22:57:04,173.1,11990.625,6.4,3.7
2025-10-03T22:57:04,21.6,12085.7734375,6.5,3.7
2025-10-03T22:57:06,100.3,11799.75,6.5,3.7
2025-10-03T22:57:06,99.6,12833.94140625,6.5,3.7
2025-10-03T22:57:07,98.5,12144.484375,6.3,3.8
2025-10-03T22:57:08,111.8,13253.87890625,6.4,3.8
2025-10-03T22:57:09,85.7,12874.8125,6.8,3.8
2025-10-03T22:57:11,94.9,13761.75390625,6.4,3.8
2025-10-03T22:57:11,99.6,13763.00390625,10.0,3.8
2025-10-03T22:57:12,104.8,13058.53125,6.4,3.8
2025-10-03T22:57:13,95.2,13313.53125,6.3,3.8
2025-10-03T22:57:14,76.4,12959.53125,6.4,3.8
2025-10-03T22:57:15,4.0,12959.53125,5.8,3.8
2025-10-03T22:57:16,1.0,12959.53125,5.7,3.8
2025-10-03T22:57:17,1.0,12959.53125,5.8,3.8
2025-10-03T22:57:18,1.0,12959.53125,5.9,3.8
2025-10-03T22:57:19,1.0,12959.53125,5.7,3.8
2025-10-03T22:57:20,2.0,12959.53125,5.8,3.8
2025-10-03T22:57:21,7.0,12948.546875,5.9,3.8
2025-10-03T22:57:22,0.0,12948.546875,5.8,3.8
2025-10-03T22:57:23,0.0,12948.546875,5.8,3.8
2025-10-03T22:57:24,0.0,12948.546875,5.8,3.8
2025-10-03T22:57:25,0.0,12948.546875,5.7,3.8
2025-10-03T22:57:26,0.0,12948.546875,5.9,3.8
2025-10-03T22:57:27,0.0,12948.546875,5.8,3.8
2025-10-03T22:57:28,0.0,12948.546875,5.8,3.8
2025-10-03T22:57:29,0.0,12948.546875,5.8,3.8
2025-10-03T22:57:30,1.0,12948.546875,5.8,3.8
2025-10-03T22:57:31,0.0,12948.546875,5.8,3.8
2025-10-03T22:57:32,0.0,12948.546875,5.8,3.8
2025-10-03T22:57:33,0.0,12948.546875,5.8,3.8
2025-10-03T22:57:34,0.0,12948.546875,5.7,3.8
2025-10-03T22:57:35,0.0,12948.546875,5.9,3.8
2025-10-03T22:57:36,0.0,12948.546875,5.8,3.8
2025-10-03T22:57:37,0.0,12948.546875,5.8,3.8
2025-10-03T22:57:38,0.0,12948.546875,5.7,3.8
2025-10-03T22:57:39,0.0,12948.546875,5.9,3.8
2025-10-03T22:57:40,2.0,12948.546875,5.8,3.8
2025-10-03T22:57:41,0.0,12948.546875,5.7,3.8
2025-10-03T22:57:42,1.0,12948.546875,5.8,3.8
2025-10-03T22:57:43,1.0,12946.578125,5.9,3.8
2025-10-03T22:57:44,0.0,12946.578125,5.7,3.8
2025-10-03T22:57:45,2.0,12946.578125,5.8,3.8
2025-10-03T22:57:46,0.0,12946.578125,5.8,3.8
2025-10-03T22:57:47,0.0,12946.578125,5.7,3.8
2025-10-03T22:57:48,0.0,12946.578125,5.8,3.8
2025-10-03T22:57:49,0.0,12946.578125,5.8,3.8
2025-10-03T22:57:50,1.0,12946.578125,5.7,3.8
2025-10-03T22:57:51,0.0,12946.578125,5.8,3.8
2025-10-03T22:57:52,0.0,12946.578125,5.8,3.8
2025-10-03T22:57:53,0.0,12946.578125,5.7,3.8
2025-10-03T22:57:54,0.0,12946.578125,5.8,3.8
2025-10-03T22:57:55,0.0,12946.578125,5.8,3.8
2025-10-03T22:57:56,0.0,12946.578125,5.7,3.8
2025-10-03T22:57:57,0.0,12946.578125,5.7,3.8
2025-10-03T22:57:58,1.0,12946.578125,5.8,3.8
2025-10-03T22:57:59,0.0,12946.578125,5.8,3.8
2025-10-03T22:58:00,0.0,12946.578125,5.7,3.8
2025-10-03T22:58:01,0.0,12946.578125,5.8,3.8
2025-10-03T22:58:02,0.0,12946.578125,5.8,3.8
2025-10-03T22:58:03,0.0,12946.578125,5.7,3.8
2025-10-03T22:58:04,0.0,12946.578125,5.8,3.8
2025-10-03T22:58:05,0.0,12946.578125,5.8,3.8
2025-10-03T22:58:06,0.0,12946.578125,5.7,3.8
2025-10-03T22:58:07,3.0,12946.578125,5.8,3.8
2025-10-03T22:58:08,0.0,12946.578125,5.8,3.8
2025-10-03T22:58:09,1.0,12946.578125,5.8,3.8
2025-10-03T22:58:10,0.0,12946.578125,5.8,3.8
2025-10-03T22:58:11,0.0,12946.578125,5.8,3.8
2025-10-03T22:58:12,2.0,12946.578125,5.8,3.8
2025-10-03T22:58:13,0.0,12946.578125,5.8,3.8
2025-10-03T22:58:14,0.0,12946.578125,5.8,3.8
2025-10-03T22:58:15,0.0,12946.578125,5.7,3.8
2025-10-03T22:58:16,0.0,12946.578125,5.7,3.8
2025-10-03T22:58:17,0.0,12946.578125,5.8,3.8
2025-10-03T22:58:18,0.0,12946.578125,5.8,3.8
2025-10-03T22:58:19,0.0,12946.578125,5.7,3.8
2025-10-03T22:58:20,0.0,12946.578125,5.8,3.8
2025-10-03T22:58:21,0.0,12946.578125,5.8,3.8
2025-10-03T22:58:22,0.0,12946.578125,5.7,3.8
2025-10-03T22:58:23,0.0,12946.578125,5.8,3.8
2025-10-03T22:58:24,0.0,12946.578125,5.8,3.8
2025-10-03T22:58:25,0.0,12946.578125,5.7,3.8
2025-10-03T22:58:26,0.0,12946.578125,5.8,3.8
2025-10-03T22:58:27,1.0,12946.578125,5.8,3.8
2025-10-03T22:58:28,0.0,12946.578125,5.8,3.8
2025-10-03T22:58:29,1.0,12946.578125,5.8,3.8
2025-10-03T22:58:30,0.0,12946.578125,5.8,3.8
2025-10-03T22:58:31,0.0,12946.578125,5.7,3.8
2025-10-03T22:58:32,2.0,12946.578125,5.8,3.8
2025-10-03T22:58:33,0.0,12946.578125,5.8,3.8
2025-10-03T22:58:34,1.0,12946.578125,5.8,3.8
2025-10-03T22:58:35,0.0,12946.578125,5.8,3.8
2025-10-03T22:58:36,0.0,12946.578125,5.8,3.8
2025-10-03T22:58:37,0.0,12946.578125,5.8,3.8
2025-10-03T22:58:38,0.0,12946.578125,5.8,3.8
2025-10-03T22:58:39,2.0,12946.578125,5.8,3.8
2025-10-03T22:58:40,0.0,12946.578125,5.8,3.8
2025-10-03T22:58:41,0.0,12946.578125,5.7,3.8
2025-10-03T22:58:42,0.0,12946.578125,5.8,3.8
2025-10-03T22:58:43,0.0,12946.578125,5.8,3.8
2025-10-03T22:58:44,0.0,12946.578125,5.7,3.8
2025-10-03T22:58:45,1.0,12946.578125,5.8,3.8
2025-10-03T22:58:46,0.0,12946.578125,5.8,3.8
2025-10-03T22:58:47,0.0,12946.578125,5.7,3.8
2025-10-03T22:58:48,0.0,12946.578125,5.8,3.8
2025-10-03T22:58:49,0.0,12946.578125,5.8,3.8
2025-10-03T22:58:50,0.0,12946.578125,5.7,3.8
2025-10-03T22:58:51,0.0,12946.578125,5.8,3.8
2025-10-03T22:58:52,0.0,12946.578125,5.8,3.8
2025-10-03T22:58:53,2.0,12946.578125,5.8,3.8
2025-10-03T22:58:54,0.0,12946.578125,5.8,3.8
2025-10-03T22:58:55,0.0,12946.578125,5.8,3.8
2025-10-03T22:58:56,0.0,12946.578125,5.8,3.8
2025-10-03T22:58:57,1.0,12946.578125,5.8,3.8
2025-10-03T22:58:58,0.0,12946.578125,5.8,3.8
2025-10-03T22:58:59,0.0,12946.578125,5.8,3.8
2025-10-03T22:59:00,2.0,12946.578125,5.7,3.8
2025-10-03T22:59:01,0.0,12946.578125,5.8,3.8
2025-10-03T22:59:02,0.0,12946.578125,5.8,3.8
2025-10-03T22:59:03,0.0,12946.578125,5.7,3.8
2025-10-03T22:59:04,1.0,12946.578125,5.8,3.8
2025-10-03T22:59:05,0.0,12946.578125,5.8,3.8
2025-10-03T22:59:06,0.0,12946.578125,5.7,3.8
2025-10-03T22:59:07,1.0,12946.578125,5.8,3.8
2025-10-03T22:59:08,0.0,12946.578125,5.8,3.8
2025-10-03T22:59:09,0.0,12946.578125,5.7,3.8
2025-10-03T22:59:10,0.0,12946.578125,5.8,3.8
2025-10-03T22:59:11,0.0,12946.578125,5.8,3.8
2025-10-03T22:59:12,0.0,12946.578125,5.7,3.8
2025-10-03T22:59:13,0.0,12946.578125,5.8,3.8
2025-10-03T22:59:14,0.0,12946.578125,5.8,3.8
2025-10-03T22:59:15,0.0,12946.578125,5.7,3.8
2025-10-03T22:59:16,0.0,12946.578125,5.8,3.8
2025-10-03T22:59:17,0.0,12946.578125,5.8,3.8
2025-10-03T22:59:18,1.0,12946.578125,5.8,3.8
2025-10-03T22:59:19,0.0,12946.578125,5.7,3.8
2025-10-03T22:59:20,0.0,12946.578125,5.8,3.8
2025-10-03T22:59:21,0.0,12946.578125,5.8,3.8
2025-10-03T22:59:22,0.0,12946.578125,5.7,3.8
2025-10-03T22:59:23,1.0,12946.578125,5.8,3.8
2025-10-03T22:59:24,1.0,12946.578125,5.8,3.8
2025-10-03T22:59:25,83.7,13088.84375,6.2,3.8
2025-10-03T22:59:26,99.4,13180.12890625,6.4,3.8
2025-10-03T22:59:27,100.2,13179.23828125,6.5,3.8
2025-10-03T22:59:28,1.0,13179.23828125,6.2,3.8
2025-10-03T22:59:29,1.0,13179.23828125,5.8,3.8
2025-10-03T22:59:30,0.0,13179.23828125,5.8,3.8
2025-10-03T22:59:31,0.0,13179.23828125,5.7,3.8
2025-10-03T22:59:32,0.0,13179.23828125,5.8,3.8
2025-10-03T22:59:33,0.0,13179.23828125,5.8,3.8
2025-10-03T22:59:34,0.0,13179.23828125,5.7,3.8
2025-10-03T22:59:35,1.0,13179.23828125,5.8,3.8
2025-10-03T22:59:36,26.0,13179.23828125,6.5,3.8
2025-10-03T22:59:37,0.0,13179.23828125,5.7,3.8
2025-10-03T22:59:38,0.0,13179.23828125,5.8,3.8
2025-10-03T22:59:39,0.0,13179.23828125,5.8,3.8
2025-10-03T22:59:40,0.0,13179.23828125,5.7,3.8
2025-10-03T22:59:41,0.0,13179.23828125,5.8,3.8
2025-10-03T22:59:42,2.0,13179.23828125,5.8,3.8
2025-10-03T22:59:43,16.0,13179.23828125,6.1,3.8
2025-10-03T22:59:44,10.9,13179.23828125,6.0,3.8
2025-10-03T22:59:45,0.0,13179.23828125,5.9,3.8
2025-10-03T22:59:46,0.0,13179.23828125,5.7,3.8
2025-10-03T22:59:47,0.0,13179.23828125,5.8,3.8
2025-10-03T22:59:48,0.0,13179.23828125,5.8,3.8
2025-10-03T22:59:49,1.0,13179.23828125,5.8,3.8
2025-10-03T22:59:50,1.0,13179.23828125,5.8,3.8
2025-10-03T22:59:51,22.0,13179.23828125,6.3,3.8
2025-10-03T22:59:52,5.0,13179.23828125,5.9,3.8
2025-10-03T22:59:53,0.0,13179.23828125,5.7,3.8
2025-10-03T22:59:54,0.0,13179.23828125,5.8,3.8
2025-10-03T22:59:55,0.0,13179.23828125,5.8,3.8
2025-10-03T22:59:56,0.0,13179.23828125,5.7,3.8
2025-10-03T22:59:57,2.0,13179.23828125,5.8,3.8
2025-10-03T22:59:58,15.8,13179.23828125,6.1,3.8
2025-10-03T22:59:59,11.2,13179.23828125,6.1,3.8
2025-10-03T23:00:00,0.0,13179.23828125,5.8,3.8
2025-10-03T23:00:01,0.0,13179.23828125,5.8,3.8
2025-10-03T23:00:02,0.0,13179.23828125,5.7,3.8
2025-10-03T23:00:03,0.0,13179.23828125,5.8,3.8
2025-10-03T23:00:04,0.0,13179.23828125,5.8,3.8
2025-10-03T23:00:05,2.0,13179.23828125,5.8,3.8
2025-10-03T23:00:06,14.0,13179.23828125,6.1,3.8
2025-10-03T23:00:07,14.0,13179.23828125,6.1,3.8
2025-10-03T23:00:08,0.0,13179.23828125,5.7,3.8
2025-10-03T23:00:09,0.0,13179.23828125,5.7,3.8
2025-10-03T23:00:10,0.0,13179.23828125,5.8,3.8
2025-10-03T23:00:11,0.0,13179.23828125,5.7,3.8
2025-10-03T23:00:12,0.0,13179.23828125,5.8,3.8
2025-10-03T23:00:13,1.0,13179.23828125,5.8,3.8
2025-10-03T23:00:14,26.0,13179.23828125,6.2,3.8
2025-10-03T23:00:15,11.0,13179.23828125,6.0,3.8
2025-10-03T23:00:16,0.0,13179.23828125,5.8,3.8
2025-10-03T23:00:17,0.0,13179.23828125,5.8,3.8
2025-10-03T23:00:18,0.0,13179.23828125,5.7,3.8
2025-10-03T23:00:19,0.0,13179.23828125,5.8,3.8
2025-10-03T23:00:20,3.0,13179.23828125,5.8,3.8
2025-10-03T23:00:21,10.9,13179.23828125,5.9,3.8
2025-10-03T23:00:22,16.1,13179.23828125,6.3,3.8
2025-10-03T23:00:23,0.0,13179.23828125,5.8,3.8
2025-10-03T23:00:24,0.0,13179.23828125,5.7,3.8
2025-10-03T23:00:25,0.0,13179.23828125,5.8,3.8
2025-10-03T23:00:26,0.0,13179.23828125,6.0,3.8
2025-10-03T23:00:27,1.0,13179.23828125,5.7,3.8
2025-10-03T23:00:28,1.0,13179.23828125,5.8,3.8
2025-10-03T23:00:29,16.0,13179.23828125,6.2,3.8
2025-10-03T23:00:30,11.0,13179.23828125,6.0,3.8
2025-10-03T23:00:31,0.0,13179.23828125,5.8,3.8
2025-10-03T23:00:32,0.0,13179.23828125,5.8,3.8
2025-10-03T23:00:33,0.0,13179.23828125,5.8,3.8
2025-10-03T23:00:34,0.0,13179.23828125,5.8,3.8
2025-10-03T23:00:35,1.0,13179.23828125,5.8,3.8
2025-10-03T23:00:36,0.0,13179.23828125,5.8,3.8
2025-10-03T23:00:37,10.0,13179.23828125,6.3,3.8
2025-10-03T23:00:38,1.0,13179.23828125,5.8,3.8
2025-10-03T23:00:39,0.0,13179.23828125,5.8,3.8
2025-10-03T23:00:40,0.0,13179.23828125,5.7,3.8
2025-10-03T23:00:41,0.0,13179.23828125,5.8,3.8
2025-10-03T23:00:42,0.0,13179.23828125,5.8,3.8
2025-10-03T23:00:43,1.0,13179.23828125,5.7,3.8
2025-10-03T23:00:44,73.5,13181.078125,6.3,3.8
2025-10-03T23:00:45,99.4,13191.44921875,6.4,3.8
2025-10-03T23:00:46,99.1,13434.015625,6.4,3.8
2025-10-03T23:00:47,100.8,15921.44921875,6.4,4.0
2025-10-03T23:00:48,99.7,15643.79296875,6.4,4.0
2025-10-03T23:00:49,100.0,13682.43359375,6.4,3.9
2025-10-03T23:00:50,98.8,14778.84765625,6.4,3.9
2025-10-03T23:00:51,99.8,14802.59765625,6.4,3.9
2025-10-03T23:00:52,100.2,14873.84765625,6.3,3.9
2025-10-03T23:00:53,67.1,14798.71875,6.4,3.9
2025-10-03T23:00:54,0.0,14798.71875,6.0,3.9
2025-10-03T23:00:55,0.0,14798.71875,5.7,3.9
2025-10-03T23:00:56,0.0,14798.71875,5.8,3.9
2025-10-03T23:00:57,1.0,14798.71875,5.8,3.9
2025-10-03T23:00:58,0.0,14798.71875,5.8,3.9
2025-10-03T23:00:59,2.0,14798.71875,5.8,3.9
2025-10-03T23:01:00,3.0,14798.71875,5.9,3.9
2025-10-03T23:01:01,4.0,14798.71875,5.8,3.9
2025-10-03T23:01:02,8.0,14798.71875,5.9,3.9
2025-10-03T23:01:03,8.0,14798.71875,6.0,3.9
2025-10-03T23:01:04,3.0,14798.71875,5.8,3.9
2025-10-03T23:01:05,4.0,14798.71875,5.8,3.9
2025-10-03T23:01:06,3.0,14798.71875,5.9,3.9
2025-10-03T23:01:07,3.0,14798.71875,5.9,3.9
2025-10-03T23:01:08,3.0,14798.71875,5.8,3.9
2025-10-03T23:01:09,3.0,14798.71875,5.8,3.9
2025-10-03T23:01:10,5.0,14798.71875,5.9,3.9
2025-10-03T23:01:11,3.0,14798.71875,5.8,3.9
2025-10-03T23:01:12,6.0,14798.71875,5.9,3.9
2025-10-03T23:01:13,3.0,14798.71875,5.9,3.9
2025-10-03T23:01:14,5.0,14798.71875,5.8,3.9
2025-10-03T23:01:15,4.0,14798.71875,5.8,3.9
2025-10-03T23:01:16,1.0,14798.71875,5.8,3.9
2025-10-03T23:01:17,5.0,14798.71875,5.9,3.9
2025-10-03T23:01:18,5.0,14798.71875,5.8,3.9
2025-10-03T23:01:19,2.0,14798.71875,5.8,3.9
2025-10-03T23:01:20,3.0,14798.71875,5.8,3.9
2025-10-03T23:01:21,3.0,14798.71875,5.8,3.9
2025-10-03T23:01:22,4.0,14798.71875,5.9,3.9
2025-10-03T23:01:23,5.0,14798.71875,5.9,3.9
2025-10-03T23:01:24,1.0,14798.71875,5.7,3.9
2025-10-03T23:01:25,3.0,14798.71875,5.9,3.9
2025-10-03T23:01:26,3.0,14798.71875,5.9,3.9
2025-10-03T23:01:27,6.0,14798.71875,5.8,3.9
2025-10-03T23:01:28,4.0,14798.71875,5.9,3.9
2025-10-03T23:01:29,3.0,14798.71875,5.9,3.9
2025-10-03T23:01:30,3.0,14798.71875,5.8,3.9
2025-10-03T23:01:31,4.0,14798.71875,5.9,3.9
2025-10-03T23:01:32,2.0,14798.71875,5.8,3.9
2025-10-03T23:01:33,4.0,14798.71875,5.8,3.9
2025-10-03T23:01:34,2.0,14798.71875,5.8,3.9
2025-10-03T23:01:35,3.0,14798.71875,5.8,3.9
2025-10-03T23:01:36,3.0,14798.71875,5.8,3.9
2025-10-03T23:01:37,2.0,14798.71875,5.8,3.9
2025-10-03T23:01:38,5.0,14798.71875,5.9,3.9
2025-10-03T23:01:39,4.0,14798.71875,5.8,3.9
2025-10-03T23:01:40,3.0,14798.71875,5.8,3.9
2025-10-03T23:01:41,4.0,14798.71875,5.9,3.9
2025-10-03T23:01:42,4.0,14798.71875,5.9,3.9
2025-10-03T23:01:43,4.0,14798.71875,5.8,3.9
2025-10-03T23:01:44,3.0,14798.71875,5.8,3.9
2025-10-03T23:01:45,2.0,14798.71875,5.9,3.9
2025-10-03T23:01:46,3.0,14798.71875,5.8,3.9
2025-10-03T23:01:47,3.0,14798.71875,5.9,3.9
2025-10-03T23:01:48,4.0,14798.71875,5.9,3.9
2025-10-03T23:01:49,4.0,14798.71875,5.8,3.9
2025-10-03T23:01:50,5.0,14798.71875,5.9,3.9
2025-10-03T23:01:51,2.0,14798.71875,5.9,3.9
2025-10-03T23:01:52,4.0,14798.71875,5.8,3.9
2025-10-03T23:01:53,3.0,14798.71875,5.9,3.9
2025-10-03T23:01:54,4.0,14798.71875,5.9,3.9
2025-10-03T23:01:55,4.0,14798.71875,5.8,3.9
2025-10-03T23:01:56,3.0,14798.71875,5.8,3.9
2025-10-03T23:01:57,4.0,14798.71875,5.9,3.9
2025-10-03T23:01:58,3.0,14798.71875,5.8,3.9
2025-10-03T23:01:59,3.0,14798.71875,5.8,3.9
2025-10-03T23:02:00,2.0,14798.71875,5.8,3.9
2025-10-03T23:02:01,5.0,14798.71875,5.8,3.9
2025-10-03T23:02:02,4.0,14798.71875,5.8,3.9
2025-10-03T23:02:03,3.0,14798.71875,5.9,3.9
2025-10-03T23:02:04,3.0,14798.71875,5.9,3.9
2025-10-03T23:02:05,5.0,14798.71875,5.8,3.9
2025-10-03T23:02:06,2.0,14798.71875,5.8,3.9
2025-10-03T23:02:07,4.0,14798.71875,5.9,3.9
2025-10-03T23:02:08,6.0,14798.71875,5.9,3.9
2025-10-03T23:02:09,2.0,14798.71875,5.8,3.9
2025-10-03T23:02:10,4.0,14798.71875,5.9,3.9
2025-10-03T23:02:11,5.0,14798.71875,5.8,3.9
2025-10-03T23:02:12,4.0,14798.71875,5.8,3.9
2025-10-03T23:02:13,4.0,14798.71875,5.9,3.9
2025-10-03T23:02:14,3.0,14798.71875,5.8,3.9
2025-10-03T23:02:15,4.0,14798.71875,5.8,3.9
2025-10-03T23:02:16,4.0,14798.71875,5.8,3.9
2025-10-03T23:02:17,3.0,14798.71875,5.8,3.9
2025-10-03T23:02:18,5.0,14798.71875,5.9,3.9
2025-10-03T23:02:19,4.0,14798.71875,5.9,3.9
2025-10-03T23:02:20,5.0,14798.71875,5.9,3.9
2025-10-03T23:02:21,3.0,14798.71875,5.8,3.9
2025-10-03T23:02:22,4.0,14798.71875,5.9,3.9
2025-10-03T23:02:23,5.0,14798.71875,5.9,3.9
2025-10-03T23:02:24,3.0,14798.71875,5.8,3.9
2025-10-03T23:02:25,2.0,14798.71875,5.9,3.9
2025-10-03T23:02:26,3.0,14798.71875,5.9,3.9
2025-10-03T23:02:27,7.0,14798.71875,5.8,3.9
2025-10-03T23:02:28,5.0,14798.71875,5.9,3.9
2025-10-03T23:02:29,2.0,14798.71875,5.8,3.9
2025-10-03T23:02:30,4.0,14798.71875,5.8,3.9
2025-10-03T23:02:31,4.0,14798.71875,5.8,3.9
2025-10-03T23:02:32,3.0,14798.71875,5.9,3.9
2025-10-03T23:02:33,3.0,14798.71875,5.8,3.9
2025-10-03T23:02:34,2.0,14798.71875,5.8,3.9
2025-10-03T23:02:35,5.0,14798.71875,5.9,3.9
2025-10-03T23:02:36,3.0,14798.71875,5.8,3.9
2025-10-03T23:02:37,5.0,14798.71875,5.8,3.9
2025-10-03T23:02:38,1.0,14798.71875,5.8,3.9
2025-10-03T23:02:39,5.0,14798.71875,5.9,3.9
2025-10-03T23:02:40,3.0,14798.71875,5.8,3.9
2025-10-03T23:02:41,4.0,14798.71875,5.9,3.9
2025-10-03T23:02:42,4.0,14798.71875,5.9,3.9
2025-10-03T23:02:43,3.0,14798.71875,5.8,3.9
2025-10-03T23:02:44,4.0,14798.71875,5.9,3.9
2025-10-03T23:02:45,3.0,14798.71875,5.9,3.9
2025-10-03T23:02:46,5.0,14798.71875,5.8,3.9
2025-10-03T23:02:47,5.0,14798.71875,5.9,3.9
2025-10-03T23:02:48,4.0,14798.71875,5.9,3.9
2025-10-03T23:02:49,2.0,14798.71875,5.8,3.9
2025-10-03T23:02:50,4.0,14798.71875,5.9,3.9
2025-10-03T23:02:51,4.0,14798.71875,5.8,3.9
2025-10-03T23:02:52,2.0,14798.71875,5.8,3.9
2025-10-03T23:02:53,3.0,14798.71875,5.8,3.9
2025-10-03T23:02:54,5.0,14798.71875,5.9,3.9
2025-10-03T23:02:55,4.0,14798.71875,5.8,3.9
2025-10-03T23:02:56,5.0,14798.71875,5.8,3.9
2025-10-03T23:02:57,3.0,14798.71875,5.9,3.9
2025-10-03T23:02:58,3.0,14798.71875,5.8,3.9
2025-10-03T23:02:59,5.0,14798.71875,5.8,3.9
2025-10-03T23:03:00,3.0,14798.71875,5.9,3.9
2025-10-03T23:03:01,4.0,14798.71875,5.8,3.9
2025-10-03T23:03:02,3.0,14798.71875,5.8,3.9
2025-10-03T23:03:03,4.0,14798.71875,5.9,3.9
2025-10-03T23:03:04,4.0,14798.71875,5.9,3.9
2025-10-03T23:03:05,4.0,14798.71875,5.8,3.9
2025-10-03T23:03:06,3.0,14798.71875,5.9,3.9
2025-10-03T23:03:07,4.0,14798.71875,5.9,3.9
2025-10-03T23:03:08,3.0,14798.71875,5.8,3.9
2025-10-03T23:03:09,4.0,14798.71875,5.9,3.9
2025-10-03T23:03:10,4.0,14798.71875,5.9,3.9
2025-10-03T23:03:11,3.0,14798.71875,5.8,3.9
2025-10-03T23:03:12,2.0,14798.71875,5.8,3.9
2025-10-03T23:03:13,4.0,14798.71875,5.9,3.9
2025-10-03T23:03:14,4.0,14798.71875,5.8,3.9
2025-10-03T23:03:15,3.0,14798.71875,5.8,3.9
2025-10-03T23:03:16,2.0,14798.71875,5.9,3.9
2025-10-03T23:03:17,4.0,14798.71875,5.9,3.9
2025-10-03T23:03:18,5.0,14798.71875,5.9,3.9
2025-10-03T23:03:19,4.0,14798.71875,5.9,3.9
2025-10-03T23:03:20,4.0,14799.96875,5.8,3.9
2025-10-03T23:03:21,3.0,14799.96875,5.8,3.9
2025-10-03T23:03:22,3.0,14799.96875,5.8,3.9
2025-10-03T23:03:23,3.0,14799.96875,5.9,3.9
2025-10-03T23:03:24,5.0,14799.96875,5.8,3.9
2025-10-03T23:03:25,2.0,14799.96875,5.9,3.9
2025-10-03T23:03:26,4.0,14799.96875,5.9,3.9
2025-10-03T23:03:27,3.0,14799.96875,5.8,3.9
2025-10-03T23:03:28,5.0,14799.96875,5.9,3.9
2025-10-03T23:03:29,4.0,14799.96875,5.9,3.9
2025-10-03T23:03:30,3.0,14799.96875,5.8,3.9
2025-10-03T23:03:31,3.0,14799.96875,5.8,3.9
2025-10-03T23:03:32,2.0,14799.96875,5.8,3.9
2025-10-03T23:03:33,4.0,14799.96875,5.8,3.9
2025-10-03T23:03:34,4.0,14799.96875,5.9,3.9
2025-10-03T23:03:35,3.0,14799.96875,5.8,3.9
2025-10-03T23:03:36,3.0,14799.96875,5.8,3.9
2025-10-03T23:03:37,3.0,14799.96875,5.8,3.9
2025-10-03T23:03:38,5.0,14799.96875,5.9,3.9
2025-10-03T23:03:39,3.0,14799.96875,5.8,3.9
2025-10-03T23:03:40,2.0,14799.96875,5.8,3.9
2025-10-03T23:03:41,4.0,14799.96875,5.9,3.9
2025-10-03T23:03:42,4.0,14799.96875,5.8,3.9
2025-10-03T23:03:43,2.0,14799.96875,5.8,3.9
2025-10-03T23:03:44,4.0,14799.96875,5.9,3.9
2025-10-03T23:03:45,4.0,14799.96875,5.9,3.9
2025-10-03T23:03:46,3.0,14799.96875,5.8,3.9
2025-10-03T23:03:47,4.0,14799.96875,5.9,3.9
2025-10-03T23:03:48,3.0,14799.96875,5.9,3.9
2025-10-03T23:03:49,3.0,14799.96875,5.8,3.9
2025-10-03T23:03:50,3.0,14799.96875,6.0,3.9
2025-10-03T23:03:51,4.0,14799.96875,5.8,3.9
2025-10-03T23:03:52,5.0,14799.96875,5.8,3.9
2025-10-03T23:03:53,3.0,14799.96875,5.8,3.9
2025-10-03T23:03:54,5.0,14799.96875,5.9,3.9
2025-10-03T23:03:55,3.0,14799.96875,5.8,3.9
2025-10-03T23:03:56,5.0,14799.96875,5.8,3.9
2025-10-03T23:03:57,3.0,14799.96875,5.9,3.9
2025-10-03T23:03:58,3.0,14799.96875,5.8,3.9
2025-10-03T23:03:59,3.0,14799.96875,5.8,3.9
2025-10-03T23:04:00,3.0,14799.96875,5.9,3.9
2025-10-03T23:04:01,4.0,14799.96875,5.8,3.9
2025-10-03T23:04:02,3.0,14799.96875,5.8,3.9
2025-10-03T23:04:03,4.0,14799.96875,5.9,3.9
2025-10-03T23:04:04,6.0,14799.96875,5.9,3.9
2025-10-03T23:04:05,2.0,14799.96875,5.8,3.9
2025-10-03T23:04:06,2.0,14799.96875,5.8,3.9
2025-10-03T23:04:07,5.0,14799.96875,5.9,3.9
2025-10-03T23:04:08,3.0,14799.96875,5.8,3.9
2025-10-03T23:04:09,3.0,14799.96875,5.9,3.9
2025-10-03T23:04:10,4.0,14799.96875,5.9,3.9
2025-10-03T23:04:11,5.0,14799.96875,5.8,3.9
2025-10-03T23:04:12,4.0,14799.96875,5.9,3.9
2025-10-03T23:04:13,3.0,14799.96875,5.8,3.9
2025-10-03T23:04:14,3.0,14799.96875,5.8,3.9
2025-10-03T23:04:15,4.0,14799.96875,5.8,3.9
2025-10-03T23:04:16,3.0,14799.96875,5.9,3.9
2025-10-03T23:04:17,4.0,14799.96875,5.8,3.9
2025-10-03T23:04:18,5.0,14799.96875,5.8,3.9
2025-10-03T23:04:19,3.0,14799.96875,5.9,3.9
2025-10-03T23:04:20,4.0,14799.96875,5.8,3.9
2025-10-03T23:04:21,3.0,14799.96875,5.8,3.9
2025-10-03T23:04:22,4.0,14799.96875,5.9,3.9
2025-10-03T23:04:23,5.0,14799.96875,5.9,3.9
2025-10-03T23:04:24,2.0,14799.96875,5.8,3.9
2025-10-03T23:04:25,4.0,14799.96875,5.9,3.9
2025-10-03T23:04:26,3.0,14799.96875,5.9,3.9
2025-10-03T23:04:27,4.0,14799.96875,5.8,3.9
2025-10-03T23:04:28,4.0,14799.96875,5.9,3.9
2025-10-03T23:04:29,4.0,14799.96875,5.9,3.9
2025-10-03T23:04:30,2.0,14799.96875,5.8,3.9
2025-10-03T23:04:31,4.0,14799.96875,5.9,3.9
2025-10-03T23:04:32,4.0,14799.96875,5.9,3.9
2025-10-03T23:04:33,3.0,14799.96875,5.8,3.9
2025-10-03T23:04:34,3.0,14799.96875,5.8,3.9
2025-10-03T23:04:35,4.0,14799.96875,5.9,3.9
2025-10-03T23:04:36,4.0,14799.96875,5.8,3.9
2025-10-03T23:04:37,3.0,14799.96875,5.8,3.9
2025-10-03T23:04:38,5.0,14799.96875,5.9,3.9
2025-10-03T23:04:39,2.0,14799.96875,5.8,3.9
2025-10-03T23:04:40,4.0,14799.96875,5.8,3.9
2025-10-03T23:04:41,3.0,14799.96875,5.9,3.9
2025-10-03T23:04:42,4.0,14799.96875,5.9,3.9
2025-10-03T23:04:43,4.0,14799.96875,5.8,3.9
2025-10-03T23:04:44,3.0,14799.96875,5.8,3.9
2025-10-03T23:04:45,3.0,14799.96875,5.9,3.9
2025-10-03T23:04:46,4.0,14799.96875,5.8,3.9
2025-10-03T23:04:47,5.0,14799.96875,5.9,3.9
2025-10-03T23:04:48,2.0,14799.96875,5.8,3.9
2025-10-03T23:04:49,4.0,14799.96875,5.8,3.9
2025-10-03T23:04:50,4.0,14799.96875,5.9,3.9
2025-10-03T23:04:51,4.0,14799.96875,5.9,3.9
2025-10-03T23:04:52,3.0,14799.96875,5.8,3.9
2025-10-03T23:04:53,5.0,14799.96875,5.9,3.9
2025-10-03T23:04:54,5.0,14799.96875,5.9,3.9
2025-10-03T23:04:55,4.0,14799.96875,5.8,3.9
2025-10-03T23:04:56,4.0,14799.96875,5.8,3.9
2025-10-03T23:04:57,3.0,14799.96875,5.9,3.9
2025-10-03T23:04:58,3.0,14799.96875,5.8,3.9
2025-10-03T23:04:59,5.0,14799.96875,5.8,3.9
2025-10-03T23:05:00,4.0,14799.96875,5.9,3.9
2025-10-03T23:05:01,5.0,14799.96875,5.9,3.9
2025-10-03T23:05:02,3.0,14799.96875,5.8,3.9
2025-10-03T23:05:03,5.0,14799.96875,5.9,3.9
2025-10-03T23:05:04,3.0,14799.96875,5.9,3.9
2025-10-03T23:05:05,2.0,14799.96875,5.8,3.9
2025-10-03T23:05:06,2.0,14799.96875,5.8,3.9
2025-10-03T23:05:07,6.0,14799.96875,5.9,3.9
2025-10-03T23:05:08,3.0,14799.96875,5.8,3.9
2025-10-03T23:05:09,5.0,14799.96875,5.9,3.9
2025-10-03T23:05:10,4.0,14799.96875,5.9,3.9
2025-10-03T23:05:11,3.0,14799.96875,5.8,3.9
2025-10-03T23:05:12,2.0,14799.96875,5.8,3.9
2025-10-03T23:05:13,4.0,14799.96875,5.9,3.9
2025-10-03T23:05:14,4.0,14799.96875,5.8,3.9
2025-10-03T23:05:15,4.0,14799.96875,5.8,3.9
2025-10-03T23:05:16,5.0,14799.96875,5.9,3.9
2025-10-03T23:05:17,3.0,14799.96875,5.9,3.9
2025-10-03T23:05:18,4.0,14799.96875,5.8,3.9
2025-10-03T23:05:19,3.0,14799.96875,5.8,3.9
2025-10-03T23:05:20,3.0,14799.96875,5.9,3.9
2025-10-03T23:05:21,5.0,14799.96875,5.8,3.9
2025-10-03T23:05:22,3.0,14799.96875,5.8,3.9
2025-10-03T23:05:23,3.0,14799.96875,5.9,3.9
2025-10-03T23:05:24,4.0,14799.96875,5.8,3.9
2025-10-03T23:05:25,6.0,14799.96875,5.9,3.9
2025-10-03T23:05:26,3.0,14798.0,5.8,3.9
2025-10-03T23:05:27,4.0,14798.0,5.8,3.9
2025-10-03T23:05:28,4.0,14798.0,5.9,3.9
2025-10-03T23:05:29,4.0,14798.0,5.9,3.9
2025-10-03T23:05:30,3.0,14798.0,5.8,3.9
2025-10-03T23:05:31,4.0,14798.0,5.8,3.9
2025-10-03T23:05:32,4.0,14798.0,5.9,3.9
2025-10-03T23:05:33,4.0,14798.0,5.8,3.9
2025-10-03T23:05:34,5.0,14798.0,5.9,3.9
2025-10-03T23:05:35,3.0,14798.0,5.8,3.9
2025-10-03T23:05:36,6.0,14798.0,5.9,3.9
2025-10-03T23:05:37,2.0,14798.0,5.8,3.9
2025-10-03T23:05:38,4.0,14798.0,5.9,3.9
2025-10-03T23:05:39,4.0,14798.0,5.8,3.9
2025-10-03T23:05:40,3.0,14798.0,5.8,3.9
2025-10-03T23:05:41,5.0,14798.0,5.9,3.9
2025-10-03T23:05:42,4.0,14798.0,5.9,3.9
2025-10-03T23:05:43,6.0,14798.0,5.9,3.9
2025-10-03T23:05:44,5.0,14798.0,5.9,3.9
2025-10-03T23:05:45,3.0,14798.0,5.9,3.9
2025-10-03T23:05:46,2.0,14798.0,5.8,3.9
2025-10-03T23:05:47,5.0,14798.0,5.9,3.9
2025-10-03T23:05:48,3.0,14798.0,5.9,3.9
2025-10-03T23:05:49,3.0,14798.0,5.8,3.9
2025-10-03T23:05:50,6.0,14798.0,5.9,3.9
2025-10-03T23:05:51,5.0,14798.0,5.9,3.9
2025-10-03T23:05:52,3.0,14798.0,5.8,3.9
2025-10-03T23:05:53,5.0,14798.0,6.0,3.9
2025-10-03T23:05:54,2.0,14798.0,5.8,3.9
2025-10-03T23:05:55,2.0,14798.0,5.8,3.9
2025-10-03T23:05:56,5.0,14798.0,5.8,3.9
2025-10-03T23:05:57,3.0,14798.0,5.8,3.9
2025-10-03T23:05:58,4.0,14798.0,5.9,3.9
2025-10-03T23:05:59,15.0,14796.10546875,5.8,3.9
2025-10-03T23:06:00,2.0,14796.10546875,5.9,3.9
2025-10-03T23:06:01,6.0,14796.10546875,5.9,3.9
2025-10-03T23:06:02,3.0,14796.10546875,5.8,3.9
2025-10-03T23:06:03,4.0,14796.10546875,5.8,3.9
2025-10-03T23:06:04,3.0,14796.10546875,5.9,3.9
2025-10-03T23:06:05,3.0,14796.10546875,5.8,3.9
2025-10-03T23:06:06,4.0,14796.10546875,5.8,3.9
2025-10-03T23:06:07,5.0,14796.10546875,5.9,3.9
2025-10-03T23:06:08,3.0,14796.10546875,5.8,3.9
2025-10-03T23:06:09,4.0,14796.10546875,5.9,3.9
2025-10-03T23:06:10,4.0,14796.10546875,5.9,3.9
2025-10-03T23:06:11,2.0,14796.10546875,5.8,3.9
2025-10-03T23:06:12,5.0,14796.10546875,5.8,3.9
2025-10-03T23:06:13,3.0,14796.10546875,5.9,3.9
2025-10-03T23:06:14,3.0,14796.10546875,5.8,3.9
2025-10-03T23:06:15,4.0,14796.10546875,5.8,3.9
2025-10-03T23:06:16,4.0,14796.10546875,5.9,3.9
2025-10-03T23:06:17,3.0,14796.10546875,5.9,3.9
2025-10-03T23:06:18,5.0,14796.10546875,5.8,3.9
2025-10-03T23:06:19,4.0,14796.10546875,5.9,3.9
2025-10-03T23:06:20,2.0,14796.10546875,5.9,3.9
2025-10-03T23:06:21,2.0,14796.10546875,5.8,3.9
2025-10-03T23:06:22,5.0,14796.10546875,5.9,3.9
2025-10-03T23:06:23,4.0,14796.10546875,5.9,3.9
2025-10-03T23:06:24,4.0,14796.10546875,5.8,3.9
2025-10-03T23:06:25,5.0,14796.10546875,5.9,3.9
2025-10-03T23:06:26,3.0,14796.10546875,5.8,3.9
2025-10-03T23:06:27,4.0,14796.10546875,5.8,3.9
2025-10-03T23:06:28,3.0,14796.10546875,5.9,3.9
2025-10-03T23:06:29,3.0,14796.10546875,5.9,3.9
2025-10-03T23:06:30,5.0,14796.10546875,5.8,3.9
2025-10-03T23:06:31,3.0,14796.10546875,5.8,3.9
2025-10-03T23:06:32,4.0,14796.10546875,5.9,3.9
2025-10-03T23:06:33,3.0,14796.10546875,5.9,3.9
2025-10-03T23:06:34,5.0,14796.10546875,5.8,3.9
2025-10-03T23:06:35,3.0,14796.10546875,5.8,3.9
2025-10-03T23:06:36,3.0,14796.10546875,5.9,3.9
2025-10-03T23:06:37,4.0,14796.10546875,5.8,3.9
2025-10-03T23:06:38,4.0,14796.10546875,5.9,3.9
2025-10-03T23:06:39,4.0,14796.10546875,5.9,3.9
2025-10-03T23:06:40,4.0,14796.10546875,5.8,3.9
2025-10-03T23:06:41,5.0,14796.10546875,5.9,3.9
2025-10-03T23:06:42,3.0,14796.10546875,5.9,3.9
2025-10-03T23:06:43,3.0,14796.10546875,5.8,3.9
2025-10-03T23:06:44,3.0,14796.10546875,5.8,3.9
2025-10-03T23:06:45,2.0,14796.10546875,5.9,3.9
2025-10-03T23:06:46,4.0,14796.10546875,5.8,3.9
2025-10-03T23:06:47,3.0,14796.10546875,5.8,3.9
2025-10-03T23:06:48,7.0,14796.10546875,5.9,3.9
2025-10-03T23:06:49,2.0,14796.10546875,5.8,3.9
2025-10-03T23:06:50,3.0,14796.10546875,5.8,3.9
2025-10-03T23:06:51,4.0,14796.10546875,5.9,3.9
2025-10-03T23:06:52,6.0,14796.10546875,5.9,3.9
2025-10-03T23:06:53,2.0,14796.10546875,5.8,3.9
2025-10-03T23:06:54,2.0,14796.10546875,5.8,3.9
2025-10-03T23:06:55,4.0,14796.10546875,5.9,3.9
2025-10-03T23:06:56,3.0,14796.10546875,5.8,3.9
2025-10-03T23:06:57,4.0,14796.10546875,5.9,3.9
2025-10-03T23:06:58,3.0,14796.10546875,5.9,3.9
2025-10-03T23:06:59,5.0,14796.10546875,5.8,3.9
2025-10-03T23:07:00,5.0,14796.10546875,5.9,3.9
2025-10-03T23:07:01,3.0,14796.10546875,5.9,3.9
2025-10-03T23:07:02,3.0,14796.10546875,5.8,3.9
2025-10-03T23:07:03,4.0,14796.10546875,5.8,3.9
2025-10-03T23:07:04,3.0,14796.10546875,5.9,3.9
2025-10-03T23:07:05,2.0,14796.10546875,5.8,3.9
2025-10-03T23:07:06,3.0,14796.10546875,5.8,3.9
2025-10-03T23:07:07,4.0,14796.10546875,5.9,3.9
2025-10-03T23:07:08,5.0,14796.10546875,5.9,3.9
2025-10-03T23:07:09,4.0,14796.10546875,5.8,3.9
2025-10-03T23:07:10,2.0,14796.10546875,5.8,3.9
2025-10-03T23:07:11,4.0,14796.10546875,5.9,3.9
2025-10-03T23:07:12,3.0,14796.10546875,5.8,3.9
2025-10-03T23:07:13,5.0,14796.10546875,5.8,3.9
2025-10-03T23:07:14,2.0,14796.10546875,5.8,3.9
2025-10-03T23:07:15,2.0,14796.10546875,5.8,3.9
2025-10-03T23:07:16,4.0,14796.10546875,5.9,3.9
2025-10-03T23:07:17,5.0,14796.10546875,5.9,3.9
2025-10-03T23:07:18,3.0,14796.10546875,5.9,3.9
2025-10-03T23:07:19,3.0,14796.10546875,5.8,3.9
2025-10-03T23:07:20,4.0,14796.10546875,5.9,3.9
2025-10-03T23:07:21,5.0,14796.10546875,5.8,3.9
2025-10-03T23:07:22,4.0,14796.10546875,5.8,3.9
2025-10-03T23:07:23,3.0,14796.10546875,5.9,3.9
2025-10-03T23:07:24,3.0,14796.10546875,5.8,3.9
2025-10-03T23:07:25,4.0,14796.10546875,5.8,3.9
2025-10-03T23:07:26,3.0,14796.10546875,5.8,3.9
2025-10-03T23:07:27,4.0,14796.10546875,5.9,3.9
2025-10-03T23:07:28,2.0,14796.10546875,5.8,3.9
2025-10-03T23:07:29,4.0,14796.10546875,5.9,3.9
2025-10-03T23:07:30,5.0,14796.10546875,5.9,3.9
2025-10-03T23:07:31,5.0,14796.10546875,5.8,3.9
2025-10-03T23:07:32,3.0,14796.10546875,5.8,3.9
2025-10-03T23:07:33,3.0,14796.10546875,5.9,3.9
2025-10-03T23:07:34,2.0,14796.10546875,5.8,3.9
2025-10-03T23:07:35,6.0,14796.10546875,5.9,3.9
2025-10-03T23:07:36,2.0,14796.10546875,5.8,3.9
2025-10-03T23:07:37,6.0,14796.10546875,5.9,3.9
2025-10-03T23:07:38,4.0,14796.10546875,5.8,3.9
2025-10-03T23:07:39,3.0,14796.10546875,5.9,3.9
2025-10-03T23:07:40,4.0,14796.10546875,5.8,3.9
2025-10-03T23:07:41,4.0,14796.10546875,5.8,3.9
2025-10-03T23:07:42,1.0,14796.10546875,5.8,3.9
2025-10-03T23:07:43,2.0,14796.10546875,5.8,3.9
2025-10-03T23:07:44,5.0,14796.10546875,5.8,3.9
2025-10-03T23:07:45,3.0,14796.10546875,5.9,3.9
2025-10-03T23:07:46,6.0,14796.10546875,5.9,3.9
2025-10-03T23:07:47,5.0,14796.10546875,5.8,3.9
2025-10-03T23:07:48,4.0,14796.10546875,5.9,3.9
2025-10-03T23:07:49,3.0,14796.10546875,5.9,3.9
2025-10-03T23:07:50,6.0,14796.10546875,5.8,3.9
2025-10-03T23:07:51,2.0,14796.10546875,5.8,3.9
2025-10-03T23:07:52,3.0,14796.10546875,5.9,3.9
2025-10-03T23:07:53,3.0,14796.10546875,5.8,3.9
2025-10-03T23:07:54,4.0,14796.10546875,5.8,3.9
2025-10-03T23:07:55,3.0,14796.10546875,5.9,3.9
2025-10-03T23:07:56,4.0,14796.10546875,5.8,3.9
2025-10-03T23:07:57,4.0,14796.10546875,5.9,3.9
2025-10-03T23:07:58,6.0,14796.10546875,5.9,3.9
2025-10-03T23:07:59,3.0,14796.10546875,5.8,3.9
2025-10-03T23:08:00,3.0,14796.10546875,5.8,3.9
2025-10-03T23:08:01,3.0,14796.10546875,5.9,3.9
2025-10-03T23:08:02,3.0,14796.10546875,5.9,3.9
2025-10-03T23:08:03,3.0,14796.10546875,5.8,3.9
2025-10-03T23:08:04,3.0,14796.10546875,5.9,3.9
2025-10-03T23:08:05,5.0,14796.10546875,5.9,3.9
2025-10-03T23:08:06,5.0,14796.10546875,5.8,3.9
2025-10-03T23:08:07,3.0,14796.10546875,5.9,3.9
2025-10-03T23:08:08,3.0,14796.10546875,5.8,3.9
2025-10-03T23:08:09,3.0,14796.10546875,5.8,3.9
2025-10-03T23:08:10,5.0,14796.10546875,5.8,3.9
2025-10-03T23:08:11,4.0,14796.10546875,5.9,3.9
2025-10-03T23:08:12,3.0,14796.10546875,5.8,3.9
2025-10-03T23:08:13,3.0,14796.10546875,5.9,3.9
2025-10-03T23:08:14,3.0,14796.10546875,5.9,3.9
2025-10-03T23:08:15,4.0,14796.10546875,5.8,3.9
2025-10-03T23:08:16,4.0,14796.10546875,5.8,3.9
2025-10-03T23:08:17,6.0,14796.10546875,6.0,3.9
2025-10-03T23:08:18,2.0,14796.10546875,5.8,3.9
2025-10-03T23:08:19,3.0,14796.10546875,5.8,3.9
2025-10-03T23:08:20,2.0,14796.10546875,5.8,3.9
2025-10-03T23:08:21,3.0,14796.10546875,5.9,3.9
2025-10-03T23:08:22,4.0,14796.10546875,5.8,3.9
2025-10-03T23:08:23,6.0,14796.10546875,5.9,3.9
2025-10-03T23:08:24,3.0,14796.10546875,5.9,3.9
2025-10-03T23:08:25,3.0,14796.10546875,5.8,3.9
2025-10-03T23:08:26,4.0,14796.10546875,5.9,3.9
2025-10-03T23:08:27,3.0,14796.10546875,5.9,3.9
2025-10-03T23:08:28,4.0,14796.10546875,5.8,3.9
2025-10-03T23:08:29,2.0,14796.10546875,5.8,3.9
2025-10-03T23:08:30,4.0,14796.10546875,5.9,3.9
2025-10-03T23:08:31,2.0,14796.10546875,5.8,3.9
2025-10-03T23:08:32,4.0,14796.10546875,5.8,3.9
2025-10-03T23:08:33,2.0,14796.10546875,5.8,3.9
2025-10-03T23:08:34,4.0,14796.10546875,5.8,3.9
2025-10-03T23:08:35,3.0,14796.10546875,5.8,3.9
2025-10-03T23:08:36,6.0,14796.10546875,5.9,3.9
2025-10-03T23:08:37,4.0,14796.10546875,5.8,3.9
2025-10-03T23:08:38,2.0,14796.10546875,5.8,3.9
2025-10-03T23:08:39,3.0,14796.10546875,5.8,3.9
2025-10-03T23:08:40,3.0,14796.10546875,5.9,3.9
2025-10-03T23:08:41,4.0,14796.10546875,5.8,3.9
2025-10-03T23:08:42,5.0,14796.10546875,5.9,3.9
2025-10-03T23:08:43,4.0,14796.10546875,5.9,3.9
2025-10-03T23:08:44,4.0,14796.10546875,5.8,3.9
2025-10-03T23:08:45,4.0,14796.10546875,5.9,3.9
2025-10-03T23:08:46,4.0,14796.10546875,5.9,3.9
2025-10-03T23:08:47,4.0,14796.10546875,5.8,3.9
2025-10-03T23:08:48,3.0,14796.10546875,5.8,3.9
2025-10-03T23:08:49,4.0,14796.10546875,5.9,3.9
2025-10-03T23:08:50,1.0,14796.10546875,5.8,3.9
2025-10-03T23:08:51,2.0,14796.10546875,5.8,3.9
2025-10-03T23:08:52,1.0,14796.10546875,5.8,3.9
2025-10-03T23:08:53,3.0,14796.10546875,5.8,3.9
2025-10-03T23:08:54,1.0,14796.10546875,5.8,3.9
2025-10-03T23:08:55,2.0,14796.10546875,5.9,3.9
2025-10-03T23:08:56,2.0,14796.10546875,5.8,3.9
2025-10-03T23:08:57,1.0,14796.10546875,5.8,3.9
2025-10-03T23:08:58,3.0,14796.10546875,5.9,3.9
2025-10-03T23:08:59,2.0,14796.10546875,5.8,3.9
2025-10-03T23:09:00,2.0,14796.10546875,5.7,3.9
2025-10-03T23:09:01,2.0,14796.10546875,5.8,3.9
2025-10-03T23:09:02,2.0,14796.10546875,5.8,3.9
2025-10-03T23:09:03,2.0,14796.10546875,5.7,3.9
2025-10-03T23:09:04,2.0,14796.10546875,5.8,3.9
2025-10-03T23:09:05,2.0,14796.10546875,5.8,3.9
2025-10-03T23:09:06,2.0,14796.10546875,5.7,3.9
2025-10-03T23:09:07,1.0,14796.10546875,5.8,3.9
2025-10-03T23:09:08,1.0,14796.10546875,5.8,3.9
2025-10-03T23:09:09,1.0,14796.10546875,5.7,3.9
2025-10-03T23:09:10,83.9,14799.26171875,6.3,3.9
2025-10-03T23:09:11,99.8,14800.51171875,6.4,3.9
2025-10-03T23:09:12,99.8,14861.76171875,6.3,3.9
2025-10-03T23:09:13,100.3,14951.4140625,6.4,3.9
2025-10-03T23:09:14,98.7,14960.3984375,6.4,3.9
2025-10-03T23:09:15,99.4,17443.82421875,6.4,4.0
2025-10-03T23:09:16,100.7,20231.41015625,6.3,4.2
2025-10-03T23:09:17,98.4,13747.99609375,6.4,3.8
2025-10-03T23:09:18,98.9,13740.08984375,6.4,3.8
2025-10-03T23:09:19,100.0,13765.08984375,6.4,3.8
2025-10-03T23:09:20,100.2,13826.33984375,6.4,3.8
2025-10-03T23:09:21,100.2,13913.984375,6.4,3.9
2025-10-03T23:09:22,100.6,14676.13671875,6.4,4.0
2025-10-03T23:09:23,97.6,17378.25,6.5,4.0
2025-10-03T23:09:24,98.8,16991.82421875,6.4,4.0
2025-10-03T23:09:25,100.0,14593.08984375,6.3,3.9
2025-10-03T23:09:26,99.7,16016.2421875,6.4,4.0
2025-10-03T23:09:27,99.1,15991.3828125,6.4,4.0
2025-10-03T23:09:28,100.0,16005.1328125,6.3,4.0
2025-10-03T23:09:29,99.8,16067.6328125,6.4,4.0
2025-10-03T23:09:30,78.3,16002.8984375,6.5,4.0
2025-10-03T23:09:31,0.0,16002.8984375,6.0,4.0
2025-10-03T23:09:32,0.0,16002.8984375,5.8,4.0
2025-10-03T23:09:33,0.0,16002.8984375,5.8,4.0
2025-10-03T23:09:34,0.0,16002.8984375,5.7,4.0
2025-10-03T23:09:35,0.0,16002.8984375,5.8,4.0
2025-10-03T23:09:36,3.0,16004.1484375,5.9,4.0
2025-10-03T23:09:37,8.0,16004.1484375,5.9,4.0
2025-10-03T23:09:38,11.0,16004.1484375,6.0,4.0
2025-10-03T23:09:39,7.0,16004.1484375,5.9,4.0
2025-10-03T23:09:40,4.0,16004.1484375,5.8,4.0
2025-10-03T23:09:41,2.0,16004.1484375,5.8,4.0
2025-10-03T23:09:42,2.0,16004.1484375,5.8,4.0
2025-10-03T23:09:43,6.0,16004.1484375,5.9,4.0
2025-10-03T23:09:44,9.0,16004.1484375,5.9,4.0
2025-10-03T23:09:45,5.0,16004.1484375,5.9,4.0
2025-10-03T23:09:46,7.0,16004.1484375,5.9,4.0
2025-10-03T23:09:47,5.0,16004.1484375,5.8,4.0
2025-10-03T23:09:48,2.0,16004.1484375,5.9,4.0
2025-10-03T23:09:49,5.0,16004.1484375,5.9,4.0
2025-10-03T23:09:50,5.0,16004.1484375,5.8,4.0
2025-10-03T23:09:51,7.0,16004.1484375,5.9,4.0
2025-10-03T23:09:52,5.0,16004.1484375,5.9,4.0
2025-10-03T23:09:53,6.0,16004.1484375,5.9,4.0
2025-10-03T23:09:54,6.0,16004.1484375,5.9,4.0
2025-10-03T23:09:55,3.0,16004.1484375,5.8,4.0
2025-10-03T23:09:56,5.0,16004.1484375,5.8,4.0
2025-10-03T23:09:57,7.0,16004.1484375,5.9,4.0
2025-10-03T23:09:58,4.0,16004.1484375,5.9,4.0
2025-10-03T23:09:59,6.0,16004.1484375,5.9,4.0
2025-10-03T23:10:00,5.0,16004.1484375,5.9,4.0
2025-10-03T23:10:01,6.0,16004.1484375,5.9,4.0
2025-10-03T23:10:02,4.0,16004.1484375,5.9,4.0
2025-10-03T23:10:03,4.0,16004.1484375,5.8,4.0
2025-10-03T23:10:04,8.0,16004.1484375,5.9,4.0
2025-10-03T23:10:05,5.0,16004.1484375,5.9,4.0
2025-10-03T23:10:06,5.0,16004.1484375,5.8,4.0
2025-10-03T23:10:07,6.0,16004.1484375,5.9,4.0
2025-10-03T23:10:08,7.0,16004.1484375,6.0,4.0
2025-10-03T23:10:09,4.0,16004.1484375,5.8,4.0
2025-10-03T23:10:10,4.0,16004.1484375,5.9,4.0
2025-10-03T23:10:11,6.0,16004.1484375,5.9,4.0
2025-10-03T23:10:12,4.0,16004.1484375,5.8,4.0
2025-10-03T23:10:13,5.0,16004.1484375,5.9,4.0
2025-10-03T23:10:14,6.0,16004.1484375,5.9,4.0
2025-10-03T23:10:15,5.0,16004.1484375,5.9,4.0
2025-10-03T23:10:16,6.0,16004.1484375,5.9,4.0
2025-10-03T23:10:17,5.0,16004.1484375,5.9,4.0
2025-10-03T23:10:18,4.0,16004.1484375,5.9,4.0
2025-10-03T23:10:19,4.0,16004.1484375,5.8,4.0
2025-10-03T23:10:20,6.0,16004.1484375,5.9,4.0
2025-10-03T23:10:21,8.0,16004.1484375,5.9,4.0
2025-10-03T23:10:22,5.0,16004.1484375,5.8,4.0
2025-10-03T23:10:23,7.0,16004.1484375,5.9,4.0
2025-10-03T23:10:24,5.0,16004.1484375,5.9,4.0
2025-10-03T23:10:25,6.0,16004.1484375,5.8,4.0
2025-10-03T23:10:26,3.0,16004.1484375,5.9,4.0
2025-10-03T23:10:27,8.0,16004.1484375,5.9,4.0
2025-10-03T23:10:28,5.0,16004.1484375,5.9,4.0
2025-10-03T23:10:29,6.0,16004.1484375,5.9,4.0
2025-10-03T23:10:30,7.0,16004.1484375,5.9,4.0
2025-10-03T23:10:31,7.0,16004.1484375,5.9,4.0
2025-10-03T23:10:32,4.0,16004.1484375,5.9,4.0
2025-10-03T23:10:33,6.0,16004.1484375,5.9,4.0
2025-10-03T23:10:34,4.0,16004.1484375,5.9,4.0
2025-10-03T23:10:35,5.0,16004.1484375,5.8,4.0
2025-10-03T23:10:36,6.0,16004.1484375,5.9,4.0
2025-10-03T23:10:37,7.0,16004.1484375,5.9,4.0
2025-10-03T23:10:38,5.0,16004.1484375,5.9,4.0
2025-10-03T23:10:39,6.0,16004.1484375,5.9,4.0
2025-10-03T23:10:40,5.0,16004.1484375,5.9,4.0
2025-10-03T23:10:41,5.0,16004.1484375,5.8,4.0
2025-10-03T23:10:42,5.0,16004.1484375,5.9,4.0
2025-10-03T23:10:43,5.0,16004.1484375,5.9,4.0
2025-10-03T23:10:44,7.0,16004.1484375,5.9,4.0
2025-10-03T23:10:45,5.0,16004.1484375,5.9,4.0
2025-10-03T23:10:46,5.0,16004.1484375,5.9,4.0
2025-10-03T23:10:47,5.0,16004.1484375,5.9,4.0
2025-10-03T23:10:48,6.0,16004.1484375,5.9,4.0
2025-10-03T23:10:49,4.0,16004.1484375,5.9,4.0
2025-10-03T23:10:50,7.0,16004.1484375,5.8,4.0
2025-10-03T23:10:51,6.0,16004.1484375,5.9,4.0
2025-10-03T23:10:52,5.0,16004.1484375,5.9,4.0
2025-10-03T23:10:53,4.0,16004.1484375,5.8,4.0
2025-10-03T23:10:54,5.0,16004.1484375,5.8,4.0
2025-10-03T23:10:55,5.0,16004.1484375,5.9,4.0
2025-10-03T23:10:56,5.0,16004.1484375,5.9,4.0
2025-10-03T23:10:57,5.0,16004.1484375,5.8,4.0
2025-10-03T23:10:58,5.0,16004.1484375,5.9,4.0
2025-10-03T23:10:59,6.0,16004.1484375,5.9,4.0
2025-10-03T23:11:00,6.0,16004.1484375,5.8,4.0
2025-10-03T23:11:01,6.0,16004.1484375,5.9,4.0
2025-10-03T23:11:02,5.0,16004.1484375,5.9,4.0
2025-10-03T23:11:03,6.0,16004.1484375,5.8,4.0
2025-10-03T23:11:04,4.0,16004.1484375,5.9,4.0
2025-10-03T23:11:05,4.0,16004.1484375,5.9,4.0
2025-10-03T23:11:06,7.0,16004.1484375,5.9,4.0
2025-10-03T23:11:07,5.0,16004.1484375,5.9,4.0
2025-10-03T23:11:08,6.0,16004.1484375,5.9,4.0
2025-10-03T23:11:09,5.0,16004.1484375,5.9,4.0
2025-10-03T23:11:10,5.0,16004.1484375,5.9,4.0
2025-10-03T23:11:11,5.0,16004.1484375,5.9,4.0
2025-10-03T23:11:12,5.0,16004.1484375,5.9,4.0
2025-10-03T23:11:13,6.0,16004.1484375,5.8,4.0
2025-10-03T23:11:14,5.0,16004.1484375,5.9,4.0
2025-10-03T23:11:15,5.0,16004.1484375,5.9,4.0
2025-10-03T23:11:16,6.0,16004.1484375,5.8,4.0
2025-10-03T23:11:17,4.0,16004.1484375,5.9,4.0
2025-10-03T23:11:18,6.0,16004.1484375,5.9,4.0
2025-10-03T23:11:19,5.0,16004.1484375,5.8,4.0
2025-10-03T23:11:20,6.0,16004.1484375,6.0,4.0
2025-10-03T23:11:21,6.0,16004.1484375,6.1,4.0
2025-10-03T23:11:22,6.0,16004.1484375,5.8,4.0
2025-10-03T23:11:23,5.0,16004.1484375,5.9,4.0
2025-10-03T23:11:24,4.0,16004.1484375,5.9,4.0
2025-10-03T23:11:25,5.0,16004.1484375,5.8,4.0
2025-10-03T23:11:26,5.0,16004.1484375,5.9,4.0
2025-10-03T23:11:27,7.0,16004.1484375,5.9,4.0
2025-10-03T23:11:28,5.0,16004.1484375,5.9,4.0
2025-10-03T23:11:29,5.0,16004.1484375,5.9,4.0
2025-10-03T23:11:30,5.0,16004.1484375,5.9,4.0
2025-10-03T23:11:31,5.0,16004.1484375,5.8,4.0
2025-10-03T23:11:32,4.0,16004.1484375,5.8,4.0
2025-10-03T23:11:33,5.0,16004.1484375,5.9,4.0
2025-10-03T23:11:34,7.0,16004.1484375,5.9,4.0
2025-10-03T23:11:35,5.0,16004.1484375,5.8,4.0
2025-10-03T23:11:36,5.0,16004.1484375,5.9,4.0
2025-10-03T23:11:37,6.0,16004.1484375,5.9,4.0
2025-10-03T23:11:38,6.0,16004.1484375,5.8,4.0
2025-10-03T23:11:39,3.0,16004.1484375,5.9,3.9
2025-10-03T23:11:40,5.0,16004.1484375,5.9,4.0
2025-10-03T23:11:41,5.0,16004.1484375,5.8,4.0
2025-10-03T23:11:42,6.0,16004.1484375,5.9,4.0
2025-10-03T23:11:43,7.0,16004.1484375,5.9,4.0
2025-10-03T23:11:44,6.0,16004.1484375,5.8,4.0
2025-10-03T23:11:45,3.0,16004.1484375,5.8,4.0
2025-10-03T23:11:46,5.0,16004.1484375,5.9,4.0
2025-10-03T23:11:47,3.0,16004.1484375,5.8,4.0
2025-10-03T23:11:48,7.0,16004.1484375,5.9,4.0
2025-10-03T23:11:49,7.0,16004.1484375,5.9,3.9
2025-10-03T23:11:50,5.0,16004.1484375,5.8,3.9
2025-10-03T23:11:51,5.0,16004.1484375,5.8,3.9
2025-10-03T23:11:52,4.0,16004.1484375,5.9,3.9
2025-10-03T23:11:53,4.0,16004.1484375,5.9,3.9
2025-10-03T23:11:54,6.0,16004.1484375,5.8,3.9
2025-10-03T23:11:55,7.0,16004.1484375,5.9,3.9
2025-10-03T23:11:56,5.0,16002.203125,5.9,3.9
2025-10-03T23:11:57,7.0,16002.203125,5.9,3.9
2025-10-03T23:11:58,5.0,16002.203125,5.9,3.9
2025-10-03T23:11:59,5.0,16002.203125,5.9,3.9
2025-10-03T23:12:00,6.0,16002.203125,5.8,3.9
2025-10-03T23:12:01,5.0,16002.203125,5.9,3.9
2025-10-03T23:12:02,5.0,16002.203125,5.9,3.9
2025-10-03T23:12:03,6.0,16002.203125,5.8,3.9
2025-10-03T23:12:04,5.0,16002.203125,5.9,3.9
2025-10-03T23:12:05,6.0,16002.203125,5.9,3.9
2025-10-03T23:12:06,3.0,16002.203125,5.8,3.9
2025-10-03T23:12:07,5.0,16002.203125,5.9,3.9
2025-10-03T23:12:08,7.0,16002.203125,6.0,3.9
2025-10-03T23:12:09,5.0,16002.203125,5.8,3.9
2025-10-03T23:12:10,5.0,16002.203125,5.8,3.9
2025-10-03T23:12:11,5.0,16002.203125,5.9,3.9
2025-10-03T23:12:12,5.0,16002.203125,5.9,3.9
2025-10-03T23:12:13,5.0,16002.203125,5.8,3.9
2025-10-03T23:12:14,7.0,16002.203125,5.9,3.9
2025-10-03T23:12:15,6.0,16002.203125,5.9,3.9
2025-10-03T23:12:16,5.0,16002.203125,5.8,3.9
2025-10-03T23:12:17,6.0,16002.203125,5.9,3.9
2025-10-03T23:12:18,5.0,16002.203125,5.9,3.9
2025-10-03T23:12:19,17.0,16002.203125,5.9,3.9
2025-10-03T23:12:20,5.0,16002.203125,5.9,3.9
2025-10-03T23:12:21,5.0,16002.203125,5.9,3.9
2025-10-03T23:12:22,7.0,16002.203125,5.9,3.9
2025-10-03T23:12:23,5.0,16002.203125,5.9,3.9
2025-10-03T23:12:24,5.0,16002.203125,5.9,3.9
2025-10-03T23:12:25,4.0,16002.203125,5.8,3.9
2025-10-03T23:12:26,6.0,16002.203125,5.9,3.9
2025-10-03T23:12:27,5.0,16002.203125,5.9,3.9
2025-10-03T23:12:28,5.0,16002.203125,5.9,3.9
2025-10-03T23:12:29,6.0,16002.203125,5.9,3.9
2025-10-03T23:12:30,5.0,16002.203125,5.9,3.9
2025-10-03T23:12:31,7.0,16002.203125,5.9,3.9
2025-10-03T23:12:32,3.0,16002.203125,5.8,3.9
2025-10-03T23:12:33,6.0,16002.203125,5.9,3.9
2025-10-03T23:12:34,5.0,16002.203125,5.9,3.9
2025-10-03T23:12:35,8.0,16002.203125,5.9,3.9
2025-10-03T23:12:36,5.0,16002.203125,5.9,3.9
2025-10-03T23:12:37,5.0,16002.203125,5.9,3.9
2025-10-03T23:12:38,6.0,16002.203125,5.9,3.9
2025-10-03T23:12:39,5.0,16002.203125,5.9,3.9
2025-10-03T23:12:40,6.0,16002.203125,5.9,3.9
2025-10-03T23:12:41,5.0,16002.203125,5.8,3.9
2025-10-03T23:12:42,6.0,16002.203125,5.9,3.9
2025-10-03T23:12:43,5.0,16002.203125,5.9,3.9
2025-10-03T23:12:44,6.0,16002.203125,5.9,3.9
2025-10-03T23:12:45,5.0,16002.203125,5.9,3.9
2025-10-03T23:12:46,5.0,16002.203125,5.8,3.9
2025-10-03T23:12:47,6.0,16002.203125,5.9,3.9
2025-10-03T23:12:48,7.0,16002.203125,5.9,3.9
2025-10-03T23:12:49,5.0,16002.203125,5.8,3.9
2025-10-03T23:12:50,5.0,16002.203125,5.9,3.9
2025-10-03T23:12:51,5.0,16002.203125,5.8,3.9
2025-10-03T23:12:52,6.0,16002.203125,5.9,3.9
2025-10-03T23:12:53,6.0,16002.203125,5.9,3.9
2025-10-03T23:12:54,5.0,16002.203125,5.8,3.9
2025-10-03T23:12:55,5.0,16002.203125,5.9,3.9
2025-10-03T23:12:56,5.0,16002.203125,5.9,3.9
2025-10-03T23:12:57,6.0,16002.203125,5.8,3.9
2025-10-03T23:12:58,4.0,16002.203125,5.9,3.9
2025-10-03T23:12:59,6.0,16002.203125,5.9,3.9
2025-10-03T23:13:00,5.0,16002.203125,5.9,3.9
2025-10-03T23:13:01,5.0,16002.203125,5.8,3.9
2025-10-03T23:13:02,6.0,16002.203125,5.9,3.9
2025-10-03T23:13:03,5.0,16002.203125,5.9,3.9
2025-10-03T23:13:04,5.0,16002.203125,5.8,3.9
2025-10-03T23:13:05,5.0,16002.203125,5.9,3.9
2025-10-03T23:13:06,4.0,16002.203125,5.9,3.9
2025-10-03T23:13:07,7.0,16002.203125,5.8,3.9
2025-10-03T23:13:08,6.0,16002.203125,5.9,3.9
2025-10-03T23:13:09,5.0,16002.203125,5.9,3.9
2025-10-03T23:13:10,5.0,16002.203125,5.8,3.9
2025-10-03T23:13:11,7.0,16002.203125,5.9,3.9
2025-10-03T23:13:12,6.0,16002.203125,5.9,3.9
2025-10-03T23:13:13,4.0,16002.203125,5.8,3.9
2025-10-03T23:13:14,5.0,16002.203125,5.9,3.9
2025-10-03T23:13:15,7.0,16002.203125,5.9,3.9
2025-10-03T23:13:16,4.0,16002.203125,5.8,3.9
2025-10-03T23:13:17,5.0,16002.203125,5.9,3.9
2025-10-03T23:13:18,7.0,16002.203125,5.9,3.9
2025-10-03T23:13:19,6.0,16002.203125,5.9,3.9
2025-10-03T23:13:20,4.0,16002.203125,5.8,3.9
2025-10-03T23:13:21,6.0,16002.203125,5.9,3.9
2025-10-03T23:13:22,6.0,16002.203125,5.9,3.9
2025-10-03T23:13:23,5.0,16002.203125,5.8,3.9
2025-10-03T23:13:24,7.0,16002.203125,5.9,3.9
2025-10-03T23:13:25,5.0,16002.203125,5.9,3.9
2025-10-03T23:13:26,5.0,16002.203125,5.8,3.9
2025-10-03T23:13:27,5.0,16002.203125,5.9,3.9
2025-10-03T23:13:28,5.0,16002.203125,5.9,3.9
2025-10-03T23:13:29,7.0,16002.203125,5.9,3.9
2025-10-03T23:13:30,6.0,16002.203125,5.9,3.9
2025-10-03T23:13:31,5.0,16002.203125,5.9,3.9
2025-10-03T23:13:32,5.0,16002.203125,5.8,3.9
2025-10-03T23:13:33,6.0,16002.203125,5.9,3.9
2025-10-03T23:13:34,5.0,16002.203125,5.9,3.9
2025-10-03T23:13:35,5.0,16002.203125,5.8,3.9
2025-10-03T23:13:36,5.0,16002.203125,5.9,3.9
2025-10-03T23:13:37,4.0,16002.203125,5.9,3.9
2025-10-03T23:13:38,6.0,16002.203125,5.9,3.9
2025-10-03T23:13:39,7.0,16002.203125,5.9,3.9
2025-10-03T23:13:40,4.0,16002.203125,5.9,3.9
2025-10-03T23:13:41,5.0,16002.203125,5.8,3.9
2025-10-03T23:13:42,6.0,16002.203125,5.8,3.9
2025-10-03T23:13:43,6.0,16002.203125,5.9,3.9
2025-10-03T23:13:44,4.0,16002.203125,5.9,3.9
2025-10-03T23:13:45,6.0,16002.203125,5.8,3.9
2025-10-03T23:13:46,6.0,16002.203125,5.9,3.9
2025-10-03T23:13:47,5.0,16002.203125,5.8,3.9
2025-10-03T23:13:48,7.0,16002.203125,5.9,3.9
2025-10-03T23:13:49,5.0,16002.203125,5.9,3.9
2025-10-03T23:13:50,5.0,16002.203125,5.9,3.9
2025-10-03T23:13:51,4.0,16002.203125,5.8,3.9
2025-10-03T23:13:52,6.0,16002.203125,5.9,3.9
2025-10-03T23:13:53,6.0,16002.203125,5.9,3.9
2025-10-03T23:13:54,6.0,16002.203125,5.9,3.9
2025-10-03T23:13:55,4.0,16002.203125,5.9,3.9
2025-10-03T23:13:56,5.0,16002.203125,5.9,3.9
2025-10-03T23:13:57,4.0,16002.203125,5.9,3.9
2025-10-03T23:13:58,6.0,16002.203125,5.9,3.9
2025-10-03T23:13:59,6.0,16002.203125,5.9,3.9
2025-10-03T23:14:00,5.0,16002.203125,5.9,3.9
2025-10-03T23:14:01,6.0,16002.203125,5.8,3.9
2025-10-03T23:14:02,5.0,16002.203125,5.9,3.9
2025-10-03T23:14:03,6.0,16002.203125,5.9,3.9
2025-10-03T23:14:04,6.0,16002.203125,5.9,3.9
2025-10-03T23:14:05,5.0,16002.203125,5.9,3.9
2025-10-03T23:14:06,6.0,16002.203125,5.9,3.9
2025-10-03T23:14:07,7.0,16002.203125,5.8,3.9
2025-10-03T23:14:08,6.0,16002.203125,5.9,3.9
2025-10-03T23:14:09,4.0,16002.203125,5.9,3.9
2025-10-03T23:14:10,6.0,16002.203125,5.8,3.9
2025-10-03T23:14:11,6.0,16002.203125,5.9,3.9
2025-10-03T23:14:12,6.0,16002.203125,5.9,3.9
2025-10-03T23:14:13,4.0,16002.203125,5.9,3.9
2025-10-03T23:14:14,5.0,16002.203125,5.8,3.9
2025-10-03T23:14:15,6.0,16002.203125,5.9,3.9
2025-10-03T23:14:16,6.0,16002.203125,5.9,3.9
2025-10-03T23:14:17,6.0,16002.203125,5.8,3.9
2025-10-03T23:14:18,5.0,16002.203125,5.9,3.9
2025-10-03T23:14:19,3.0,16002.203125,5.9,3.9
2025-10-03T23:14:20,6.0,16002.203125,5.8,3.9
2025-10-03T23:14:21,7.0,16002.203125,5.9,3.9
2025-10-03T23:14:22,2.0,16002.203125,5.8,3.9
2025-10-03T23:14:23,6.0,16002.203125,5.8,3.9
2025-10-03T23:14:24,4.0,16002.203125,5.9,3.9
2025-10-03T23:14:25,7.0,16002.203125,5.9,3.9
2025-10-03T23:14:26,6.0,16002.203125,5.8,3.9
2025-10-03T23:14:27,5.0,16002.203125,5.9,3.9
2025-10-03T23:14:28,5.0,16002.203125,5.9,3.9
2025-10-03T23:14:29,5.0,16002.203125,5.8,3.9
2025-10-03T23:14:30,6.0,16002.203125,5.9,3.9
2025-10-03T23:14:31,5.0,16002.203125,5.9,3.9
2025-10-03T23:14:32,5.0,16002.203125,5.8,3.9
2025-10-03T23:14:33,6.0,16002.203125,5.9,3.9
2025-10-03T23:14:34,5.0,16002.203125,5.9,3.9
2025-10-03T23:14:35,4.0,16002.203125,5.9,3.9
2025-10-03T23:14:36,5.0,16002.203125,5.8,3.9
2025-10-03T23:14:37,6.0,16002.203125,5.9,3.9
2025-10-03T23:14:38,5.0,16002.203125,5.9,3.9
2025-10-03T23:14:39,5.0,16002.203125,5.8,3.9
2025-10-03T23:14:40,4.0,16002.203125,5.9,3.9
2025-10-03T23:14:41,5.0,16002.203125,5.9,3.9
2025-10-03T23:14:42,6.0,16002.203125,5.9,3.9
2025-10-03T23:14:43,6.0,16002.203125,5.9,3.9
2025-10-03T23:14:44,5.0,16002.203125,5.9,3.9
2025-10-03T23:14:45,5.0,16002.203125,5.8,3.9
2025-10-03T23:14:46,7.0,16002.203125,5.9,3.9
2025-10-03T23:14:47,4.0,16002.203125,5.9,3.9
2025-10-03T23:14:48,7.0,16002.203125,5.9,3.9
2025-10-03T23:14:49,5.0,16002.203125,5.9,3.9
2025-10-03T23:14:50,5.0,16002.203125,5.9,3.9
2025-10-03T23:14:51,6.0,16002.203125,5.9,3.9
2025-10-03T23:14:52,5.0,16002.203125,5.8,3.9
2025-10-03T23:14:53,6.0,16002.203125,5.9,3.9
2025-10-03T23:14:54,5.0,16002.203125,5.9,3.9
2025-10-03T23:14:55,4.0,16002.203125,5.8,3.9
2025-10-03T23:14:56,2.0,16002.203125,5.9,3.9
2025-10-03T23:14:57,3.0,16002.203125,5.9,3.9
2025-10-03T23:14:58,4.0,16002.203125,5.8,3.9
2025-10-03T23:14:59,2.0,16002.203125,5.9,3.9
2025-10-03T23:15:00,3.0,16002.203125,5.9,3.9
2025-10-03T23:15:01,2.0,16002.203125,5.8,3.9
2025-10-03T23:15:02,3.0,16002.203125,5.9,3.9
2025-10-03T23:15:03,5.0,16002.203125,5.9,3.9
2025-10-03T23:15:04,4.0,16002.203125,5.8,3.9
2025-10-03T23:15:05,35.9,16003.3203125,6.0,3.9
2025-10-03T23:15:06,99.2,16003.3203125,6.4,3.9
2025-10-03T23:15:07,100.0,16007.0703125,6.3,3.9
2025-10-03T23:15:08,100.5,16068.3203125,6.4,3.9
2025-10-03T23:15:09,99.9,16120.0859375,6.4,4.0
2025-10-03T23:15:10,99.2,16167.30859375,6.5,4.0
2025-10-03T23:15:11,129.7,18641.3203125,6.3,4.1
2025-10-03T23:15:12,91.8,21486.74609375,6.4,4.3
2025-10-03T23:15:13,79.6,14887.5390625,6.4,3.9
2025-10-03T23:15:14,99.9,14887.5390625,6.3,3.9
2025-10-03T23:15:15,98.9,14887.5390625,6.4,3.9
2025-10-03T23:15:16,100.2,14961.2890625,6.4,3.9
2025-10-03T23:15:17,99.3,14997.7265625,6.4,3.9
2025-10-03T23:15:18,126.8,17495.85546875,6.4,4.0
2025-10-03T23:15:19,75.4,20361.921875,6.4,4.2
2025-10-03T23:15:20,98.7,14868.0390625,6.4,3.9
2025-10-03T23:15:21,100.3,14868.0390625,6.4,3.9
2025-10-03T23:15:22,99.0,14866.171875,6.4,3.9
2025-10-03T23:15:23,99.9,14864.171875,6.3,3.9
2025-10-03T23:15:24,99.4,14864.171875,6.4,3.9
2025-10-03T23:15:25,100.0,14864.171875,6.4,3.9
2025-10-03T23:15:26,110.5,15016.671875,6.4,3.9
2025-10-03T23:15:27,89.1,15215.68359375,6.4,3.9
2025-10-03T23:15:28,99.0,15485.6796875,6.4,3.9
2025-10-03T23:15:29,115.1,15940.51171875,6.4,3.9
2025-10-03T23:15:30,84.0,15667.7890625,6.3,3.9
2025-10-03T23:15:31,112.6,15940.5234375,6.4,3.9
2025-10-03T23:15:32,82.3,15299.5546875,6.4,4.0
2025-10-03T23:15:33,100.6,15400.66796875,6.4,4.0
2025-10-03T23:15:34,24.0,15400.66796875,6.0,4.0
2025-10-03T23:15:35,1.0,15400.66796875,5.8,4.0
2025-10-03T23:15:36,2.0,15400.66796875,5.8,4.0
2025-10-03T23:15:37,1.0,15400.66796875,5.8,4.0
2025-10-03T23:15:38,1.0,15400.66796875,5.8,4.0
2025-10-03T23:15:39,10.0,15400.66796875,6.0,4.0
2025-10-03T23:15:40,0.0,15400.66796875,5.8,4.0
2025-10-03T23:15:41,0.0,15400.66796875,5.8,4.0
2025-10-03T23:15:42,0.0,15400.66796875,5.7,4.0
2025-10-03T23:15:43,0.0,15400.66796875,5.8,4.0
2025-10-03T23:15:44,0.0,15400.66796875,5.8,4.0
2025-10-03T23:15:45,0.0,15400.66796875,5.7,4.0
2025-10-03T23:15:46,0.0,15400.66796875,5.8,4.0
2025-10-03T23:15:47,0.0,15400.66796875,5.8,4.0
2025-10-03T23:15:48,0.0,15400.66796875,5.7,4.0
2025-10-03T23:15:49,0.0,15400.66796875,5.8,4.0
2025-10-03T23:15:50,0.0,15400.66796875,5.8,4.0
2025-10-03T23:15:51,0.0,15400.66796875,5.7,4.0
2025-10-03T23:15:52,0.0,15400.66796875,5.8,4.0
2025-10-03T23:15:53,1.0,15400.66796875,5.8,4.0
2025-10-03T23:15:54,0.0,15400.66796875,5.7,4.0
2025-10-03T23:15:55,0.0,15400.66796875,5.8,4.0
2025-10-03T23:15:56,0.0,15400.66796875,5.8,4.0
2025-10-03T23:15:57,0.0,15400.66796875,5.7,4.0
2025-10-03T23:15:58,0.0,15400.66796875,5.9,4.0
2025-10-03T23:15:59,0.0,15400.66796875,5.8,4.0
2025-10-03T23:16:00,1.0,15400.66796875,5.7,4.0
2025-10-03T23:16:01,1.0,15400.66796875,5.8,4.0
2025-10-03T23:16:02,1.0,15400.66796875,5.8,4.0
2025-10-03T23:16:03,0.0,15400.66796875,5.7,4.0
2025-10-03T23:16:04,1.0,15400.66796875,5.8,4.0
2025-10-03T23:16:05,1.0,15400.66796875,5.8,4.0
2025-10-03T23:16:06,57.0,15394.18359375,6.3,4.0
2025-10-03T23:16:07,0.0,15394.18359375,5.9,4.0
2025-10-03T23:16:08,0.0,15394.18359375,5.8,4.0
2025-10-03T23:16:09,0.0,15394.18359375,5.8,4.0
2025-10-03T23:16:10,0.0,15394.18359375,5.7,4.0
2025-10-03T23:16:11,3.0,15394.18359375,5.8,4.0
2025-10-03T23:16:12,11.0,15394.18359375,6.0,4.0
2025-10-03T23:16:13,9.0,15394.18359375,6.0,4.0
2025-10-03T23:16:14,3.0,15394.18359375,5.9,4.0
2025-10-03T23:16:15,1.0,15394.18359375,5.8,4.0
2025-10-03T23:16:16,1.0,15394.18359375,5.8,4.0
2025-10-03T23:16:17,1.0,15394.18359375,5.8,4.0
2025-10-03T23:16:18,4.0,15394.18359375,6.0,4.0
2025-10-03T23:16:19,5.0,15394.18359375,5.9,4.0
2025-10-03T23:16:20,3.0,15394.18359375,5.8,4.0
2025-10-03T23:16:21,1.0,15394.18359375,5.8,4.0
2025-10-03T23:16:22,2.0,15394.18359375,5.7,4.0
2025-10-03T23:16:23,3.0,15394.18359375,5.8,4.0
2025-10-03T23:16:24,4.0,15394.18359375,5.8,4.0
2025-10-03T23:16:25,57.3,15468.81640625,6.1,4.0
2025-10-03T23:16:26,38.5,15467.21484375,6.2,4.0
2025-10-03T23:16:27,0.0,15467.21484375,5.8,4.0
2025-10-03T23:16:28,1.0,15467.21484375,5.7,4.0
2025-10-03T23:16:29,0.0,15467.21484375,5.7,4.0
2025-10-03T23:16:30,0.0,15467.21484375,5.8,4.0
2025-10-03T23:16:31,0.0,15467.21484375,5.8,4.0
2025-10-03T23:16:32,0.0,15467.21484375,5.7,4.0
2025-10-03T23:16:33,0.0,15467.21484375,5.8,4.0
2025-10-03T23:16:34,0.0,15467.21484375,5.8,4.0
2025-10-03T23:16:35,31.4,15481.11328125,6.0,4.0
2025-10-03T23:16:36,2.0,15481.11328125,6.6,4.0
2025-10-03T23:16:37,0.0,15481.11328125,5.8,4.0
2025-10-03T23:16:38,0.0,15481.11328125,5.7,4.0
2025-10-03T23:16:39,0.0,15481.11328125,5.8,4.0
2025-10-03T23:16:40,0.0,15481.11328125,5.8,4.0
2025-10-03T23:16:41,0.0,15481.11328125,5.7,4.0
2025-10-03T23:16:42,0.0,15481.11328125,5.8,4.0
2025-10-03T23:16:43,0.0,15481.11328125,5.7,4.0
2025-10-03T23:16:44,0.0,15481.11328125,5.7,4.0
2025-10-03T23:16:45,0.0,15481.11328125,5.8,4.0
2025-10-03T23:16:46,0.0,15481.11328125,5.8,4.0
2025-10-03T23:16:47,0.0,15481.11328125,5.7,4.0
2025-10-03T23:16:48,1.0,15481.11328125,5.8,4.0
2025-10-03T23:16:49,1.0,15481.11328125,5.9,4.0
2025-10-03T23:16:50,2.0,15481.11328125,5.8,4.0
2025-10-03T23:16:51,2.0,15481.11328125,5.8,4.0
2025-10-03T23:16:52,2.0,15481.11328125,5.8,4.0
2025-10-03T23:16:53,3.0,15481.11328125,5.8,4.0
2025-10-03T23:16:54,1.0,15481.11328125,5.8,4.0
2025-10-03T23:16:55,2.0,15481.11328125,5.8,4.0
2025-10-03T23:16:56,1.0,15481.11328125,5.8,4.0
2025-10-03T23:16:57,1.0,15481.11328125,5.7,4.0
2025-10-03T23:16:58,39.0,15479.75390625,6.8,4.0
2025-10-03T23:16:59,0.0,15479.75390625,6.0,4.0
2025-10-03T23:17:00,0.0,15479.75390625,5.7,4.0
2025-10-03T23:17:01,0.0,15479.75390625,5.8,4.0
2025-10-03T23:17:02,0.0,15479.75390625,5.8,4.0
2025-10-03T23:17:03,0.0,15479.75390625,5.7,4.0
2025-10-03T23:17:04,0.0,15479.75390625,5.8,4.0
2025-10-03T23:17:05,0.0,15479.75390625,5.8,4.0
2025-10-03T23:17:06,1.0,15479.75390625,5.7,4.0
2025-10-03T23:17:07,0.0,15479.75390625,5.8,4.0
2025-10-03T23:17:08,0.0,15479.75390625,5.8,4.0
2025-10-03T23:17:09,6.0,15479.75390625,5.8,4.0
2025-10-03T23:17:10,3.0,15479.75390625,5.8,4.0
2025-10-03T23:17:11,1.0,15479.75390625,5.8,4.0
2025-10-03T23:17:12,2.0,15479.75390625,5.7,4.0
2025-10-03T23:17:13,25.9,15449.21484375,5.9,4.0
2025-10-03T23:17:14,9.0,15449.21484375,5.8,4.0
2025-10-03T23:17:15,0.0,15449.21484375,5.7,4.0
2025-10-03T23:17:16,0.0,15449.21484375,5.8,4.0
2025-10-03T23:17:17,0.0,15449.21484375,5.8,4.0
2025-10-03T23:17:18,0.0,15449.21484375,5.8,4.0
2025-10-03T23:17:19,0.0,15449.21484375,5.8,4.0
2025-10-03T23:17:20,0.0,15449.21484375,5.8,4.0
2025-10-03T23:17:21,0.0,15449.21484375,5.8,4.0
2025-10-03T23:17:22,0.0,15449.21484375,5.7,4.0
2025-10-03T23:17:23,0.0,15449.21484375,5.8,4.0
